wallet,timing_class,first_buy_ts,first_buy_utc,first_buy_days_before_migration,last_buy_ts,last_buy_utc,last_buy_minutes_before_migration,buy_count_prebond,sell_count_prebond,buy_tokens_prebond,sell_tokens_prebond,net_tokens_prebond,buy_sol_prebond,sell_sol_prebond,buy_usd_prebond,sell_usd_prebond,maker_tags,maker_token_tags,maker_event_tags,gmgn_total_trade_snapshot,gmgn_realized_profit_snapshot,gmgn_unrealized_profit_snapshot,buy_sol_7d,buy_tokens_7d,net_tokens_7d,buy_count_7d,buy_sol_24h,buy_tokens_24h,net_tokens_24h,buy_count_24h,buy_sol_6h,buy_tokens_6h,net_tokens_6h,buy_count_6h,buy_sol_1h,buy_tokens_1h,net_tokens_1h,buy_count_1h,buy_sol_30m,buy_tokens_30m,net_tokens_30m,buy_count_30m,buy_sol_10m,buy_tokens_10m,net_tokens_10m,buy_count_10m,launch_bundle,late_signal_score,currently_top_holder,holder_token_account,holder_rank,holder_addr_type,holder_exchange,holder_current_balance,holder_current_supply_pct,holder_current_usd_value,holder_start_holding_ts,holder_start_holding_utc,holder_start_minutes_before_migration,holder_holder_timing_class,holder_is_on_curve,holder_is_new,holder_is_suspicious,holder_transfer_in,holder_buy_volume_cur,holder_buy_amount_cur,holder_sell_volume_cur,holder_sell_amount_cur,holder_buy_tx_count_cur,holder_sell_tx_count_cur,holder_history_bought_cost,holder_history_sold_income,holder_profit,holder_profit_change,holder_realized_profit,holder_unrealized_profit,holder_avg_cost,holder_avg_sold,holder_native_funder,holder_native_funding_amount,holder_native_funding_ts,holder_native_funding_utc,holder_native_funding_tx,holder_token_transfer_type,holder_tags,holder_maker_token_tags,holder_gmgn_name,holder_gmgn_twitter_username,holder_wallet_created_ts,holder_wallet_created_utc
EDXHdSFdadFbYFFjxPXBqMe1kCEDFqpPu552uvp48HR8,hour-before,1787262453,2026-08-20T21:47:33+00:00,0.03493,1787264914,2026-08-20T22:28:34+00:00,9.283,21,3,67058215.220827,42374364.342784,24683850.878042996,10.909296652,6.188840311,954.61029733139,541.70544076798,"axiom,gmgn,launchpad_smart,padre","bundler,top_holder",,31,1819.933004502729,0.0,10.909296652,67058215.220827,24683850.878042996,21,10.909296652,67058215.220827,24683850.878042996,21,10.909296652,67058215.220827,24683850.878042996,21,10.909296652,67058215.220827,24683850.878042996,21,7.1527727919999995,32651276.563209,6922082.135959003,9,0.019555554,70270.550289,70270.550289,2,False,362.969824860043,False,,,,,,,,,,,,,,,,,,,,,,,,,,,,,,,,,,,,,,,,,
J9kq1ZG94X4ujaWeodSLK8Cv5fjQRAU27zeT5SiC74cP,final-ten-minutes,1787264943,2026-08-20T22:29:03+00:00,0.00611,1787265399,2026-08-20T22:36:39+00:00,1.2,2,1,27120529.583457,15099216.13328,12021313.450177,9.032796116,4.344482443,789.4661887372799,379.7077655182,,,,38,-292.33634723178477,0.0,9.032796116,27120529.583457,12021313.450177,2,9.032796116,27120529.583457,12021313.450177,2,9.032796116,27120529.583457,12021313.450177,2,9.032796116,27120529.583457,12021313.450177,2,9.032796116,27120529.583457,12021313.450177,2,9.032796116,27120529.583457,12021313.450177,2,False,337.201973626177,False,,,,,,,,,,,,,,,,,,,,,,,,,,,,,,,,,,,,,,,,,
92cwTJoGDFKSnp6Zr2taFr3sFWqs8jRvtU73qbut2win,hour-before,1787262484,2026-08-20T21:48:04+00:00,0.03457,1787262484,2026-08-20T21:48:04+00:00,49.783,1,3,65236383.126305,65236383.126305,0.0,8.888888888,8.946601517,778.31111103328,783.30976370159,"axiom,smart_degen",top_holder,,4,-19.95179971062,0.0,8.888888888,65236383.126305,0.0,1,8.888888888,65236383.126305,0.0,1,8.888888888,65236383.126305,0.0,1,8.888888888,65236383.126305,0.0,1,0,0,0,0,0,0,0,0,False,275.555555528,False,,,,,,,,,,,,,,,,,,,,,,,,,,,,,,,,,,,,,,,,,
ArhaoyHT6D7PsumcAN7uPNg5cocAyEjhufs5uHnJvyuS,final-ten-minutes,1787265393,2026-08-20T22:36:33+00:00,0.0009,1787265393,2026-08-20T22:36:33+00:00,1.3,1,0,16294208.219973,0,16294208.219973,5.625973899,0,491.48507981664,0,fomo,,,72,7813.173615594882,0.0,5.625973899,16294208.219973,16294208.219973,1,5.625973899,16294208.219973,16294208.219973,1,5.625973899,16294208.219973,16294208.219973,1,5.625973899,16294208.219973,16294208.219973,1,5.625973899,16294208.219973,16294208.219973,1,5.625973899,16294208.219973,16294208.219973,1,False,218.82926858397298,True,4VgtwTWAXRpPDrSRi4XXoEQwTtjd4f6YYLJE8VMf75JF,TOP8,0,,19551338.013554,2.0184175016228023,2661.8751768425896,1787265393,2026-08-20T22:36:33+00:00,1.3,final-ten-minutes,True,False,False,False,4380.57262157655,30057117.093541,8109.40024566863,7709545.96215,49,23,4380.57262157655,8109.40024566863,6886.688939848636,1.5612583019814135,7813.173615594882,-926.4846757462456,0.0001457416094811666,0.0010518648290679781,C7yjbE4mXGETVbU4juNt4whVD8joyvbLPnkQqrD13CpX,0.05,1786255991,2026-08-09T06:13:11+00:00,5M5uRLiC86YgU5jZZq46gvr49MMUfKkNoicWmVN8K53jQJDPoqwrdhzE7JPbRKZFULAcPKZp7nBeWrhNnYy9eGLJ,buy,fomo,"bundler,top_holder",,,1786255991,2026-08-09T06:13:11+00:00
2yC9KPPZpVTJkGjLYYsAtk1MeN6bd11ZAvzum5jJwAYf,final-ten-minutes,1787264874,2026-08-20T22:27:54+00:00,0.00691,1787265201,2026-08-20T22:33:21+00:00,4.5,5,1,22064940.800521,22064940.800521,0.0,5.968285934,5.684668527,521.86204551387,496.8400292598,axiom,top_holder,,31,-51.18239501853,0.0,5.968285934,22064940.800521,0.0,5,5.968285934,22064940.800521,0.0,5,5.968285934,22064940.800521,0.0,5,5.968285934,22064940.800521,0.0,5,5.968285934,22064940.800521,0.0,5,5.968285934,22064940.800521,0.0,5,False,214.85829362399997,False,,,,,,,,,,,,,,,,,,,,,,,,,,,,,,,,,,,,,,,,,
5qWge4zUyQenk53EhAAQ5yP4LWxuvdqJpRBZZbGd4tv9,hour-before,1787264830,2026-08-20T22:27:10+00:00,0.00742,1787264841,2026-08-20T22:27:21+00:00,10.5,2,0,30910664.960771002,0,30910664.960771002,5.633501783,0,492.78381303711,0,"fomo,kol",top_holder,,199,26227.191375083312,0.0,5.633501783,30910664.960771002,30910664.960771002,2,5.633501783,30910664.960771002,30910664.960771002,2,5.633501783,30910664.960771002,30910664.960771002,2,5.633501783,30910664.960771002,30910664.960771002,2,5.633501783,30910664.960771002,30910664.960771002,2,0,0,0,0,False,205.549220233771,True,BvoYwBPTtafZMXSDnVPCo2XYQf4BMY2hqw2f9tugxReh,TOP3,0,,23692762.188504,2.4459648659294233,3225.7217125851985,1787753495,2026-08-26T14:11:35+00:00,-8133.733,post-migration,True,False,False,False,37734.45665904106,151098598.313598,60704.45430804665,127404693.055763,118,81,37734.45665904106,60704.45430804665,25824.915785421814,0.6777184512672696,26227.191375083312,-402.27558966149945,0.00024973399541883886,0.0004764695306905003,Fw5W9wUBcS1XT8pQWk4FWnmxS3skLgXcvCoWR5m1tHe6,0.5,1761188088,2025-10-23T02:54:48+00:00,5TcmTgaJ958eMbkqr9i4AcwEQ25YSoV5pqurXqJhzQ6u7EnFFi6novQBAt7Cw3wfRoxVK1qvRLbs9k3zHLrwBdMZ,buy,"fomo,kol","bundler,top_holder",Mystayor 兽 💹🧲,mystayor,1761188112,2025-10-23T02:55:12+00:00
GKAyb1Jox3qzjn3EHed83x9fZM8QcVZ2gV6aYCgr7PNs,final-ten-minutes,1787264906,2026-08-20T22:28:26+00:00,0.00654,1787265219,2026-08-20T22:33:39+00:00,4.2,3,1,20166166.666158002,20166166.666158,3.725290298461914e-09,5.611806166,4.625354529,490.60685983512,404.30223937989,fomo,sniper,,19,3286.98735018129,0.0,5.611806166,20166166.666158002,3.725290298461914e-09,3,5.611806166,20166166.666158002,3.725290298461914e-09,3,5.611806166,20166166.666158002,3.725290298461914e-09,3,5.611806166,20166166.666158002,3.725290298461914e-09,3,5.611806166,20166166.666158002,3.725290298461914e-09,3,5.611806166,20166166.666158002,3.725290298461914e-09,3,False,202.025021976,False,,,,,,,,,,,,,,,,,,,,,,,,,,,,,,,,,,,,,,,,,
5ih6q7x839yQR18UvgsyB7n23i4he4wyEzsD3TSu6tr3,hour-before,1787262914,2026-08-20T21:55:14+00:00,0.02959,1787263564,2026-08-20T22:06:04+00:00,31.783,3,1,34679481.925666004,3467948.192566,31211533.733100004,4.888888887,0.732646725,427.66044427926,64.02599729775,"axiom,fresh_wallet","bundler,top_holder",,91,19297.17247981568,0.0,4.888888887,34679481.925666004,31211533.733100004,3,4.888888887,34679481.925666004,31211533.733100004,3,4.888888887,34679481.925666004,31211533.733100004,3,4.888888887,34679481.925666004,31211533.733100004,3,0,0,0,0,0,0,0,0,False,182.7670892301,False,,,,,,,,,,,,,,,,,,,,,,,,,,,,,,,,,,,,,,,,,
HX8jXnkcQW3KaEtQHeXmwZKfZbUtbN8JUaydG5jscw5V,final-ten-minutes,1787264986,2026-08-20T22:29:46+00:00,0.00561,1787264986,2026-08-20T22:29:46+00:00,8.083,1,0,12021519.203546,0,12021519.203546,3.683950617,0,322.12464195048,0,,,,42,14916.28444541686,0.0,3.683950617,12021519.203546,12021519.203546,1,3.683950617,12021519.203546,12021519.203546,1,3.683950617,12021519.203546,12021519.203546,1,3.683950617,12021519.203546,12021519.203546,1,3.683950617,12021519.203546,12021519.203546,1,3.683950617,12021519.203546,12021519.203546,1,False,144.643741415546,True,2LPT9wjCfpBSn2iRgTXWvTqa4yqH5wdRtTw8adLJPUiX,TOP89,0,,1856766.922192,0.1916866686867424,252.79506578725798,1787264986,2026-08-20T22:29:46+00:00,8.083,final-ten-minutes,True,False,False,False,6192.29259237873,31747994.503062,20890.78410095414,29891227.58087,17,25,6192.29259237873,20890.78410095414,14942.727067806049,2.4097860792989447,14916.28444541686,26.442622389187477,0.00019504515763291762,0.0006988934811872355,F7p3dFrjRTbtRp8FRF6qHLomXbKRBzpvBLjtQcfcgmNe,1.715143796,1785055443,2026-07-26T08:44:03+00:00,2qXQrD5WqDnTEPRP4WuJpXLEvdB9C5AY6jCbwiRE5hap4jgEB37F2V1g4Y3tuW8eTENVqc8Cj39dLj4pGjb5UC4U,buy,,,,,1785055443,2026-07-26T08:44:03+00:00
B5WUg5p3VZGgEcjxWbLE8Ncsp2ZbVK1dmRDVP1xRgfLv,hour-before,1787262493,2026-08-20T21:48:13+00:00,0.03447,1787262494,2026-08-20T21:48:14+00:00,49.617,2,1,31176115.750192,31176115.750192,0.0,4.488888886,4.029974823,393.02716024089,352.78399600542,"padre,paper_hands","bundler,top_holder",,41,2891.53540132422,0.0,4.488888886,31176115.750192,0.0,2,4.488888886,31176115.750192,0.0,2,4.488888886,31176115.750192,0.0,2,4.488888886,31176115.750192,0.0,2,0,0,0,0,0,0,0,0,False,139.155555466,False,,,,,,,,,,,,,,,,,,,,,,,,,,,,,,,,,,,,,,,,,
CJ7yAUC3Tf52WGrH8LvHzcnib6hGfmU9XDgGni7RDKZu,hour-before,1787262098,2026-08-20T21:41:38+00:00,0.03904,1787263273,2026-08-20T22:01:13+00:00,36.633,2,2,33428621.283481,33428621.283481,0.0,4.488365536,4.435709633,392.88873921326,388.20018119105,"fomo,fresh_wallet,paper_hands",top_holder,,7,-28.61832497022,0.0,4.488365536,33428621.283481,0.0,2,4.488365536,33428621.283481,0.0,2,4.488365536,33428621.283481,0.0,2,4.488365536,33428621.283481,0.0,2,0,0,0,0,0,0,0,0,False,139.139331616,False,,,,,,,,,,,,,,,,,,,,,,,,,,,,,,,,,,,,,,,,,
Hq6dfbewnAKiLdjtr8x2kzPj6bDEABmtPmQSV7uUHTF4,hour-before,1787262493,2026-08-20T21:48:13+00:00,0.03447,1787262494,2026-08-20T21:48:14+00:00,49.617,2,1,32713676.008112,32713676.008112,0.0,4.399999998,3.735322667,385.24444426933,326.99014626918,"padre,paper_hands","bundler,top_holder",,41,2887.02848650766,0.0,4.399999998,32713676.008112,0.0,2,4.399999998,32713676.008112,0.0,2,4.399999998,32713676.008112,0.0,2,4.399999998,32713676.008112,0.0,2,0,0,0,0,0,0,0,0,False,136.399999938,False,,,,,,,,,,,,,,,,,,,,,,,,,,,,,,,,,,,,,,,,,
86ugEi2Fo5oZCHVHc9MzMDk7Tht8bzni694qpk3G5t95,six-hours-before,1787254913,2026-08-20T19:41:53+00:00,0.1222,1787265352,2026-08-20T22:35:52+00:00,1.983,8,8,41637203.057683,41637203.057683,0.0,4.345679008,5.120852935,380.13283912604004,447.77264633987,paper_hands,bundler,,16,58.78672242999,0.0,4.345679008,41637203.057683,0.0,8,4.345679008,41637203.057683,0.0,8,4.345679008,41637203.057683,0.0,8,3.802469132,31223876.258463,0.0,7,1.086419752,5038142.640524,0.0,2,0.543209876,1994138.370071,0.0,1,False,133.62962949599998,False,,,,,,,,,,,,,,,,,,,,,,,,,,,,,,,,,,,,,,,,,
4GjtX5WVWj7qYZnbWLxs2KbECc1HkjMuCenoQKhv9cod,hour-before,1787262475,2026-08-20T21:47:55+00:00,0.03468,1787264679,2026-08-20T22:24:39+00:00,13.2,3,2,23941819.572414,23914362.961768,27456.61064599827,4.3067772,4.042668623,376.64763158799997,353.75780264647,"axiom,paper_hands",bundler,,5,-29.696843259393514,0.0,4.3067772,23941819.572414,27456.61064599827,3,4.3067772,23941819.572414,27456.61064599827,3,4.3067772,23941819.572414,27456.61064599827,3,4.3067772,23941819.572414,27456.61064599827,3,3.426782758,16684607.938352,27456.610646000132,2,0,0,0,0,False,133.537549810646,False,,,,,,,,,,,,,,,,,,,,,,,,,,,,,,,,,,,,,,,,,
5fpMENGLAt8WGSaUd8ZfLjpSr37ibRaAAtzXK7oQNXc4,hour-before,1787262124,2026-08-20T21:42:04+00:00,0.03874,1787262782,2026-08-20T21:53:02+00:00,44.817,4,3,36595957.006155,36595957.006155,0.0,3.934814808,4.833439661,344.48319940338,422.99574980675,,,,35,13.860414878227838,0.0,3.934814808,36595957.006155,0.0,4,3.934814808,36595957.006155,0.0,4,3.934814808,36595957.006155,0.0,4,3.934814808,36595957.006155,0.0,4,0,0,0,0,0,0,0,0,False,121.979259048,False,,,,,,,,,,,,,,,,,,,,,,,,,,,,,,,,,,,,,,,,,
56S29mZ3wqvw8hATuUUFqKhGcSGYFASRRFNT38W8q7G3,old-holder,1783801601,2026-07-11T20:26:41+00:00,40.09109,1787265352,2026-08-20T22:35:52+00:00,1.983,9,8,31515865.831505,29099957.677372,2415908.1541329995,3.76995633,3.181814206,328.65386942255,277.37164254002,paper_hands,"bundler,top_holder",,22,112.43677411164,0.0,3.631152487,27443315.127685,2415908.1541329995,8,3.631152487,27443315.127685,2415908.1541329995,8,3.631152487,27443315.127685,2415908.1541329995,8,3.631152487,27443315.127685,2415908.1541329995,8,0.66662869,2415908.154133,2415908.154133,1,0.66662869,2415908.154133,2415908.154133,1,False,118.31477870113301,False,,,,,,,,,,,,,,,,,,,,,,,,,,,,,,,,,,,,,,,,,
5PE3gSfywhfjq5u5SHf6G3XRNeWkqoy6URZYSRCsXwEf,hour-before,1787262453,2026-08-20T21:47:33+00:00,0.03493,1787262958,2026-08-20T21:55:58+00:00,41.883,12,2,31861514.447706,31861514.447706,0.0,3.655031694,4.214166071999999,319.95911274476,368.89171889547004,"axiom,padre",bundler,,14,42.07898209632,0.0,3.655031694,31861514.447706,0.0,12,3.655031694,31861514.447706,0.0,12,3.655031694,31861514.447706,0.0,12,3.655031694,31861514.447706,0.0,12,0,0,-14682876.158095,0,0,0,0,0,False,113.305982514,False,,,,,,,,,,,,,,,,,,,,,,,,,,,,,,,,,,,,,,,,,
H34MBxvixhy2gK8VqkSoQz8bdhhQU3yVQoa7YALYN2Qj,hour-before,1787264859,2026-08-20T22:27:39+00:00,0.00708,1787265362,2026-08-20T22:36:02+00:00,1.817,4,0,11415200.528781,0,11415200.528781,2.80918518,0,245.67310078113002,0,,,,13,4470.41379358843,0.0,2.80918518,11415200.528781,11415200.528781,4,2.80918518,11415200.528781,11415200.528781,4,2.80918518,11415200.528781,11415200.528781,4,2.80918518,11415200.528781,11415200.528781,4,2.80918518,11415200.528781,11415200.528781,4,1.971358021,7239899.614193,7239899.614193,3,False,108.356731213781,False,,,,,,,,,,,,,,,,,,,,,,,,,,,,,,,,,,,,,,,,,
FEDd9XS1emSFcZvfzhMQCGXa4E7WGZGxex4kgBCp8hMT,final-ten-minutes,1787265352,2026-08-20T22:35:52+00:00,0.00138,1787265352,2026-08-20T22:35:52+00:00,1.983,1,0,11056043.477605,0,11056043.477605,2.614355978,0,228.52085603698,0,"axiom,photon",bundler,,15,2904.28434070188,0.0,2.614355978,11056043.477605,11056043.477605,1,2.614355978,11056043.477605,11056043.477605,1,2.614355978,11056043.477605,11056043.477605,1,2.614355978,11056043.477605,11056043.477605,1,2.614355978,11056043.477605,11056043.477605,1,2.614355978,11056043.477605,11056043.477605,1,False,105.17285868560501,False,,,,,,,,,,,,,,,,,,,,,,,,,,,,,,,,,,,,,,,,,
64MgDhEQzeoDrRSQ517LaamAFEWvrcxUTQrSXbEZS77L,hour-before,1787262092,2026-08-20T21:41:32+00:00,0.03911,1787262092,2026-08-20T21:41:32+00:00,56.317,1,4,52950673.682369,40237216.931231,12713456.751138002,2.962962962,5.55386612,259.43703695272,486.17579665695996,fresh_wallet,"bundler,top_holder",,11,2997.04237769963,0.0,2.962962962,52950673.682369,12713456.751138002,1,2.962962962,52950673.682369,12713456.751138002,1,2.962962962,52950673.682369,12713456.751138002,1,2.962962962,52950673.682369,12713456.751138002,1,0,0,-5448624.321916,0,0,0,-5448624.321916,0,False,104.565308573138,False,,,,,,,,,,,,,,,,,,,,,,,,,,,,,,,,,,,,,,,,,
3K9qBVKVuafg65YFtnAaTgcL86bnnoi96tugNSzgizXB,final-ten-minutes,1787265352,2026-08-20T22:35:52+00:00,0.00138,1787265352,2026-08-20T22:35:52+00:00,1.983,1,0,9903176.250884,0,9903176.250884,2.480560651,0,216.82580650391,0,"axiom,photon",bundler,,4,1036.5027536695,0.0,2.480560651,9903176.250884,9903176.250884,1,2.480560651,9903176.250884,9903176.250884,1,2.480560651,9903176.250884,9903176.250884,1,2.480560651,9903176.250884,9903176.250884,1,2.480560651,9903176.250884,9903176.250884,1,2.480560651,9903176.250884,9903176.250884,1,False,99.20335968688399,False,,,,,,,,,,,,,,,,,,,,,,,,,,,,,,,,,,,,,,,,,
7obWefa4XK7KPZuLKia3zLHjGBkXwuMSRdaGNtZCcbyx,final-ten-minutes,1787265352,2026-08-20T22:35:52+00:00,0.00138,1787265352,2026-08-20T22:35:52+00:00,1.983,1,0,10317912.543903,0,10317912.543903,2.304309868,0,201.41972556188,0,"axiom,photon",bundler,,17,8963.97190017983,0.0,2.304309868,10317912.543903,10317912.543903,1,2.304309868,10317912.543903,10317912.543903,1,2.304309868,10317912.543903,10317912.543903,1,2.304309868,10317912.543903,10317912.543903,1,2.304309868,10317912.543903,10317912.543903,1,2.304309868,10317912.543903,10317912.543903,1,False,93.27306779190299,False,,,,,,,,,,,,,,,,,,,,,,,,,,,,,,,,,,,,,,,,,
Gmh3Wt423pU6GsS3FQyZjknifnAFW7g3J8HhbF2TrbZL,final-ten-minutes,1787265352,2026-08-20T22:35:52+00:00,0.00138,1787265463,2026-08-20T22:37:43+00:00,0.133,2,0,8836040.393887,0,8836040.393887,2.336637878,0,204.24493294744,0,"axiom,photon","bundler,sniper",,18,7597.67844291835,0.0,2.336637878,8836040.393887,8836040.393887,2,2.336637878,8836040.393887,8836040.393887,2,2.336637878,8836040.393887,8836040.393887,2,2.336637878,8836040.393887,8836040.393887,2,2.336637878,8836040.393887,8836040.393887,2,2.336637878,8836040.393887,8836040.393887,2,False,92.95500400188699,False,,,,,,,,,,,,,,,,,,,,,,,,,,,,,,,,,,,,,,,,,
BpkUrCNKAiiSx9m5jnUCTEQsqPnftGVwzNA6tP4YQU97,hour-before,1787262460,2026-08-20T21:47:40+00:00,0.03485,1787262748,2026-08-20T21:52:28+00:00,45.383,4,0,19952238.362974,0,19952238.362974,2.199999997,0,192.62955529287999,0,axiom,top_holder,,13,1417.27085149649,0.0,2.199999997,19952238.362974,19952238.362974,4,2.199999997,19952238.362974,19952238.362974,4,2.199999997,19952238.362974,19952238.362974,4,2.199999997,19952238.362974,19952238.362974,4,0,0,0,0,0,0,0,0,False,88.152238269974,False,,,,,,,,,,,,,,,,,,,,,,,,,,,,,,,,,,,,,,,,,
9GBsoKrngqmLcqf6ELncpEjVxAgGoaseuDBhVZrmtJer,hour-before,1787263260,2026-08-20T22:01:00+00:00,0.02559,1787263260,2026-08-20T22:01:00+00:00,36.85,1,0,12384851.367136,0,12384851.367136,2.363736216,0,206.80328153784,0,axiom,bundler,,16,1595.5887005743,0.0,2.363736216,12384851.367136,12384851.367136,1,2.363736216,12384851.367136,12384851.367136,1,2.363736216,12384851.367136,12384851.367136,1,2.363736216,12384851.367136,12384851.367136,1,0,0,0,0,0,0,0,0,False,85.660674063136,False,,,,,,,,,,,,,,,,,,,,,,,,,,,,,,,,,,,,,,,,,
AxMr1cc8isyM8pqje4nMejyM6karHqfnUxChX98GpReU,hour-before,1787262769,2026-08-20T21:52:49+00:00,0.03127,1787262848,2026-08-20T21:54:08+00:00,43.717,2,11,27051194.548446998,27051194.548447,-3.725290298461914e-09,2.737777777,5.242268935,239.68071104301998,457.89613345503,axiom,top_holder,,13,210.80930724563,0.0,2.737777777,27051194.548446998,-3.725290298461914e-09,2,2.737777777,27051194.548446998,-3.725290298461914e-09,2,2.737777777,27051194.548446998,-3.725290298461914e-09,2,2.737777777,27051194.548446998,-3.725290298461914e-09,2,0,0,0,0,0,0,0,0,False,84.871111087,False,,,,,,,,,,,,,,,,,,,,,,,,,,,,,,,,,,,,,,,,,
Dwgo19EJxs5GeJ5DQQ31ZmTnuF4HiWsiPNA3u86Mwcyo,hour-before,1787262867,2026-08-20T21:54:27+00:00,0.03014,1787264731,2026-08-20T22:25:31+00:00,12.333,3,3,17471595.462972,10949594.861739,6522000.601233,2.5000000030000002,2.367074005,218.78000026244,206.84118073365,"axiom,trojan",,,21,2861.43582116652,0.0,2.5000000030000002,17471595.462972,6522000.601233,3,2.5000000030000002,17471595.462972,6522000.601233,3,2.5000000030000002,17471595.462972,6522000.601233,3,2.5000000030000002,17471595.462972,6522000.601233,3,1.000000001,6110803.225859,-4838791.63588,1,0,0,-2661328.885154,0,False,84.02200069423301,False,,,,,,,,,,,,,,,,,,,,,,,,,,,,,,,,,,,,,,,,,
7fnq9wNj5WoMxasNcWNWS88peQjdWb1m5k8qS7grxGt2,hour-before,1787262926,2026-08-20T21:55:26+00:00,0.02946,1787262926,2026-08-20T21:55:26+00:00,42.417,1,0,14906460.682802,0,14906460.682802,2.131860088,0,186.49512049824,0,"axiom,smart_degen",bundler,,42,3206.12773007441,0.0,2.131860088,14906460.682802,14906460.682802,1,2.131860088,14906460.682802,14906460.682802,1,2.131860088,14906460.682802,14906460.682802,1,2.131860088,14906460.682802,14906460.682802,1,0,0,0,0,0,0,0,0,False,80.99412341080199,False,,,,,,,,,,,,,,,,,,,,,,,,,,,,,,,,,,,,,,,,,
8TuBoZZKRq3f97zpwVJnJK8Xg6fS3trDVoCTddcV49xC,hour-before,1787262390,2026-08-20T21:46:30+00:00,0.03566,1787265469,2026-08-20T22:37:49+00:00,0.033,3,2,13129301.460682001,9950170.244218,3179131.2164640017,2.199999999,3.961579616,192.33084435692,346.06357944531,"axiom,fresh_wallet","bundler,sniper",,17,2036.24565765906,0.0,2.199999999,13129301.460682001,3179131.2164640017,3,2.199999999,13129301.460682001,3179131.2164640017,3,2.199999999,13129301.460682001,3179131.2164640017,3,2.199999999,13129301.460682001,3179131.2164640017,3,1.271111111,3179131.216463,-6771039.027755,1,1.271111111,3179131.216463,-6771039.027755,1,False,77.734686740464,False,,,,,,,,,,,,,,,,,,,,,,,,,,,,,,,,,,,,,,,,,
2yavzzNeqWjtUBXYR7Fx8RhdbWNHDfRcRhx6VuexLFjT,final-ten-minutes,1787265377,2026-08-20T22:36:17+00:00,0.00109,1787265377,2026-08-20T22:36:17+00:00,1.567,1,0,6645118.768261,0,6645118.768261,1.971358023,0,172.2966912102,0,smart_degen,bundler,,27,10241.818002293709,0.0,1.971358023,6645118.768261,6645118.768261,1,1.971358023,6645118.768261,6645118.768261,1,1.971358023,6645118.768261,6645118.768261,1,1.971358023,6645118.768261,6645118.768261,1,1.971358023,6645118.768261,6645118.768261,1,1.971358023,6645118.768261,6645118.768261,1,False,77.61400759626099,False,,,,,,,,,,,,,,,,,,,,,,,,,,,,,,,,,,,,,,,,,
FGndJsY1WH2RrEYhRWoDGVSjGh5yWh5ZVRPjNx54uPc9,hour-before,1787263311,2026-08-20T22:01:51+00:00,0.025,1787263311,2026-08-20T22:01:51+00:00,36.0,1,1,12118696.919559,12118696.919559,0.0,2.499835522,4.229652921,218.66061310934,369.50247917856,,,,2,145.253673190395,0.0,2.499835522,12118696.919559,0.0,1,2.499835522,12118696.919559,0.0,1,2.499835522,12118696.919559,0.0,1,2.499835522,12118696.919559,0.0,1,0,0,-12118696.919559,0,0,0,-12118696.919559,0,False,77.494901182,False,,,,,,,,,,,,,,,,,,,,,,,,,,,,,,,,,,,,,,,,,
GWKMKpYoNfpFQbLuCgpRr24YXmyf35peSCNLzV6BKoLx,final-ten-minutes,1787265377,2026-08-20T22:36:17+00:00,0.00109,1787265411,2026-08-20T22:36:51+00:00,1.0,2,0,5915108.6698320005,0,5915108.6698320005,1.97530864,0,172.59259242000002,0,gmgn,bundler,,11,8506.62144550474,0.0,1.97530864,5915108.6698320005,5915108.6698320005,2,1.97530864,5915108.6698320005,5915108.6698320005,2,1.97530864,5915108.6698320005,5915108.6698320005,2,1.97530864,5915108.6698320005,5915108.6698320005,2,1.97530864,5915108.6698320005,5915108.6698320005,2,1.97530864,5915108.6698320005,5915108.6698320005,2,False,77.02621970983199,False,,,,,,,,,,,,,,,,,,,,,,,,,,,,,,,,,,,,,,,,,
5xVpr2eKDMPE5KxqmwnRguMGZn6wYNsVUP7v5Nsn9bGo,day-before,1787242538,2026-08-20T16:15:38+00:00,0.26543,1787265378,2026-08-20T22:36:18+00:00,1.55,2,0,27364055.428371,0,27364055.428371,1.906746655,0,166.42621702729002,0,axiom,"bundler,top_holder",,88,19840.16862635978,0.0,1.906746655,27364055.428371,27364055.428371,2,1.906746655,27364055.428371,27364055.428371,2,0.977777777,3074451.522354,3074451.522354,1,0.977777777,3074451.522354,3074451.522354,1,0.977777777,3074451.522354,3074451.522354,1,0.977777777,3074451.522354,3074451.522354,1,False,75.569619692371,False,,,,,,,,,,,,,,,,,,,,,,,,,,,,,,,,,,,,,,,,,
6rX1zH447srDinZGfXsyPdsccmZmVZNxAcQm8WHnmjgL,hour-before,1787263405,2026-08-20T22:03:25+00:00,0.02391,1787263405,2026-08-20T22:03:25+00:00,34.433,1,1,10052365.594261,10052365.594261,0.0,2.316490872,3.585976733,202.53079693896,313.27092739488,,,,2,105.83922086654,0.0,2.316490872,10052365.594261,0.0,1,2.316490872,10052365.594261,0.0,1,2.316490872,10052365.594261,0.0,1,2.316490872,10052365.594261,0.0,1,0,0,-10052365.594261,0,0,0,-10052365.594261,0,False,71.811217032,False,,,,,,,,,,,,,,,,,,,,,,,,,,,,,,,,,,,,,,,,,
2dqe7VxbsajyPU1nVAJhgQYC2yGGEZLJJwW2yeNCq9rt,hour-before,1787263260,2026-08-20T22:01:00+00:00,0.02559,1787263260,2026-08-20T22:01:00+00:00,36.85,1,0,10672239.174135,0,10672239.174135,1.846214855,0,161.52533766395,0,axiom,bundler,,13,927.80565418273,0.0,1.846214855,10672239.174135,10672239.174135,1,1.846214855,10672239.174135,10672239.174135,1,1.846214855,10672239.174135,10672239.174135,1,1.846214855,10672239.174135,10672239.174135,1,0,0,0,0,0,0,0,0,False,67.904899679135,False,,,,,,,,,,,,,,,,,,,,,,,,,,,,,,,,,,,,,,,,,
FZU56d9iPqohXM5XBrYYBZLi2UoUnZT4V5Qf2631tEzb,hour-before,1787262092,2026-08-20T21:41:32+00:00,0.03911,1787262092,2026-08-20T21:41:32+00:00,56.317,1,0,21213948.75544,0,21213948.75544,1.48148148,0,129.7185183888,0,"axiom,bullx,padre","bundler,top_holder",,14,10885.384829697376,0.0,1.48148148,21213948.75544,21213948.75544,1,1.48148148,21213948.75544,21213948.75544,1,1.48148148,21213948.75544,21213948.75544,1,1.48148148,21213948.75544,21213948.75544,1,0,0,0,0,0,0,0,0,False,67.13987463544001,False,,,,,,,,,,,,,,,,,,,,,,,,,,,,,,,,,,,,,,,,,
9G7Vq23iCSq2GmY94exbpzckbS4UDSPt3nTn98b72bxM,hour-before,1787262926,2026-08-20T21:55:26+00:00,0.02946,1787262926,2026-08-20T21:55:26+00:00,42.417,1,0,11752744.639655,0,11752744.639655,1.779251023,0,155.64887949204,0,"axiom,smart_degen",bundler,,42,2517.82306417869,0.0,1.779251023,11752744.639655,11752744.639655,1,1.779251023,11752744.639655,11752744.639655,1,1.779251023,11752744.639655,11752744.639655,1,1.779251023,11752744.639655,11752744.639655,1,0,0,0,0,0,0,0,0,False,66.909526352655,False,,,,,,,,,,,,,,,,,,,,,,,,,,,,,,,,,,,,,,,,,
5Qn8BSBuyopW4KLiwaauwotHbCViVuxLiZ6dRU6XJTm4,final-ten-minutes,1787265411,2026-08-20T22:36:51+00:00,0.00069,1787265411,2026-08-20T22:36:51+00:00,1.0,1,0,4808580.647619,0,4808580.647619,1.685445074,0,147.24048166464,0,fomo,,,18,5568.74882659236,0.0,1.685445074,4808580.647619,4808580.647619,1,1.685445074,4808580.647619,4808580.647619,1,1.685445074,4808580.647619,4808580.647619,1,1.685445074,4808580.647619,4808580.647619,1,1.685445074,4808580.647619,4808580.647619,1,1.685445074,4808580.647619,4808580.647619,1,False,65.484603311619,False,,,,,,,,,,,,,,,,,,,,,,,,,,,,,,,,,,,,,,,,,
7g1wYkndRzyGrjRjfHBPiENQCYhTJUJ7cwyDSxbE2sg6,final-ten-minutes,1787265430,2026-08-20T22:37:10+00:00,0.00047,1787265430,2026-08-20T22:37:10+00:00,0.683,1,0,4584966.735499,0,4584966.735499,1.681964525,0,146.9027816135,0,,,,14,5236.618346524461,0.0,1.681964525,4584966.735499,4584966.735499,1,1.681964525,4584966.735499,4584966.735499,1,1.681964525,4584966.735499,4584966.735499,1,1.681964525,4584966.735499,4584966.735499,1,1.681964525,4584966.735499,4584966.735499,1,1.681964525,4584966.735499,4584966.735499,1,False,65.13568963549899,False,,,,,,,,,,,,,,,,,,,,,,,,,,,,,,,,,,,,,,,,,
BArssVeh2wfRuLtH3LEZtdWnroS5dRuJNno9FMUCZtCK,final-ten-minutes,1787265452,2026-08-20T22:37:32+00:00,0.00022,1787265452,2026-08-20T22:37:32+00:00,0.317,1,0,4289476.215147,0,4289476.215147,1.685815519,0,147.25598558465,0,"fomo,fresh_wallet",,,6,512.46021459788,0.0,1.685815519,4289476.215147,4289476.215147,1,1.685815519,4289476.215147,4289476.215147,1,1.685815519,4289476.215147,4289476.215147,1,1.685815519,4289476.215147,4289476.215147,1,1.685815519,4289476.215147,4289476.215147,1,1.685815519,4289476.215147,4289476.215147,1,False,64.978834899147,False,,,,,,,,,,,,,,,,,,,,,,,,,,,,,,,,,,,,,,,,,
CXa2FT9Kc1n8aLZZq296XfcJXdh3yDVDNnsftKcXdDxo,hour-before,1787262955,2026-08-20T21:55:55+00:00,0.02912,1787263053,2026-08-20T21:57:33+00:00,40.3,2,3,12614284.772117,9350338.58733,3263946.1847869996,1.975308639,2.379897321,172.79506146813003,207.88010630872,gmgn,bundler,,21,555.9144500638,0.0,1.975308639,12614284.772117,3263946.1847869996,2,1.975308639,12614284.772117,3263946.1847869996,2,1.975308639,12614284.772117,3263946.1847869996,2,1.975308639,12614284.772117,3263946.1847869996,2,0,0,-3043196.201272,0,0,0,-3043196.201272,0,False,64.498513993787,False,,,,,,,,,,,,,,,,,,,,,,,,,,,,,,,,,,,,,,,,,
FT7zD6eqHfq5AN7L1m1Yxa5PZp4UJYR9KKwTJCpC3hgE,hour-before,1787262955,2026-08-20T21:55:55+00:00,0.02912,1787263053,2026-08-20T21:57:33+00:00,40.3,2,3,12187045.931141,9033647.796457,3153398.134684,1.975308639,2.258518672,172.79506146813003,197.27862490772,gmgn,bundler,,21,529.48277351485,0.0,1.975308639,12187045.931141,3153398.134684,2,1.975308639,12187045.931141,3153398.134684,2,1.975308639,12187045.931141,3153398.134684,2,1.975308639,12187045.931141,3153398.134684,2,0,0,-2940124.830887,0,0,0,-2940124.830887,0,False,64.38796594368401,False,,,,,,,,,,,,,,,,,,,,,,,,,,,,,,,,,,,,,,,,,
3NhNKXi1r4W6HCwbyNDY5WFHcgsboUbLjB13byb9gG2F,hour-before,1787262092,2026-08-20T21:41:32+00:00,0.03911,1787262092,2026-08-20T21:41:32+00:00,56.317,1,0,20790941.187287,0,20790941.187287,1.283950617,0,112.42271602452,0,,"bundler,top_holder",,24,2777.82660211253,0.0,1.283950617,20790941.187287,20790941.187287,1,1.283950617,20790941.187287,20790941.187287,1,1.283950617,20790941.187287,20790941.187287,1,1.283950617,20790941.187287,20790941.187287,1,0,0,0,0,0,0,0,0,False,60.593410314287,False,,,,,,,,,,,,,,,,,,,,,,,,,,,,,,,,,,,,,,,,,
2ce9tZ9h6oeuMpgNbGejRTCP7J7xGPkoRY3rLPvHPb9b,hour-before,1787263260,2026-08-20T22:01:00+00:00,0.02559,1787263260,2026-08-20T22:01:00+00:00,36.85,1,0,9142322.171724,0,9142322.171724,1.656715597,0,144.94604758153,0,axiom,bundler,,18,1726.19697346325,0.0,1.656715597,9142322.171724,9142322.171724,1,1.656715597,9142322.171724,9142322.171724,1,1.656715597,9142322.171724,9142322.171724,1,1.656715597,9142322.171724,9142322.171724,1,0,0,0,0,0,0,0,0,False,60.500505678724004,False,,,,,,,,,,,,,,,,,,,,,,,,,,,,,,,,,,,,,,,,,
5impjPp4Aj5Emr8LyrqZEGY7uNW9pMpBnfG5CaqvJrSe,final-ten-minutes,1787265417,2026-08-20T22:36:57+00:00,0.00063,1787265417,2026-08-20T22:36:57+00:00,0.9,1,0,4398333.261757,0,4398333.261757,1.496296296,0,130.7014814556,0,"axiom,padre,smart_degen",bundler,,11,133.21962752596,0.0,1.496296296,4398333.261757,4398333.261757,1,1.496296296,4398333.261757,4398333.261757,1,1.496296296,4398333.261757,4398333.261757,1,1.496296296,4398333.261757,4398333.261757,1,1.496296296,4398333.261757,4398333.261757,1,1.496296296,4398333.261757,4398333.261757,1,False,58.264999917757,False,,,,,,,,,,,,,,,,,,,,,,,,,,,,,,,,,,,,,,,,,
BdebBN3V55KzpWX7TTdPdYVzca132Z4UavWJFi1BaLsc,final-ten-minutes,1787265417,2026-08-20T22:36:57+00:00,0.00063,1787265417,2026-08-20T22:36:57+00:00,0.9,1,0,4191702.222542,0,4191702.222542,1.466666666,0,128.1133332751,0,"axiom,padre",bundler,,11,117.37962353668,0.0,1.466666666,4191702.222542,4191702.222542,1,1.466666666,4191702.222542,4191702.222542,1,1.466666666,4191702.222542,4191702.222542,1,1.466666666,4191702.222542,4191702.222542,1,1.466666666,4191702.222542,4191702.222542,1,1.466666666,4191702.222542,4191702.222542,1,False,56.991702198542,False,,,,,,,,,,,,,,,,,,,,,,,,,,,,,,,,,,,,,,,,,
36EHKsf4ceNaPo2kjWp5GXVncVGgS4nwmbkfVrJCFpUs,hour-before,1787262092,2026-08-20T21:41:32+00:00,0.03911,1787262092,2026-08-20T21:41:32+00:00,56.317,1,0,22008198.446277,0,22008198.446277,1.117181018,0,97.82036993608,0,"axiom,fomo","bundler,top_holder",,22,14202.95613741986,0.0,1.117181018,22008198.446277,22008198.446277,1,1.117181018,22008198.446277,22008198.446277,1,1.117181018,22008198.446277,22008198.446277,1,1.117181018,22008198.446277,22008198.446277,1,0,0,0,0,0,0,0,0,False,56.64081000427699,False,,,,,,,,,,,,,,,,,,,,,,,,,,,,,,,,,,,,,,,,,
3tgpbmw99da6WFPfPh7uRPMLpEhSjuj8JMRXrPD2wiYA,hour-before,1787262096,2026-08-20T21:41:36+00:00,0.03906,1787262144,2026-08-20T21:42:24+00:00,55.45,2,0,14538042.022454,0,14538042.022454,1.272506412,0,111.45274630728,0,axiom,bundler,,17,5481.26307574815,0.0,1.272506412,14538042.022454,14538042.022454,2,1.272506412,14538042.022454,14538042.022454,2,1.272506412,14538042.022454,14538042.022454,2,1.272506412,14538042.022454,14538042.022454,2,0,0,0,0,0,0,0,0,False,53.985740794453996,False,,,,,,,,,,,,,,,,,,,,,,,,,,,,,,,,,,,,,,,,,
9iFgPXwrU6GToh3VW9TN1QG7QecYhJJXb4RLSHzpEoLb,day-before,1787242437,2026-08-20T16:13:57+00:00,0.2666,1787242437,2026-08-20T16:13:57+00:00,383.9,1,0,37631884.430905,0,37631884.430905,1.141372675,0,99.52769726,0,axiom,"bundler,top_holder",,135,12239.189212712054,0.0,1.141372675,37631884.430905,37631884.430905,1,1.141372675,37631884.430905,37631884.430905,1,0,0,0,0,0,0,0,0,0,0,0,0,0,0,0,0,False,53.611101880905,False,,,,,,,,,,,,,,,,,,,,,,,,,,,,,,,,,,,,,,,,,
68LXVGnBQny6T2LaizJdp1hybKShdGZnZwnsjxbLZFAF,hour-before,1787264287,2026-08-20T22:18:07+00:00,0.0137,1787264287,2026-08-20T22:18:07+00:00,19.733,1,1,8072009.035445,4036004.517722,4036004.517723,1.544365311,1.211391741,134.96208452829,105.89986599822,,,,12,671.14519761966,0.0,1.544365311,8072009.035445,4036004.517723,1,1.544365311,8072009.035445,4036004.517723,1,1.544365311,8072009.035445,4036004.517723,1,1.544365311,8072009.035445,4036004.517723,1,1.544365311,8072009.035445,4036004.517723,1,0,0,-4036004.517722,0,False,51.911329158723,False,,,,,,,,,,,,,,,,,,,,,,,,,,,,,,,,,,,,,,,,,
FHgfsbUcqdd9iXY75yN2KErCnVsxNYwo486nYzFuTVc8,hour-before,1787262096,2026-08-20T21:41:36+00:00,0.03906,1787262144,2026-08-20T21:42:24+00:00,55.45,2,0,13486367.251006,0,13486367.251006,1.14676352,0,100.43827957528,0,axiom,bundler,,16,3817.9254880852,0.0,1.14676352,13486367.251006,13486367.251006,2,1.14676352,13486367.251006,13486367.251006,2,1.14676352,13486367.251006,13486367.251006,2,1.14676352,13486367.251006,13486367.251006,2,0,0,0,0,0,0,0,0,False,49.036036371006,False,,,,,,,,,,,,,,,,,,,,,,,,,,,,,,,,,,,,,,,,,
6dtUFfjQfQ35tkwGRMs3NFsF9sYn3mRV4UtGaC4uBh8J,hour-before,1787262096,2026-08-20T21:41:36+00:00,0.03906,1787262144,2026-08-20T21:42:24+00:00,55.45,2,0,12473886.499117,0,12473886.499117,1.1431729320000001,0,100.12343042372,0,axiom,bundler,,8,4120.912147504,0.0,1.1431729320000001,12473886.499117,12473886.499117,2,1.1431729320000001,12473886.499117,12473886.499117,2,1.1431729320000001,12473886.499117,12473886.499117,2,1.1431729320000001,12473886.499117,12473886.499117,2,0,0,0,0,0,0,0,0,False,47.912247391117006,False,,,,,,,,,,,,,,,,,,,,,,,,,,,,,,,,,,,,,,,,,
3DEi7MwE6VGSGFuGsszsETb9cZCc7nW3V1AGUNPFRpy5,six-hours-before,1787254243,2026-08-20T19:30:43+00:00,0.12995,1787254244,2026-08-20T19:30:44+00:00,187.117,2,1,36429620.549042,36429620.549042,0.0,1.995061726,2.087729579,174.11901213664999,182.36317872565,padre,"bundler,top_holder",,3,0.18165226305,0.0,1.995061726,36429620.549042,0.0,2,1.995061726,36429620.549042,0.0,2,1.995061726,36429620.549042,0.0,2,0,0,0,0,0,0,0,0,0,0,0,0,False,47.881481424,False,,,,,,,,,,,,,,,,,,,,,,,,,,,,,,,,,,,,,,,,,
F5CymCUo7E2MQGxfYFxBSTk6PaBbQyqMporpPdu6iWF9,hour-before,1787262096,2026-08-20T21:41:36+00:00,0.03906,1787262144,2026-08-20T21:42:24+00:00,55.45,2,0,11815639.599243999,0,11815639.599243999,1.1476974850000001,0,100.52013390275,0,axiom,bundler,,31,18948.20927741301,0.0,1.1476974850000001,11815639.599243999,11815639.599243999,2,1.1476974850000001,11815639.599243999,11815639.599243999,2,1.1476974850000001,11815639.599243999,11815639.599243999,2,1.1476974850000001,11815639.599243999,11815639.599243999,2,0,0,0,0,0,0,0,0,False,47.394261634244,False,,,,,,,,,,,,,,,,,,,,,,,,,,,,,,,,,,,,,,,,,
BpNNbWWjw7JmUhvHedXxg5T3Bw4NbgpFmkUm7ZqUPj2F,hour-before,1787264060,2026-08-20T22:14:20+00:00,0.01633,1787264167,2026-08-20T22:16:07+00:00,21.733,2,0,6982672.516882,0,6982672.516882,1.298857618,0,113.48119008466,0,,,,3,-37.67583120206136,0.0,1.298857618,6982672.516882,6982672.516882,2,1.298857618,6982672.516882,6982672.516882,2,1.298857618,6982672.516882,6982672.516882,2,1.298857618,6982672.516882,6982672.516882,2,1.298857618,6982672.516882,6982672.516882,2,0,0,0,0,False,47.247258674882,False,,,,,,,,,,,,,,,,,,,,,,,,,,,,,,,,,,,,,,,,,
DePxtKV64QagrqRECzPwNUUexSG26whjmxS8bXMG86YV,hour-before,1787262141,2026-08-20T21:42:21+00:00,0.03854,1787262141,2026-08-20T21:42:21+00:00,55.5,1,1,15030973.631829,15030973.631829,0.0,1.518518518,1.473513125,132.9462962509,128.9913389625,"axiom,kol,padre",bundler,,2,-11.02379859426,0.0,1.518518518,15030973.631829,0.0,1,1.518518518,15030973.631829,0.0,1,1.518518518,15030973.631829,0.0,1,1.518518518,15030973.631829,0.0,1,0,0,0,0,0,0,0,0,False,47.074074057999994,False,,,,,,,,,,,,,,,,,,,,,,,,,,,,,,,,,,,,,,,,,
57rXqaQsvgyBKwebP2StfqQeCBjBS4jsrZFJN5aU2V9b,six-hours-before,1787254243,2026-08-20T19:30:43+00:00,0.12995,1787254244,2026-08-20T19:30:44+00:00,187.117,2,1,35880797.027356,35880797.027356,0.0,1.955555554,1.8712887,170.67111097535002,163.457067945,padre,"bundler,top_holder",,3,-14.93603320415,0.0,1.955555554,35880797.027356,0.0,2,1.955555554,35880797.027356,0.0,2,1.955555554,35880797.027356,0.0,2,0,0,0,0,0,0,0,0,0,0,0,0,False,46.933333296,False,,,,,,,,,,,,,,,,,,,,,,,,,,,,,,,,,,,,,,,,,
2nUYPPquXXRm1zzkz2qnBnug9DVbRELmGFUbGc5it9aJ,hour-before,1787262664,2026-08-20T21:51:04+00:00,0.03249,1787262664,2026-08-20T21:51:04+00:00,46.783,1,1,13112425.652925,13112425.652925,0.0,1.486835488,1.508925997,130.15757861952,132.15173881726,"axiom,fresh_wallet",bundler,,2,-0.50040519604,0.0,1.486835488,13112425.652925,0.0,1,1.486835488,13112425.652925,0.0,1,1.486835488,13112425.652925,0.0,1,1.486835488,13112425.652925,0.0,1,0,0,0,0,0,0,0,0,False,46.091900128,False,,,,,,,,,,,,,,,,,,,,,,,,,,,,,,,,,,,,,,,,,
3JkM15XE8Ztqo7LemTgRt1zmJRqY5KxQLQdgC7cAZTjY,hour-before,1787262532,2026-08-20T21:48:52+00:00,0.03402,1787262532,2026-08-20T21:48:52+00:00,48.983,1,1,10076128.637836,10076128.637836,0.0,1.466666666,1.475786638,128.45066660828,129.26415162242,"axiom,fresh_wallet",,,2,-1.68917726582,0.0,1.466666666,10076128.637836,0.0,1,1.466666666,10076128.637836,0.0,1,1.466666666,10076128.637836,0.0,1,1.466666666,10076128.637836,0.0,1,0,0,0,0,0,0,0,0,False,45.466666646,False,,,,,,,,,,,,,,,,,,,,,,,,,,,,,,,,,,,,,,,,,
3VjkDRH1M9mZ9gNfHWzTmSvydJ6CwXamsN74rndZrrpk,hour-before,1787262096,2026-08-20T21:41:36+00:00,0.03906,1787262144,2026-08-20T21:42:24+00:00,55.45,2,0,12749816.630679,0,12749816.630679,1.052850529,0,92.21261223483,0,axiom,bundler,,21,9312.365815565,0.0,1.052850529,12749816.630679,12749816.630679,2,1.052850529,12749816.630679,12749816.630679,2,1.052850529,12749816.630679,12749816.630679,2,1.052850529,12749816.630679,12749816.630679,2,0,0,0,0,0,0,0,0,False,45.388183029679006,False,,,,,,,,,,,,,,,,,,,,,,,,,,,,,,,,,,,,,,,,,
9H8xpLFE9p7kHDJG3S2JLqigy1VuvuohgFfECnVJtUBj,hour-before,1787262096,2026-08-20T21:41:36+00:00,0.03906,1787262144,2026-08-20T21:42:24+00:00,55.45,2,0,11488471.316913,0,11488471.316913,1.081453567,0,94.71857538257,0,axiom,bundler,,14,5031.15093937667,0.0,1.081453567,11488471.316913,11488471.316913,2,1.081453567,11488471.316913,11488471.316913,2,1.081453567,11488471.316913,11488471.316913,2,1.081453567,11488471.316913,11488471.316913,2,0,0,0,0,0,0,0,0,False,45.013531893913004,False,,,,,,,,,,,,,,,,,,,,,,,,,,,,,,,,,,,,,,,,,
3UAkRPgTQ8p8HzY81eVrjXAzCqmRTR8EJLQp89K75jMS,hour-before,1787262664,2026-08-20T21:51:04+00:00,0.03249,1787262664,2026-08-20T21:51:04+00:00,46.783,1,1,13399299.921384,13399299.921384,0.0,1.446497845,1.467461699,126.6264213513,128.52029559842,"axiom,fresh_wallet",bundler,,2,-0.53264648054,0.0,1.446497845,13399299.921384,0.0,1,1.446497845,13399299.921384,0.0,1,1.446497845,13399299.921384,0.0,1,1.446497845,13399299.921384,0.0,1,0,0,0,0,0,0,0,0,False,44.841433195,False,,,,,,,,,,,,,,,,,,,,,,,,,,,,,,,,,,,,,,,,,
BtLX5JSuc49SUygYD4rg264KPYtSa83yX6GxWGTEZhCi,hour-before,1787262141,2026-08-20T21:42:21+00:00,0.03854,1787262141,2026-08-20T21:42:21+00:00,55.5,1,1,13582578.384823,13582578.384823,0.0,1.444444443,1.400547849,126.46111098465,122.61796417995,"axiom,padre",bundler,,2,-10.8649092989,0.0,1.444444443,13582578.384823,0.0,1,1.444444443,13582578.384823,0.0,1,1.444444443,13582578.384823,0.0,1,1.444444443,13582578.384823,0.0,1,0,0,0,0,0,0,0,0,False,44.777777733,False,,,,,,,,,,,,,,,,,,,,,,,,,,,,,,,,,,,,,,,,,
728xaj3SmLWNoL2R4icM7ArJ9oVhpEpJMRCW5CrdWpq6,final-ten-minutes,1787265369,2026-08-20T22:36:09+00:00,0.00118,1787265369,2026-08-20T22:36:09+00:00,1.7,1,0,3895667.307932,0,3895667.307932,1.11951165,0,97.84531821,0,fomo,,,23,1019.2949565281011,0.0,1.11951165,3895667.307932,3895667.307932,1,1.11951165,3895667.307932,3895667.307932,1,1.11951165,3895667.307932,3895667.307932,1,1.11951165,3895667.307932,3895667.307932,1,1.11951165,3895667.307932,3895667.307932,1,1.11951165,3895667.307932,3895667.307932,1,False,44.198086707932,False,,,,,,,,,,,,,,,,,,,,,,,,,,,,,,,,,,,,,,,,,
FN5bhcBfv7sCtBMPHabu9H7JH8MwdbqfEdPieGMAJ25N,day-before,1787242538,2026-08-20T16:15:38+00:00,0.26543,1787242538,2026-08-20T16:15:38+00:00,382.217,1,0,27987789.411761,0,27987789.411761,1.011974402,0,88.21380862234,0,axiom,"bundler,top_holder",,10,3278.52758315241,0.0,1.011974402,27987789.411761,27987789.411761,1,1.011974402,27987789.411761,27987789.411761,1,0,0,0,0,0,0,0,0,0,0,0,0,0,0,0,0,False,42.155431039761,False,,,,,,,,,,,,,,,,,,,,,,,,,,,,,,,,,,,,,,,,,
Bzzy8fSPnhWNMb8Rc3SkJGWoDMf9rs934bDRMRZPmCYT,day-before,1787242437,2026-08-20T16:13:57+00:00,0.2666,1787242437,2026-08-20T16:13:57+00:00,383.9,1,0,28444014.296418,0,28444014.296418,0.96961277,0,84.550233544,0,"axiom,launchpad_smart","bundler,top_holder",,155,31223.98338295487,0.0,0.96961277,28444014.296418,28444014.296418,1,0.96961277,28444014.296418,28444014.296418,1,0,0,0,0,0,0,0,0,0,0,0,0,0,0,0,0,False,42.018593076418,False,,,,,,,,,,,,,,,,,,,,,,,,,,,,,,,,,,,,,,,,,
FqNugk9kgbdAYPLKyLLLNUcJnWydEvjh2ejgM4Agwu2P,hour-before,1787263686,2026-08-20T22:08:06+00:00,0.02066,1787263885,2026-08-20T22:11:25+00:00,26.433,2,0,6128694.550403001,0,6128694.550403001,1.09511111,0,95.69452434734,0,axiom,bundler,,15,1633.66732608212,0.0,1.09511111,6128694.550403001,6128694.550403001,2,1.09511111,6128694.550403001,6128694.550403001,2,1.09511111,6128694.550403001,6128694.550403001,2,1.09511111,6128694.550403001,6128694.550403001,2,1.09511111,6128694.550403001,6128694.550403001,2,0,0,0,0,False,40.077138960403005,False,,,,,,,,,,,,,,,,,,,,,,,,,,,,,,,,,,,,,,,,,
7hxqezTccJ1s3sGegeYLCemdAEaCjemffuUVgy9UCtSt,final-ten-minutes,1787265377,2026-08-20T22:36:17+00:00,0.00109,1787265377,2026-08-20T22:36:17+00:00,1.567,1,0,3230409.625339,0,3230409.625339,0.98765432,0,86.320987568,0,gmgn,bundler,,5,5657.24010617946,0.0,0.98765432,3230409.625339,3230409.625339,1,0.98765432,3230409.625339,3230409.625339,1,0.98765432,3230409.625339,3230409.625339,1,0.98765432,3230409.625339,3230409.625339,1,0.98765432,3230409.625339,3230409.625339,1,0.98765432,3230409.625339,3230409.625339,1,False,38.785965145339,False,,,,,,,,,,,,,,,,,,,,,,,,,,,,,,,,,,,,,,,,,
Cip99wg8DAMCRkk4eXLkv1jxmagwQ6Tuj8w1JGDQdY6y,day-before,1787242538,2026-08-20T16:15:38+00:00,0.26543,1787242538,2026-08-20T16:15:38+00:00,382.217,1,0,24583741.051804,0,24583741.051804,0.992390053,0,86.50664092001,0,axiom,"bundler,top_holder",,58,7066.52181424323,0.0,0.992390053,24583741.051804,24583741.051804,1,0.992390053,24583741.051804,24583741.051804,1,0,0,0,0,0,0,0,0,0,0,0,0,0,0,0,0,False,38.477201793804,False,,,,,,,,,,,,,,,,,,,,,,,,,,,,,,,,,,,,,,,,,
4UVJe7qxmUDwPaZP1ZqUNDYLnBxUoDGcPnmg6cbV6SxD,hour-before,1787262102,2026-08-20T21:41:42+00:00,0.03899,1787262102,2026-08-20T21:41:42+00:00,56.15,1,2,9825408.854893,6140880.534308,3684528.3205850013,1.116297828,1.8378156369999998,97.76536377624,160.65256677867,fomo,bundler,,23,2029.667008380697,0.0,1.116297828,9825408.854893,3684528.3205850013,1,1.116297828,9825408.854893,3684528.3205850013,1,1.116297828,9825408.854893,3684528.3205850013,1,1.116297828,9825408.854893,3684528.3205850013,1,0,0,-6140880.534308,0,0,0,-6140880.534308,0,False,38.289760988585,False,,,,,,,,,,,,,,,,,,,,,,,,,,,,,,,,,,,,,,,,,
E4hbN7Ma1AtPc6sJjMim6qhxZWg7v1cE7XrBHkEMLVTu,final-ten-minutes,1787265404,2026-08-20T22:36:44+00:00,0.00078,1787265404,2026-08-20T22:36:44+00:00,1.117,1,0,2702013.588042,0,2702013.588042,0.98765432,0,86.271604852,0,,,,6,4030.78254718781,0.0,0.98765432,2702013.588042,2702013.588042,1,0.98765432,2702013.588042,2702013.588042,1,0.98765432,2702013.588042,2702013.588042,1,0.98765432,2702013.588042,2702013.588042,1,0.98765432,2702013.588042,2702013.588042,1,0.98765432,2702013.588042,2702013.588042,1,False,38.257569108042,False,,,,,,,,,,,,,,,,,,,,,,,,,,,,,,,,,,,,,,,,,
5y6PwWGj8q94Ype3gib19ss3orJC4TuZ6B3NQo1F3JVD,final-ten-minutes,1787265385,2026-08-20T22:36:25+00:00,0.001,1787265385,2026-08-20T22:36:25+00:00,1.433,1,0,3015880.080664,0,3015880.080664,0.977777777,0,85.42844437649,0,"axiom,photon",,,36,325.66357745245,0.0,0.977777777,3015880.080664,3015880.080664,1,0.977777777,3015880.080664,3015880.080664,1,0.977777777,3015880.080664,3015880.080664,1,0.977777777,3015880.080664,3015880.080664,1,0.977777777,3015880.080664,3015880.080664,1,0.977777777,3015880.080664,3015880.080664,1,False,38.215880052664,False,,,,,,,,,,,,,,,,,,,,,,,,,,,,,,,,,,,,,,,,,
6nsycacKxE3gmYYZuZ4rUfjXQADeyBCKt9DSXTFwnj1g,final-ten-minutes,1787265455,2026-08-20T22:37:35+00:00,0.00019,1787265455,2026-08-20T22:37:35+00:00,0.267,1,0,2451788.758334,0,2451788.758334,0.986666666,0,86.1853332751,0,,,,5,299.57206276827,0.0,0.986666666,2451788.758334,2451788.758334,1,0.986666666,2451788.758334,2451788.758334,1,0.986666666,2451788.758334,2451788.758334,1,0.986666666,2451788.758334,2451788.758334,1,0.986666666,2451788.758334,2451788.758334,1,0.986666666,2451788.758334,2451788.758334,1,False,37.97178873433399,False,,,,,,,,,,,,,,,,,,,,,,,,,,,,,,,,,,,,,,,,,
A7u4DcXyhYy99882bRK6aVjNs3gTdoXCBS1xhECzzbrT,final-ten-minutes,1787265442,2026-08-20T22:37:22+00:00,0.00034,1787265442,2026-08-20T22:37:22+00:00,0.483,1,0,2648426.131214,0,2648426.131214,0.977777777,0,85.41866659872,0,axiom,bundler,,3,134.95723524744,0.0,0.977777777,2648426.131214,2648426.131214,1,0.977777777,2648426.131214,2648426.131214,1,0.977777777,2648426.131214,2648426.131214,1,0.977777777,2648426.131214,2648426.131214,1,0.977777777,2648426.131214,2648426.131214,1,0.977777777,2648426.131214,2648426.131214,1,False,37.848426103214,False,,,,,,,,,,,,,,,,,,,,,,,,,,,,,,,,,,,,,,,,,
G7kRVG7v9kuruV6MbyTdV43TAuToz94DrptBdkM6WAGw,final-ten-minutes,1787265442,2026-08-20T22:37:22+00:00,0.00034,1787265442,2026-08-20T22:37:22+00:00,0.483,1,0,2601548.774267,0,2601548.774267,0.977777777,0,85.41866659872,0,axiom,bundler,,3,122.88727263465,0.0,0.977777777,2601548.774267,2601548.774267,1,0.977777777,2601548.774267,2601548.774267,1,0.977777777,2601548.774267,2601548.774267,1,0.977777777,2601548.774267,2601548.774267,1,0.977777777,2601548.774267,2601548.774267,1,0.977777777,2601548.774267,2601548.774267,1,False,37.801548746267,False,,,,,,,,,,,,,,,,,,,,,,,,,,,,,,,,,,,,,,,,,
CjJbxJ4XDQPiYqdMkubzw6qUyE5YZgh2yXHkek8f6mye,final-ten-minutes,1787265442,2026-08-20T22:37:22+00:00,0.00034,1787265442,2026-08-20T22:37:22+00:00,0.483,1,0,2555905.09871,0,2555905.09871,0.977777777,0,85.41866659872,0,axiom,bundler,,3,116.82910992906,0.0,0.977777777,2555905.09871,2555905.09871,1,0.977777777,2555905.09871,2555905.09871,1,0.977777777,2555905.09871,2555905.09871,1,0.977777777,2555905.09871,2555905.09871,1,0.977777777,2555905.09871,2555905.09871,1,0.977777777,2555905.09871,2555905.09871,1,False,37.75590507071,False,,,,,,,,,,,,,,,,,,,,,,,,,,,,,,,,,,,,,,,,,
AW5VwhMn7Woh35WuDEhQnMarx3bjh1rGKdWz38cJChvU,final-ten-minutes,1787265442,2026-08-20T22:37:22+00:00,0.00034,1787265442,2026-08-20T22:37:22+00:00,0.483,1,0,2511452.191584,0,2511452.191584,0.977777777,0,85.41866659872,0,axiom,bundler,,3,120.28258263012,0.0,0.977777777,2511452.191584,2511452.191584,1,0.977777777,2511452.191584,2511452.191584,1,0.977777777,2511452.191584,2511452.191584,1,0.977777777,2511452.191584,2511452.191584,1,0.977777777,2511452.191584,2511452.191584,1,0.977777777,2511452.191584,2511452.191584,1,False,37.711452163584,False,,,,,,,,,,,,,,,,,,,,,,,,,,,,,,,,,,,,,,,,,
8qnkLc19spbCaJ9ys72dvf1nesW4FC4CDe4bxRdwWKbD,final-ten-minutes,1787265442,2026-08-20T22:37:22+00:00,0.00034,1787265442,2026-08-20T22:37:22+00:00,0.483,1,0,2468148.989726,0,2468148.989726,0.977777777,0,85.41866659872,0,axiom,bundler,,3,125.8753210734,0.0,0.977777777,2468148.989726,2468148.989726,1,0.977777777,2468148.989726,2468148.989726,1,0.977777777,2468148.989726,2468148.989726,1,0.977777777,2468148.989726,2468148.989726,1,0.977777777,2468148.989726,2468148.989726,1,0.977777777,2468148.989726,2468148.989726,1,False,37.668148961726004,False,,,,,,,,,,,,,,,,,,,,,,,,,,,,,,,,,,,,,,,,,
CXNC1TTiF7Z3o1pFr9yH1spZLeWygQ5gPXgCt7Rz6trb,day-before,1787242437,2026-08-20T16:13:57+00:00,0.2666,1787242437,2026-08-20T16:13:57+00:00,383.9,1,0,25482400.582618,0,25482400.582618,0.822347888,0,71.7087358336,0,"axiom,photon","bundler,top_holder",,29,3478.14995999651,0.0,0.822347888,25482400.582618,25482400.582618,1,0.822347888,25482400.582618,25482400.582618,1,0,0,0,0,0,0,0,0,0,0,0,0,0,0,0,0,False,36.995271014618,False,,,,,,,,,,,,,,,,,,,,,,,,,,,,,,,,,,,,,,,,,
81ZyHtiuR2JgDSUPGYGpobHJVA4rsGg89FRXnkwiep3a,six-hours-before,1787254165,2026-08-20T19:29:25+00:00,0.13086,1787254165,2026-08-20T19:29:25+00:00,188.433,1,1,22858146.896719,11429073.448359,11429073.448360002,1.000000001,4.304708214,87.33000008733,376.05930957504,"axiom,trojan",top_holder,,3,966.86663427569,0.0,1.000000001,22858146.896719,11429073.448360002,1,1.000000001,22858146.896719,11429073.448360002,1,1.000000001,22858146.896719,11429073.448360002,1,0,0,-11429073.448359,0,0,0,-11429073.448359,0,0,0,-11429073.448359,0,False,35.42907347236,False,,,,,,,,,,,,,,,,,,,,,,,,,,,,,,,,,,,,,,,,,
EjB88hkbqmK5GFf4As3EiEBruhgALfhVNsyCXJ9Y6ce6,hour-before,1787264092,2026-08-20T22:14:52+00:00,0.01596,1787264092,2026-08-20T22:14:52+00:00,22.983,1,0,5099286.448471,0,5099286.448471,0.977777777,0,85.44799993203,0,trojan,,,18,1314.19649763731,0.0,0.977777777,5099286.448471,5099286.448471,1,0.977777777,5099286.448471,5099286.448471,1,0.977777777,5099286.448471,5099286.448471,1,0.977777777,5099286.448471,5099286.448471,1,0.977777777,5099286.448471,5099286.448471,1,0,0,0,0,False,35.410397535471,False,,,,,,,,,,,,,,,,,,,,,,,,,,,,,,,,,,,,,,,,,
4Bob4Q7LZkteqc4L6qkkQzPJRuG8wSNt1p5zX6QMbMtd,final-ten-minutes,1787265471,2026-08-20T22:37:51+00:00,0.0,1787265471,2026-08-20T22:37:51+00:00,0.0,1,0,2256454.124121,0,2256454.124121,0.919717837,0,80.30976152684,0,axiom,sniper,,2,73.51640090646,0.0,0.919717837,2256454.124121,2256454.124121,1,0.919717837,2256454.124121,2256454.124121,1,0.919717837,2256454.124121,2256454.124121,1,0.919717837,2256454.124121,2256454.124121,1,0.919717837,2256454.124121,2256454.124121,1,0.919717837,2256454.124121,2256454.124121,1,False,35.366296256121,False,,,,,,,,,,,,,,,,,,,,,,,,,,,,,,,,,,,,,,,,,
3FJQV36mQgnqUPaTdTp5XFyyBom9GtKxEfboyCBBTZtp,final-ten-minutes,1787265423,2026-08-20T22:37:03+00:00,0.00056,1787265423,2026-08-20T22:37:03+00:00,0.8,1,0,2542760.725333,0,2542760.725333,0.91071111,0,79.5597225696,0,,,,16,737.5232997070218,0.0,0.91071111,2542760.725333,2542760.725333,1,0.91071111,2542760.725333,2542760.725333,1,0.91071111,2542760.725333,2542760.725333,1,0.91071111,2542760.725333,2542760.725333,1,0.91071111,2542760.725333,2542760.725333,1,0.91071111,2542760.725333,2542760.725333,1,False,35.328360685332996,False,,,,,,,,,,,,,,,,,,,,,,,,,,,,,,,,,,,,,,,,,
6hf4yuRPdYwKyQzHNLbXggMZARGRXFHvYVGLfffWNWCq,final-ten-minutes,1787264927,2026-08-20T22:28:47+00:00,0.0063,1787264927,2026-08-20T22:28:47+00:00,9.067,1,1,3459930.517621,3459930.517621,0.0,0.977777777,1.033323269,85.49688882088,90.33312017598,axiom,,,71,-696.58208248371,0.0,0.977777777,3459930.517621,0.0,1,0.977777777,3459930.517621,0.0,1,0.977777777,3459930.517621,0.0,1,0.977777777,3459930.517621,0.0,1,0.977777777,3459930.517621,0.0,1,0.977777777,3459930.517621,0.0,1,False,35.199999972,False,,,,,,,,,,,,,,,,,,,,,,,,,,,,,,,,,,,,,,,,,
3btPDp9Yqt7YV7k9VHCRibTSH85hGHbxu53yn2YVwZ24,hour-before,1787264543,2026-08-20T22:22:23+00:00,0.01074,1787264543,2026-08-20T22:22:23+00:00,15.467,1,0,4866046.297852,0,4866046.297852,0.977777777,0,85.48711104311,0,axiom,,,2,235.82914306553,0.0,0.977777777,4866046.297852,4866046.297852,1,0.977777777,4866046.297852,4866046.297852,1,0.977777777,4866046.297852,4866046.297852,1,0.977777777,4866046.297852,4866046.297852,1,0.977777777,4866046.297852,4866046.297852,1,0,0,0,0,False,35.177157384852,False,,,,,,,,,,,,,,,,,,,,,,,,,,,,,,,,,,,,,,,,,
2UNRAQb9wkwtvATPyq1FoGB2eVJUkVehT3ZKXLeC2ZRT,hour-before,1787263278,2026-08-20T22:01:18+00:00,0.02538,1787263278,2026-08-20T22:01:18+00:00,36.55,1,0,4501444.298014,0,4501444.298014,0.986666666,0,86.30373327502,0,,,,48,1848.3913445501692,0.0,0.986666666,4501444.298014,4501444.298014,1,0.986666666,4501444.298014,4501444.298014,1,0.986666666,4501444.298014,4501444.298014,1,0.986666666,4501444.298014,4501444.298014,1,0,0,0,0,0,0,0,0,False,35.088110944014,False,,,,,,,,,,,,,,,,,,,,,,,,,,,,,,,,,,,,,,,,,
7kki2g9vtpLoWU2i6WTL96hL61BwSxSja2oZ6xSPusHG,hour-before,1787263825,2026-08-20T22:10:25+00:00,0.01905,1787263825,2026-08-20T22:10:25+00:00,27.433,1,1,5599131.803137,5599131.803137,0.0,1.000000001,0.892000228,87.43000008743,78.07677995684,"axiom,fresh_wallet,trojan",,,2,-12.58935065063,0.0,1.000000001,5599131.803137,0.0,1,1.000000001,5599131.803137,0.0,1,1.000000001,5599131.803137,0.0,1,1.000000001,5599131.803137,0.0,1,1.000000001,5599131.803137,0.0,1,0,0,0,0,False,31.000000031000003,False,,,,,,,,,,,,,,,,,,,,,,,,,,,,,,,,,,,,,,,,,
haqqiUUXB5gp7gDbSjpEkw3phAjQb25r86uXJsZQgWq,hour-before,1787262124,2026-08-20T21:42:04+00:00,0.03874,1787262485,2026-08-20T21:48:05+00:00,49.767,2,2,8293755.410775,8293755.410775,0.0,0.987654318,1.017403423,86.47407381248999,89.0654474352,"axiom,gmgn",,,4,0.83619669439,0.0,0.987654318,8293755.410775,0.0,2,0.987654318,8293755.410775,0.0,2,0.987654318,8293755.410775,0.0,2,0.987654318,8293755.410775,0.0,2,0,0,0,0,0,0,0,0,False,30.617283858,False,,,,,,,,,,,,,,,,,,,,,,,,,,,,,,,,,,,,,,,,,
AJxR1ZfG9W755y87J2XACnVVMCycCugbmvBn5Hm31XyF,hour-before,1787263219,2026-08-20T22:00:19+00:00,0.02606,1787263219,2026-08-20T22:00:19+00:00,37.533,1,1,5925719.929019,5925719.929019,0.0,0.986666666,1.04756567,86.32346660834,91.5153369312,,,,2,3.2420938238,0.0,0.986666666,5925719.929019,0.0,1,0.986666666,5925719.929019,0.0,1,0.986666666,5925719.929019,0.0,1,0.986666666,5925719.929019,0.0,1,0,0,-5925719.929019,0,0,0,0,0,False,30.586666645999998,False,,,,,,,,,,,,,,,,,,,,,,,,,,,,,,,,,,,,,,,,,
Dj9UuZrfMoXSQ8HnaNz314LaGfTuG5Sh6WGo8GvL71u3,hour-before,1787263272,2026-08-20T22:01:12+00:00,0.02545,1787263272,2026-08-20T22:01:12+00:00,36.65,1,1,4703833.165683,4703833.165683,0.0,0.977777777,1.031576068,85.54577770973,90.24227442864,axiom,,,2,3.01601153226,0.0,0.977777777,4703833.165683,0.0,1,0.977777777,4703833.165683,0.0,1,0.977777777,4703833.165683,0.0,1,0.977777777,4703833.165683,0.0,1,0,0,0,0,0,0,0,0,False,30.311111087,False,,,,,,,,,,,,,,,,,,,,,,,,,,,,,,,,,,,,,,,,,
2fBi1cfPyibADnfXTurhzCsMCMgHYxSmgnJxQyU967we,hour-before,1787263316,2026-08-20T22:01:56+00:00,0.02494,1787263316,2026-08-20T22:01:56+00:00,35.917,1,0,3906186.919857,0,3906186.919857,0.849382715,0,74.29550608105,0,,,,2,3526.36910981146,0.0,0.849382715,3906186.919857,3906186.919857,1,0.849382715,3906186.919857,3906186.919857,1,0.849382715,3906186.919857,3906186.919857,1,0.849382715,3906186.919857,3906186.919857,1,0,0,0,0,0,0,0,0,False,30.237051084856997,False,,,,,,,,,,,,,,,,,,,,,,,,,,,,,,,,,,,,,,,,,
BcvREHTGTopCteZq3MNVi7EGj1THLuJfuMPomLCcJ8cL,hour-before,1787262475,2026-08-20T21:47:55+00:00,0.03468,1787262475,2026-08-20T21:47:55+00:00,49.933,1,0,6478059.045197,0,6478059.045197,0.764978882,0,66.9739011191,0,axiom,bundler,,1,26.53329559290401,0.0,0.764978882,6478059.045197,6478059.045197,1,0.764978882,6478059.045197,6478059.045197,1,0.764978882,6478059.045197,6478059.045197,1,0.764978882,6478059.045197,6478059.045197,1,0,0,0,0,0,0,0,0,False,30.192404387197,False,,,,,,,,,,,,,,,,,,,,,,,,,,,,,,,,,,,,,,,,,
HumYE4FEwCYNVkkjTLH4Tk4gv953YJVcvfvZqAPrFdik,hour-before,1787262492,2026-08-20T21:48:12+00:00,0.03448,1787265454,2026-08-20T22:37:34+00:00,0.283,11,0,6086710.3928189995,0,6086710.3928189995,0.738765426,0,64.68362415774,0,"fresh_wallet,padre",,,37,2157.93226350409,0.0,0.738765426,6086710.3928189995,6086710.3928189995,11,0.738765426,6086710.3928189995,6086710.3928189995,11,0.738765426,6086710.3928189995,6086710.3928189995,11,0.738765426,6086710.3928189995,6086710.3928189995,11,0.005925923999999999,19455.428247,19455.428247,6,0.00493827,15315.707717,15315.707717,5,False,29.013129948819,False,,,,,,,,,,,,,,,,,,,,,,,,,,,,,,,,,,,,,,,,,
HLy9cGzyf3PXh9Ujuoozeb165eJ8qDPAedrR6jZXv5bW,hour-before,1787262930,2026-08-20T21:55:30+00:00,0.02941,1787262930,2026-08-20T21:55:30+00:00,42.35,1,1,6259039.919857,6259039.919857,0.0,0.931775744,1.25232653,81.51174208512,109.5034317832,"axiom,launchpad_smart,smart_degen,trojan",,,2,23.94395635764,0.0,0.931775744,6259039.919857,0.0,1,0.931775744,6259039.919857,0.0,1,0.931775744,6259039.919857,0.0,1,0.931775744,6259039.919857,0.0,1,0,0,-6259039.919857,0,0,0,0,0,False,28.885048064,False,,,,,,,,,,,,,,,,,,,,,,,,,,,,,,,,,,,,,,,,,
EK2jmNwVtnv8cHuQKELbMKF8Y7t75aJ9jduayvpCbC6W,hour-before,1787262092,2026-08-20T21:41:32+00:00,0.03911,1787262092,2026-08-20T21:41:32+00:00,56.317,1,1,13594461.52313,13594461.52313,0.0,0.902379461,1.268486105,79.01234560516,111.05595849275,,bundler,,2,30.00871140216,0.0,0.902379461,13594461.52313,0.0,1,0.902379461,13594461.52313,0.0,1,0.902379461,13594461.52313,0.0,1,0.902379461,13594461.52313,0.0,1,0,0,0,0,0,0,0,0,False,27.973763291,False,,,,,,,,,,,,,,,,,,,,,,,,,,,,,,,,,,,,,,,,,
8romDdXEXD7A6ytTNiLz2FkRgnrCizjzeVvTTRCLmc7z,hour-before,1787264641,2026-08-20T22:24:01+00:00,0.00961,1787264723,2026-08-20T22:25:23+00:00,12.467,3,1,5066958.998939,4432272.23525,634686.7636890002,0.87022222,1.409185799,76.16047980552,123.23329812255,axiom,,,20,565.3902204526245,0.0,0.87022222,5066958.998939,634686.7636890002,3,0.87022222,5066958.998939,634686.7636890002,3,0.87022222,5066958.998939,634686.7636890002,3,0.87022222,5066958.998939,634686.7636890002,3,0.87022222,5066958.998939,634686.7636890002,3,0,0,-4432272.23525,0,False,27.611575583689,False,,,,,,,,,,,,,,,,,,,,,,,,,,,,,,,,,,,,,,,,,
J1zfVjuXgFd6oDLXo2w5vpBi17iGFQQvYb12ouq75JdH,old-holder,1783654057,2026-07-10T03:27:37+00:00,41.79877,1787264832,2026-08-20T22:27:12+00:00,10.65,3,3,7142690.8105999995,7142690.8105999995,0.0,1.137973631,1.4450061459999999,97.34852099245,123.88213716497,paper_hands,,,6,24.40554145724,0.0,0.886851575,4571914.639614,0.0,2,0.886851575,4571914.639614,0.0,2,0.886851575,4571914.639614,0.0,2,0.886851575,4571914.639614,0.0,2,0.886851575,4571914.639614,0.0,2,0,0,-2316959.788769,0,False,27.492398825,False,,,,,,,,,,,,,,,,,,,,,,,,,,,,,,,,,,,,,,,,,
68giYYFtSsY32jBEqUJUYymya1HRXLmwGRBtLQczYiW6,final-ten-minutes,1787264990,2026-08-20T22:29:50+00:00,0.00557,1787264990,2026-08-20T22:29:50+00:00,8.017,1,0,2164319.970284,0,2164319.970284,0.693023926,0,60.6049423287,0,fomo,,,46,926.52564560711,0.0,0.693023926,2164319.970284,2164319.970284,1,0.693023926,2164319.970284,2164319.970284,1,0.693023926,2164319.970284,2164319.970284,1,0.693023926,2164319.970284,2164319.970284,1,0.693023926,2164319.970284,2164319.970284,1,0.693023926,2164319.970284,2164319.970284,1,False,27.113181306283998,False,,,,,,,,,,,,,,,,,,,,,,,,,,,,,,,,,,,,,,,,,
T1UuuewRkJtrAHzw8ZKEJFn83ob95v3AdPH3XR3sNZ8,hour-before,1787263271,2026-08-20T22:01:11+00:00,0.02546,1787263271,2026-08-20T22:01:11+00:00,36.667,1,1,4207413.72572,4207413.72572,0.0,0.839011976,0.922922397,73.40515778024,80.72802206559,axiom,bundler,,2,5.55002875724,0.0,0.839011976,4207413.72572,0.0,1,0.839011976,4207413.72572,0.0,1,0.839011976,4207413.72572,0.0,1,0.839011976,4207413.72572,0.0,1,0,0,0,0,0,0,0,0,False,26.009371255999998,False,,,,,,,,,,,,,,,,,,,,,,,,,,,,,,,,,,,,,,,,,
5NNdXbt6iar5H8WXZcYzv1hRdiH5M9VDCvzKGwPYacLv,hour-before,1787262475,2026-08-20T21:47:55+00:00,0.03468,1787262475,2026-08-20T21:47:55+00:00,49.933,1,1,6945293.134994,6945293.134994,0.0,0.79947112,0.713299736,69.993696556,62.47792387624,axiom,bundler,,2,-8.88927928751,0.0,0.79947112,6945293.134994,0.0,1,0.79947112,6945293.134994,0.0,1,0.79947112,6945293.134994,0.0,1,0.79947112,6945293.134994,0.0,1,0,0,0,0,0,0,0,0,False,24.78360472,False,,,,,,,,,,,,,,,,,,,,,,,,,,,,,,,,,,,,,,,,,
G7jkdn8YJzt9u94xQG5wJNi4Vj5AGFsXSEoXw8pttVDC,six-hours-before,1787254912,2026-08-20T19:41:52+00:00,0.12221,1787254912,2026-08-20T19:41:52+00:00,175.983,1,1,20073934.1905,20073934.1905,0.0,1.007781824,1.031314809,88.15067614528,89.97190393716,,top_holder,,9,-45.13467911862893,0.0,1.007781824,20073934.1905,0.0,1,1.007781824,20073934.1905,0.0,1,1.007781824,20073934.1905,0.0,1,0,0,0,0,0,0,0,0,0,0,0,0,False,24.186763776,False,,,,,,,,,,,,,,,,,,,,,,,,,,,,,,,,,,,,,,,,,
FYdzysR4S8s3xLLKsDmdwh7SaHTHKAjPsBtSDSuqEP9c,hour-before,1787263271,2026-08-20T22:01:11+00:00,0.02546,1787263271,2026-08-20T22:01:11+00:00,36.667,1,1,3799286.9302,3799286.9302,0.0,0.772949387,0.816242963,67.62534186863,71.39677197361,fresh_wallet,bundler,,2,2.15948897794,0.0,0.772949387,3799286.9302,0.0,1,0.772949387,3799286.9302,0.0,1,0.772949387,3799286.9302,0.0,1,0.772949387,3799286.9302,0.0,1,0,0,0,0,0,0,0,0,False,23.961430997,False,,,,,,,,,,,,,,,,,,,,,,,,,,,,,,,,,,,,,,,,,
EUWRQrbGgJErH3mjALztDQRMYW2RQtF7ppm9j3zkQkZQ,hour-before,1787264741,2026-08-20T22:25:41+00:00,0.00845,1787264744,2026-08-20T22:25:44+00:00,12.117,2,0,3797585.4715609998,0,3797585.4715609998,0.635555554,0,55.64582208602,0,"axiom,padre",,,2,25.37744600133556,0.0,0.635555554,3797585.4715609998,3797585.4715609998,2,0.635555554,3797585.4715609998,3797585.4715609998,2,0.635555554,3797585.4715609998,3797585.4715609998,2,0.635555554,3797585.4715609998,3797585.4715609998,2,0.635555554,3797585.4715609998,3797585.4715609998,2,0,0,0,0,False,23.499807645561,False,,,,,,,,,,,,,,,,,,,,,,,,,,,,,,,,,,,,,,,,,
BhWWmhwDdePyqrjfDLqzG6j84qA8eUr1EZouDCN4Mwv8,hour-before,1787262096,2026-08-20T21:41:36+00:00,0.03906,1787262096,2026-08-20T21:41:36+00:00,56.25,1,1,7477945.087434,7477945.087434,0.0,0.733333333,0.833119735,64.23266663747,72.93963279925,axiom,bundler,,2,6.70147784235,0.0,0.733333333,7477945.087434,0.0,1,0.733333333,7477945.087434,0.0,1,0.733333333,7477945.087434,0.0,1,0.733333333,7477945.087434,0.0,1,0,0,0,0,0,0,0,0,False,22.733333323,False,,,,,,,,,,,,,,,,,,,,,,,,,,,,,,,,,,,,,,,,,
7uinWmZE2wHGrFkAh4RKYKKBArWb51q88Rj5TYff1Pun,hour-before,1787262741,2026-08-20T21:52:21+00:00,0.0316,1787262741,2026-08-20T21:52:21+00:00,45.5,1,1,8286644.690097,8286644.690097,0.0,0.733333333,1.364959738,64.22533330414,119.433977075,"axiom,fresh_wallet",,,2,53.42407913776,0.0,0.733333333,8286644.690097,0.0,1,0.733333333,8286644.690097,0.0,1,0.733333333,8286644.690097,0.0,1,0.733333333,8286644.690097,0.0,1,0,0,0,0,0,0,0,0,False,22.733333323,False,,,,,,,,,,,,,,,,,,,,,,,,,,,,,,,,,,,,,,,,,
Hh2yn37jiXuwCM4nkvAZPbc8CjL6j32Ho38giC1y2PzL,hour-before,1787262096,2026-08-20T21:41:36+00:00,0.03906,1787262096,2026-08-20T21:41:36+00:00,56.25,1,1,7316123.839259,7316123.839259,0.0,0.722684514,0.852458404,63.29993658126,74.65830702232,,,,2,10.03397232739,0.0,0.722684514,7316123.839259,0.0,1,0.722684514,7316123.839259,0.0,1,0.722684514,7316123.839259,0.0,1,0.722684514,7316123.839259,0.0,1,0,0,0,0,0,0,0,0,False,22.403219934,False,,,,,,,,,,,,,,,,,,,,,,,,,,,,,,,,,,,,,,,,,
BtHnhjh8Ta2vGZkrL76AmXMur1ADo3tpRo2kQMe2BCSU,hour-before,1787262099,2026-08-20T21:41:39+00:00,0.03903,1787262099,2026-08-20T21:41:39+00:00,56.2,1,1,6540407.323422,6540407.323422,0.0,0.71547564,0.718494541,62.6685113076,62.91856695537,axiom,bundler,,2,-0.95177970787,0.0,0.71547564,6540407.323422,0.0,1,0.71547564,6540407.323422,0.0,1,0.71547564,6540407.323422,0.0,1,0.71547564,6540407.323422,0.0,1,0,0,0,0,0,0,0,0,False,22.179744839999998,False,,,,,,,,,,,,,,,,,,,,,,,,,,,,,,,,,,,,,,,,,
GGq8uRzDiDPogKKC7Wd5CyfCW91vqL7mTEDvKFt8Do2b,hour-before,1787262183,2026-08-20T21:43:03+00:00,0.03806,1787262183,2026-08-20T21:43:03+00:00,54.8,1,1,5958628.354137,5958628.354137,0.0,0.661968159,1.808437631,57.95531232045,158.03936457309,,,,2,97.85300738843,0.0,0.661968159,5958628.354137,0.0,1,0.661968159,5958628.354137,0.0,1,0.661968159,5958628.354137,0.0,1,0.661968159,5958628.354137,0.0,1,0,0,-5958628.354137,0,0,0,-5958628.354137,0,False,20.521012928999998,False,,,,,,,,,,,,,,,,,,,,,,,,,,,,,,,,,,,,,,,,,
9hQQzRTtG3dRLo5KZcKCo1kCCLzKzhPkLHAXDZq6wDtv,hour-before,1787263387,2026-08-20T22:03:07+00:00,0.02412,1787263387,2026-08-20T22:03:07+00:00,34.733,1,1,2889815.367061,2889815.367061,0.0,0.643356096,0.527006231,56.25505703424,46.0603445894,,,,2,-11.55736917804,0.0,0.643356096,2889815.367061,0.0,1,0.643356096,2889815.367061,0.0,1,0.643356096,2889815.367061,0.0,1,0.643356096,2889815.367061,0.0,1,0,0,-2889815.367061,0,0,0,0,0,False,19.944038976,False,,,,,,,,,,,,,,,,,,,,,,,,,,,,,,,,,,,,,,,,,
E8B7Edi7khrojzqFgW4iJJ2Lii2jvv9B9kivkwpPfHeq,hour-before,1787262099,2026-08-20T21:41:39+00:00,0.03903,1787262099,2026-08-20T21:41:39+00:00,56.2,1,1,6077585.511005,6077585.511005,0.0,0.636487563,0.652353006,55.74994564317,57.12655273542,axiom,bundler,,2,0.29552230559,0.0,0.636487563,6077585.511005,0.0,1,0.636487563,6077585.511005,0.0,1,0.636487563,6077585.511005,0.0,1,0.636487563,6077585.511005,0.0,1,0,0,0,0,0,0,0,0,False,19.731114453,False,,,,,,,,,,,,,,,,,,,,,,,,,,,,,,,,,,,,,,,,,
CtypBtuREmcupYzfA7Y8afwQtorMRc5HBkbE3qhwroNr,hour-before,1787262096,2026-08-20T21:41:36+00:00,0.03906,1787262096,2026-08-20T21:41:36+00:00,56.25,1,1,6090608.868607,6090608.868607,0.0,0.621451578,0.603475499,54.43294371702,52.84031469244,,bundler,,2,-2.62551852176,0.0,0.621451578,6090608.868607,0.0,1,0.621451578,6090608.868607,0.0,1,0.621451578,6090608.868607,0.0,1,0.621451578,6090608.868607,0.0,1,0,0,0,0,0,0,0,0,False,19.264998917999996,False,,,,,,,,,,,,,,,,,,,,,,,,,,,,,,,,,,,,,,,,,
DNio5ketGczp2dsB3jJCm3XNsRETaAM87q3YVMPA5F9z,hour-before,1787262099,2026-08-20T21:41:39+00:00,0.03903,1787262099,2026-08-20T21:41:39+00:00,56.2,1,1,5642310.681829,5642310.681829,0.0,0.603592353,0.592872861,52.86865419927,51.91787643777,axiom,bundler,,2,-1.95500793103,0.0,0.603592353,5642310.681829,0.0,1,0.603592353,5642310.681829,0.0,1,0.603592353,5642310.681829,0.0,1,0.603592353,5642310.681829,0.0,1,0,0,0,0,0,0,0,0,False,18.711362943,False,,,,,,,,,,,,,,,,,,,,,,,,,,,,,,,,,,,,,,,,,
38j86KhG3rtz3ikg5QxjD8JPMZawDsVZ8xrQcCCT29DB,final-ten-minutes,1787265460,2026-08-20T22:37:40+00:00,0.00013,1787265460,2026-08-20T22:37:40+00:00,0.183,1,0,1191866.012174,0,1191866.012174,0.485871853,0,42.43604764102,0,"axiom,launchpad_smart",sniper,,2,20.91469433587,0.0,0.485871853,1191866.012174,1191866.012174,1,0.485871853,1191866.012174,1191866.012174,1,0.485871853,1191866.012174,1191866.012174,1,0.485871853,1191866.012174,1191866.012174,1,0.485871853,1191866.012174,1191866.012174,1,0.485871853,1191866.012174,1191866.012174,1,False,18.683252720174,False,,,,,,,,,,,,,,,,,,,,,,,,,,,,,,,,,,,,,,,,,
HfbNikRyQP4qFEbQVUCbL5njKHC1FGPVCKCK28sznBw5,day-before,1787242437,2026-08-20T16:13:57+00:00,0.2666,1787242437,2026-08-20T16:13:57+00:00,383.9,1,1,36015477.91888,36015477.91888,0.0,1.313580246,1.313580245,114.5441974512,114.544197364,axiom,"bundler,top_holder",,2,-6.5750966048,0.0,1.313580246,36015477.91888,0.0,1,1.313580246,36015477.91888,0.0,1,0,0,0,0,0,0,0,0,0,0,0,0,0,0,0,0,False,18.390123443999997,False,,,,,,,,,,,,,,,,,,,,,,,,,,,,,,,,,,,,,,,,,
BR1Z9KfrdDQGPN58Y24YMwitzUznsTJb84ezQK4LLMGU,six-hours-before,1787254243,2026-08-20T19:30:43+00:00,0.12995,1787262453,2026-08-20T21:47:33+00:00,50.3,2,2,8081885.269441,8081885.269441,0.0,0.592592592,0.648263696,51.801481429679995,56.66095886454,"fresh_wallet,gmgn,paper_hands",bundler,,4,3.46504398522,0.0,0.592592592,8081885.269441,0.0,2,0.592592592,8081885.269441,0.0,2,0.592592592,8081885.269441,0.0,2,0.296296296,2705716.138723,0.0,1,0,0,0,0,0,0,0,0,False,16.29629628,False,,,,,,,,,,,,,,,,,,,,,,,,,,,,,,,,,,,,,,,,,
4EwZkGgEz7VnL4GHmj7Y2uj9MEB2GVg4gay7QmHrfUKP,hour-before,1787262103,2026-08-20T21:41:43+00:00,0.03898,1787264061,2026-08-20T22:14:21+00:00,23.5,2,2,3556489.6228799997,3556489.6228799997,0.0,0.5124679480000001,0.501920044,44.82944288584,43.870153311319996,paper_hands,,,4,-1.8388012408,0.0,0.5124679480000001,3556489.6228799997,0.0,2,0.5124679480000001,3556489.6228799997,0.0,2,0.5124679480000001,3556489.6228799997,0.0,2,0.5124679480000001,3556489.6228799997,0.0,2,0.25,1324363.136859,0.0,1,0,0,0,0,False,15.886506388,False,,,,,,,,,,,,,,,,,,,,,,,,,,,,,,,,,,,,,,,,,
7Q6RcQKsmpaRsaK17nuVyxDEWMRcPJUhboHvsqNRgTsR,hour-before,1787262453,2026-08-20T21:47:33+00:00,0.03493,1787262453,2026-08-20T21:47:33+00:00,50.3,1,1,4519680.003947,4519680.003947,0.0,0.501607117,0.674120597,43.91570309335,59.02599947332,,bundler,,2,14.05792929281,0.0,0.501607117,4519680.003947,0.0,1,0.501607117,4519680.003947,0.0,1,0.501607117,4519680.003947,0.0,1,0.501607117,4519680.003947,0.0,1,0,0,0,0,0,0,0,0,False,15.549820627000003,False,,,,,,,,,,,,,,,,,,,,,,,,,,,,,,,,,,,,,,,,,
CSNRkxJZpG56FQxWfrPPtTKy3E2ggkxdmDuXSbZkKhvp,hour-before,1787263313,2026-08-20T22:01:53+00:00,0.02498,1787263313,2026-08-20T22:01:53+00:00,35.967,1,1,2305582.855902,2305582.855902,0.0,0.493333333,0.415547892,43.15186663751,36.26902001376,,,,6,100.73303747021738,0.0,0.493333333,2305582.855902,0.0,1,0.493333333,2305582.855902,0.0,1,0.493333333,2305582.855902,0.0,1,0.493333333,2305582.855902,0.0,1,0,0,-2305582.855902,0,0,0,0,0,False,15.293333322999999,False,,,,,,,,,,,,,,,,,,,,,,,,,,,,,,,,,,,,,,,,,
GjKjTmzuoAMdxmKHJpQp9PTJLNuvN1SBXAEARr4GEB1c,six-hours-before,1787254913,2026-08-20T19:41:53+00:00,0.1222,1787265353,2026-08-20T22:35:53+00:00,1.967,5,5,5151351.17567,5151351.17567,0.0,0.493827155,0.683125398,43.2098760625,59.71997720398,"gmgn,paper_hands",bundler,,10,15.20956194784,0.0,0.493827155,5151351.17567,0.0,5,0.493827155,5151351.17567,0.0,5,0.493827155,5151351.17567,0.0,5,0.395061724,3287414.402431,0.0,4,0.098765431,355039.125022,-501489.247687,1,0.098765431,355039.125022,-501489.247687,1,False,15.111110943000002,False,,,,,,,,,,,,,,,,,,,,,,,,,,,,,,,,,,,,,,,,,
8zebnNHY2T4xxJwWKDiK7GrEiNAiiaExxFEeBdrTGpTe,hour-before,1787262953,2026-08-20T21:55:53+00:00,0.02914,1787262953,2026-08-20T21:55:53+00:00,41.967,1,1,3055257.050551,3055257.050551,0.0,0.46419753,0.491623127,40.6079999244,43.00719114996,,,,4,-7.79120750622,0.0,0.46419753,3055257.050551,0.0,1,0.46419753,3055257.050551,0.0,1,0.46419753,3055257.050551,0.0,1,0.46419753,3055257.050551,0.0,1,0,0,0,0,0,0,0,0,False,14.390123430000001,False,,,,,,,,,,,,,,,,,,,,,,,,,,,,,,,,,,,,,,,,,
A1L1grNEjr5SwaMLYzHYS2W9n3EYrAkDniRxW7u4tkie,final-ten-minutes,1787264916,2026-08-20T22:28:36+00:00,0.00642,1787265179,2026-08-20T22:32:59+00:00,4.867,2,0,1253932.031884,0,1253932.031884,0.356186666,0,31.14482394171,0,,,,7,1204.94883375477,0.0,0.356186666,1253932.031884,1253932.031884,2,0.356186666,1253932.031884,1253932.031884,2,0.356186666,1253932.031884,1253932.031884,2,0.356186666,1253932.031884,1253932.031884,2,0.356186666,1253932.031884,1253932.031884,2,0.356186666,1253932.031884,1253932.031884,2,False,14.076652007884,False,,,,,,,,,,,,,,,,,,,,,,,,,,,,,,,,,,,,,,,,,
AnonH2TuipeipbvvVYGCmaJCvkddAiLZZoNAa5u1aELh,hour-before,1787262098,2026-08-20T21:41:38+00:00,0.03904,1787262098,2026-08-20T21:41:38+00:00,56.217,1,1,4104847.224648,4104847.224648,0.0,0.41678738,0.464343365,36.5064066142,40.67183534035,"axiom,launchpad_smart",,,2,3.40333064678,0.0,0.41678738,4104847.224648,0.0,1,0.41678738,4104847.224648,0.0,1,0.41678738,4104847.224648,0.0,1,0.41678738,4104847.224648,0.0,1,0,0,0,0,0,0,0,0,False,12.920408779999999,False,,,,,,,,,,,,,,,,,,,,,,,,,,,,,,,,,,,,,,,,,
23G1buokqVM7rVXCCBRF1FTjgEmcaLnUdrp23X6JaegH,day-before,1787243764,2026-08-20T16:36:04+00:00,0.25124,1787265366,2026-08-20T22:36:06+00:00,1.75,2,0,3377892.87301,0,3377892.87301,0.32915864899999997,0,28.73065872126,0,"fomo,fresh_wallet",top_holder,,34,1436.0600617404982,0.0,0.32915864899999997,3377892.87301,3377892.87301,2,0.32915864899999997,3377892.87301,3377892.87301,2,0.217960998,773640.919405,773640.919405,1,0.217960998,773640.919405,773640.919405,1,0.217960998,773640.919405,773640.919405,1,0.217960998,773640.919405,773640.919405,1,False,12.78125591501,False,,,,,,,,,,,,,,,,,,,,,,,,,,,,,,,,,,,,,,,,,
EjBbmMbCjNoaKiLKh7K7XiLBGWbEta5tfyAiPrXuK4cf,hour-before,1787262667,2026-08-20T21:51:07+00:00,0.03245,1787262667,2026-08-20T21:51:07+00:00,46.733,1,0,2758663.649813,0,2758663.649813,0.322666666,0,28.2494666083,0,"axiom,fresh_wallet",,,18,892.03221321125,0.0,0.322666666,2758663.649813,2758663.649813,1,0.322666666,2758663.649813,2758663.649813,1,0.322666666,2758663.649813,2758663.649813,1,0.322666666,2758663.649813,2758663.649813,1,0,0,0,0,0,0,0,0,False,12.761330295813,False,,,,,,,,,,,,,,,,,,,,,,,,,,,,,,,,,,,,,,,,,
FvqQjdngJj7SBsDKWNmYXz54o4ip36ShNhr4N7fMcsXG,final-ten-minutes,1787265174,2026-08-20T22:32:54+00:00,0.00344,1787265174,2026-08-20T22:32:54+00:00,4.95,1,0,1101593.95904,0,1101593.95904,0.322442554,0,28.18470364514,0,fomo,,,3,-52.40715128913174,0.0,0.322442554,1101593.95904,1101593.95904,1,0.322442554,1101593.95904,1101593.95904,1,0.322442554,1101593.95904,1101593.95904,1,0.322442554,1101593.95904,1101593.95904,1,0.322442554,1101593.95904,1101593.95904,1,0.322442554,1101593.95904,1101593.95904,1,False,12.70952590304,False,,,,,,,,,,,,,,,,,,,,,,,,,,,,,,,,,,,,,,,,,
4Ev5acvKT64Fnww9JKM1cEa4mhzQQa9toPQGEyxh2hMs,hour-before,1787262095,2026-08-20T21:41:35+00:00,0.03907,1787262095,2026-08-20T21:41:35+00:00,56.267,1,0,3746087.500697,0,3746087.500697,0.287571315,0,25.18837148085,0,"axiom,trojan",,,9,3025.14397344153,0.0,0.287571315,3746087.500697,3746087.500697,1,0.287571315,3746087.500697,3746087.500697,1,0.287571315,3746087.500697,3746087.500697,1,0.287571315,3746087.500697,3746087.500697,1,0,0,0,0,0,0,0,0,False,12.660798265696998,False,,,,,,,,,,,,,,,,,,,,,,,,,,,,,,,,,,,,,,,,,
FuPEQDqRgu7NFwGYvAkFKapnJK16snkFuY822hMM58z2,hour-before,1787263958,2026-08-20T22:12:38+00:00,0.01751,1787263958,2026-08-20T22:12:38+00:00,25.217,1,0,1881081.531841,0,1881081.531841,0.342222222,0,29.89653331392,0,"axiom,padre",,,8,110.09581237915,0.0,0.342222222,1881081.531841,1881081.531841,1,0.342222222,1881081.531841,1881081.531841,1,0.342222222,1881081.531841,1881081.531841,1,0.342222222,1881081.531841,1881081.531841,1,0.342222222,1881081.531841,1881081.531841,1,0,0,0,0,False,12.489970413841,False,,,,,,,,,,,,,,,,,,,,,,,,,,,,,,,,,,,,,,,,,
ANnDgPhr1e9p3ZkGLPMh5N5rvKMdqUwXtabM3LaM9XXA,final-ten-minutes,1787265445,2026-08-20T22:37:25+00:00,0.0003,1787265450,2026-08-20T22:37:30+00:00,0.35,3,0,807189.440548,0,807189.440548,0.322666664,0,28.1849331004,0,axiom,,,4,35.64745794651,0.0,0.322666664,807189.440548,807189.440548,3,0.322666664,807189.440548,807189.440548,3,0.322666664,807189.440548,807189.440548,3,0.322666664,807189.440548,807189.440548,3,0.322666664,807189.440548,807189.440548,3,0.322666664,807189.440548,807189.440548,3,False,12.423189344548,False,,,,,,,,,,,,,,,,,,,,,,,,,,,,,,,,,,,,,,,,,
7w75fZ3y3S2HeG6C9JFRVkLpob4Jf3bhGugkuVGtPMWD,old-holder,1783653767,2026-07-10T03:22:47+00:00,41.80213,1787254167,2026-08-20T19:29:27+00:00,188.4,3,6,18798262.563346,18798262.563346,0.0,1.11598719,2.000357469,93.76869927546,172.24917385685,"gmgn,paper_hands",top_holder,,9,75.89855609353,0.0,0.692174898,16100579.009915,0.0,2,0.692174898,16100579.009915,0.0,2,0.221280045,4896559.164406,-11204019.845509,1,0,0,-10498569.087161,0,0,0,0,0,0,0,0,0,False,11.903249021999999,False,,,,,,,,,,,,,,,,,,,,,,,,,,,,,,,,,,,,,,,,,
9RaD53aMMjuaiMcEbZxWCCjPv6FMje936VZBjw2hoY34,six-hours-before,1787254248,2026-08-20T19:30:48+00:00,0.1299,1787254248,2026-08-20T19:30:48+00:00,187.05,1,1,7819331.572355,7819331.572355,0.0,0.484989845,0.385843246,42.32506377315,33.7034075381,,,,2,-9.35300964798,0.0,0.484989845,7819331.572355,0.0,1,0.484989845,7819331.572355,0.0,1,0.484989845,7819331.572355,0.0,1,0,0,0,0,0,0,0,0,0,0,0,0,False,11.63975628,False,,,,,,,,,,,,,,,,,,,,,,,,,,,,,,,,,,,,,,,,,
ALPHAwwwizeKVW7LePvrW6SEY7yKNkRfGg6v339FXwK,hour-before,1787262098,2026-08-20T21:41:38+00:00,0.03904,1787262098,2026-08-20T21:41:38+00:00,56.217,1,1,3550333.061484,3550333.061484,0.0,0.365434842,0.395912875,32.00843781078,34.67800872125,"axiom,fresh_wallet",,,2,2.00714490811,0.0,0.365434842,3550333.061484,0.0,1,0.365434842,3550333.061484,0.0,1,0.365434842,3550333.061484,0.0,1,0.365434842,3550333.061484,0.0,1,0,0,0,0,0,0,0,0,False,11.328480102,False,,,,,,,,,,,,,,,,,,,,,,,,,,,,,,,,,,,,,,,,,
HXAYJj7g4Dn8bmcGDJmcH1rwS9tEbNjLWizJo2EeFx2y,final-ten-minutes,1787265368,2026-08-20T22:36:08+00:00,0.00119,1787265368,2026-08-20T22:36:08+00:00,1.717,1,0,993000.067857,0,993000.067857,0.281230099,0,24.5795106526,0,axiom,,,6,67.10394708287,0.0,0.281230099,993000.067857,993000.067857,1,0.281230099,993000.067857,993000.067857,1,0.281230099,993000.067857,993000.067857,1,0.281230099,993000.067857,993000.067857,1,0.281230099,993000.067857,993000.067857,1,0.281230099,993000.067857,993000.067857,1,False,11.117283631857001,False,,,,,,,,,,,,,,,,,,,,,,,,,,,,,,,,,,,,,,,,,
AUB1JdckZUAM6BDL1MdbY5DtvX8BQUMoXb7j693EugYw,hour-before,1787264712,2026-08-20T22:25:12+00:00,0.00878,1787264712,2026-08-20T22:25:12+00:00,12.65,1,0,1762298.823796,0,1762298.823796,0.278361794,0,24.36779144676,0,,,,1,-0.2325418250098952,0.0,0.278361794,1762298.823796,1762298.823796,1,0.278361794,1762298.823796,1762298.823796,1,0.278361794,1762298.823796,1762298.823796,1,0.278361794,1762298.823796,1762298.823796,1,0.278361794,1762298.823796,1762298.823796,1,0,0,0,0,False,10.391514437796,False,,,,,,,,,,,,,,,,,,,,,,,,,,,,,,,,,,,,,,,,,
8U2DvxLvpUDN1snRebaJY2QxQTF4Hzj4RbXCAqV6gL8K,hour-before,1787262455,2026-08-20T21:47:35+00:00,0.03491,1787262455,2026-08-20T21:47:35+00:00,50.267,1,1,2859231.080271,2859231.080271,0.0,0.321715147,0.250757847,28.16616111985,21.96137224026,gmgn,,,2,-6.69010824529,0.0,0.321715147,2859231.080271,0.0,1,0.321715147,2859231.080271,0.0,1,0.321715147,2859231.080271,0.0,1,0.321715147,2859231.080271,0.0,1,0,0,0,0,0,0,0,0,False,9.973169557,False,,,,,,,,,,,,,,,,,,,,,,,,,,,,,,,,,,,,,,,,,
HwLUyAPykbPgkotArMazDsNUn7uMyCSBMjm3drDHSBfw,six-hours-before,1787254243,2026-08-20T19:30:43+00:00,0.12995,1787254243,2026-08-20T19:30:43+00:00,187.133,1,1,7287421.644025,7287421.644025,0.0,0.395061727,0.449458671,34.48098753256,39.20627987133,,bundler,,2,3.88478264207,0.0,0.395061727,7287421.644025,0.0,1,0.395061727,7287421.644025,0.0,1,0.395061727,7287421.644025,0.0,1,0,0,0,0,0,0,0,0,0,0,0,0,False,9.481481448,False,,,,,,,,,,,,,,,,,,,,,,,,,,,,,,,,,,,,,,,,,
fE58Ubmhu5CHjzr5SNHXW5GV8isi8AcTjN64prRmP5W,hour-before,1787262094,2026-08-20T21:41:34+00:00,0.03909,1787262094,2026-08-20T21:41:34+00:00,56.283,1,1,4146590.457109,4146590.457109,0.0,0.303112928,1.200870085,26.54966136352,104.94403672815,,,,2,77.12502750382,0.0,0.303112928,4146590.457109,0.0,1,0.303112928,4146590.457109,0.0,1,0.303112928,4146590.457109,0.0,1,0.303112928,4146590.457109,0.0,1,0,0,-4146590.457109,0,0,0,-4146590.457109,0,False,9.396500768,False,,,,,,,,,,,,,,,,,,,,,,,,,,,,,,,,,,,,,,,,,
FXLRQAYuGKKsWoSHVsMxU3UoAfjbHY8dySinUeP4FkYP,hour-before,1787262095,2026-08-20T21:41:35+00:00,0.03907,1787262095,2026-08-20T21:41:35+00:00,56.267,1,1,4036583.317792,4036583.317792,0.0,0.301847006,0.929417377,26.43877925554,81.15672535964,,,,2,53.67563905925,0.0,0.301847006,4036583.317792,0.0,1,0.301847006,4036583.317792,0.0,1,0.301847006,4036583.317792,0.0,1,0.301847006,4036583.317792,0.0,1,0,0,0,0,0,0,0,0,False,9.357257185999998,False,,,,,,,,,,,,,,,,,,,,,,,,,,,,,,,,,,,,,,,,,
DGsAe9izritVAnfK52GQeRJUaNn7dXjhJRMBpKyf3RnT,hour-before,1787262742,2026-08-20T21:52:22+00:00,0.03159,1787262742,2026-08-20T21:52:22+00:00,45.483,1,1,3222793.8898,3222793.8898,0.0,0.301649274,0.756654926,26.41844341692,66.07110813832,,,,2,38.75386540534,0.0,0.301649274,3222793.8898,0.0,1,0.301649274,3222793.8898,0.0,1,0.301649274,3222793.8898,0.0,1,0.301649274,3222793.8898,0.0,1,0,0,0,0,0,0,0,0,False,9.351127494000002,False,,,,,,,,,,,,,,,,,,,,,,,,,,,,,,,,,,,,,,,,,
EaEf6TH8Nd2SThZrPKLkR11U6NojWZEExVL4HiQ1XXuw,six-hours-before,1787254168,2026-08-20T19:29:28+00:00,0.13082,1787254168,2026-08-20T19:29:28+00:00,188.383,1,1,8012551.359938,8012551.359938,0.0,0.382794824,1.134313851,33.42947197992,99.30917765505,gmgn,,,2,64.6095874322,0.0,0.382794824,8012551.359938,0.0,1,0.382794824,8012551.359938,0.0,1,0.382794824,8012551.359938,0.0,1,0,0,-8012551.359938,0,0,0,0,0,0,0,0,0,False,9.187075776,False,,,,,,,,,,,,,,,,,,,,,,,,,,,,,,,,,,,,,,,,,
DEYupP2jt3PSQZnrcPEsdp3SZNY8J8YUchG3sieoRbfL,final-ten-minutes,1787265235,2026-08-20T22:33:55+00:00,0.00273,1787265235,2026-08-20T22:33:55+00:00,3.933,1,0,720346.461813,0,720346.461813,0.213344902,0,18.64847788382,0,bluechip_owner,,,98,235.02071648578953,0.0,0.213344902,720346.461813,720346.461813,1,0.213344902,720346.461813,720346.461813,1,0.213344902,720346.461813,720346.461813,1,0.213344902,720346.461813,720346.461813,1,0.213344902,720346.461813,720346.461813,1,0.213344902,720346.461813,720346.461813,1,False,8.400762933813,False,,,,,,,,,,,,,,,,,,,,,,,,,,,,,,,,,,,,,,,,,
BehHTFAmVi4E4eTKmxAEGU1JZuCMwAHsb558xhsFPtUn,hour-before,1787262487,2026-08-20T21:48:07+00:00,0.03454,1787262487,2026-08-20T21:48:07+00:00,49.733,1,1,1925384.548997,1925384.548997,0.0,0.269106902,0.200784625,23.5603092701,17.5766860725,,,,2,-6.38352904656,0.0,0.269106902,1925384.548997,0.0,1,0.269106902,1925384.548997,0.0,1,0.269106902,1925384.548997,0.0,1,0.269106902,1925384.548997,0.0,1,0,0,0,0,0,0,0,0,False,8.342313961999999,False,,,,,,,,,,,,,,,,,,,,,,,,,,,,,,,,,,,,,,,,,
GDRS2UQfxxzDtjSNFChFiUG4E3Eie8RNeb5dRHWTvBDN,hour-before,1787262973,2026-08-20T21:56:13+00:00,0.02891,1787263267,2026-08-20T22:01:07+00:00,36.733,3,1,1514479.728103,1514479.728103,0.0,0.25679012,0.312256153,22.4691355,27.27869752608,,,,6,4.62888059358,0.0,0.25679012,1514479.728103,0.0,3,0.25679012,1514479.728103,0.0,3,0.25679012,1514479.728103,0.0,3,0.25679012,1514479.728103,0.0,3,0,0,0,0,0,0,0,0,False,7.9604937200000006,False,,,,,,,,,,,,,,,,,,,,,,,,,,,,,,,,,,,,,,,,,
7BD7SE6e8T2CrmvryVBd1aEF3z1XKeTY29B2sKYJycwM,hour-before,1787262102,2026-08-20T21:41:42+00:00,0.03899,1787262102,2026-08-20T21:41:42+00:00,56.15,1,1,2167628.626056,2167628.626056,0.0,0.251894941,0.196913492,22.06095893278,17.23780708968,,bundler,,2,-5.20559511792,0.0,0.251894941,2167628.626056,0.0,1,0.251894941,2167628.626056,0.0,1,0.251894941,2167628.626056,0.0,1,0.251894941,2167628.626056,0.0,1,0,0,0,0,0,0,0,0,False,7.808743171,False,,,,,,,,,,,,,,,,,,,,,,,,,,,,,,,,,,,,,,,,,
7B8E7tMmkPe9WmA3fVUHcNFK5rRvfbkRNc9nn2RziWFT,hour-before,1787262094,2026-08-20T21:41:34+00:00,0.03909,1787262094,2026-08-20T21:41:34+00:00,56.283,1,1,3398651.241863,3398651.241863,0.0,0.251287365,0.756573224,22.01026030035,66.06397391968,,,,2,43.19685872691,0.0,0.251287365,3398651.241863,0.0,1,0.251287365,3398651.241863,0.0,1,0.251287365,3398651.241863,0.0,1,0.251287365,3398651.241863,0.0,1,0,0,0,0,0,0,0,0,False,7.789908314999999,False,,,,,,,,,,,,,,,,,,,,,,,,,,,,,,,,,,,,,,,,,
FcaFYzGhdBbvNFa5ipHpMLVhJ61beXYK7vTNmA7tHLbi,hour-before,1787262683,2026-08-20T21:51:23+00:00,0.03227,1787262683,2026-08-20T21:51:23+00:00,46.467,1,1,2090877.498374,2090877.498374,0.0,0.246913579,0.352605368,21.61975297724,30.84591759264,"fresh_wallet,padre",,,2,8.69142765712,0.0,0.246913579,2090877.498374,0.0,1,0.246913579,2090877.498374,0.0,1,0.246913579,2090877.498374,0.0,1,0.246913579,2090877.498374,0.0,1,0,0,0,0,0,0,0,0,False,7.654320949,False,,,,,,,,,,,,,,,,,,,,,,,,,,,,,,,,,,,,,,,,,
269X9CQeFn3dox73cwrtEXRvXPFJ3KHvXGtrmo32p7GM,hour-before,1787263299,2026-08-20T22:01:39+00:00,0.02514,1787263299,2026-08-20T22:01:39+00:00,36.2,1,2,1127513.371993,1127513.371993,0.0,0.237037036,0.32457083800000003,20.7288887982,28.36924392762,"gmgn,paper_hands",,,11,11.20212697584,0.0,0.237037036,1127513.371993,0.0,1,0.237037036,1127513.371993,0.0,1,0.237037036,1127513.371993,0.0,1,0.237037036,1127513.371993,0.0,1,0,0,-1127513.371993,0,0,0,-1127513.371993,0,False,7.348148116,False,,,,,,,,,,,,,,,,,,,,,,,,,,,,,,,,,,,,,,,,,
DRqNfNxjEqoaJjRjmtCTQ76wNArDJJUkyM98m8vyzpxp,hour-before,1787264416,2026-08-20T22:20:16+00:00,0.01221,1787264416,2026-08-20T22:20:16+00:00,17.583,1,0,1027695.814194,0,1027695.814194,0.203251251,0,17.76009431238,0,,,,8,613.70626364153,0.0,0.203251251,1027695.814194,1027695.814194,1,0.203251251,1027695.814194,1027695.814194,1,0.203251251,1027695.814194,1027695.814194,1,0.203251251,1027695.814194,1027695.814194,1,0.203251251,1027695.814194,1027695.814194,1,0,0,0,0,False,7.328484595193999,False,,,,,,,,,,,,,,,,,,,,,,,,,,,,,,,,,,,,,,,,,
68UmihAjkWUcJ333TynMkKbPKthhTzYt7Gy65o1PsWLp,launch-window,1783652267,2026-07-10T02:57:47+00:00,41.81949,1787254916,2026-08-20T19:41:56+00:00,175.917,2,3,6962954.304729,6962954.304729,0.0,0.483089605,0.791118118,40.6465160736,68.29325106954,paper_hands,bundler,,5,26.58705818599,0.0,0.290933823,5439222.670195,0.0,1,0.290933823,5439222.670195,0.0,1,0.290933823,5439222.670195,0.0,1,0,0,-5439222.670195,0,0,0,0,0,0,0,0,0,True,6.982411751999999,False,,,,,,,,,,,,,,,,,,,,,,,,,,,,,,,,,,,,,,,,,
5Khag2TrqrFeCsbqinnFJqbv1oeSKTcBxs9bK2tr5T4o,day-before,1787241130,2026-08-20T15:52:10+00:00,0.28172,1787241130,2026-08-20T15:52:10+00:00,405.683,1,1,16620040.095575,16620040.095575,0.0,0.493827159,0.493827158,43.09629616593,43.1111108934,gmgn,,,2,-1.91353232682,0.0,0.493827159,16620040.095575,0.0,1,0.493827159,16620040.095575,0.0,1,0,0,0,0,0,0,0,0,0,0,0,0,0,0,0,0,False,6.9135802260000006,False,,,,,,,,,,,,,,,,,,,,,,,,,,,,,,,,,,,,,,,,,
CpbwtELHbjuF6LK1LcQQqP8A4UahEhCAaM1ppvgQjBsE,hour-before,1787262100,2026-08-20T21:41:40+00:00,0.03902,1787262100,2026-08-20T21:41:40+00:00,56.183,1,1,1974573.892281,1974573.892281,0.0,0.219428502,0.191663709,19.21754820516,16.78015772295,,,,2,-2.78847454569,0.0,0.219428502,1974573.892281,0.0,1,0.219428502,1974573.892281,0.0,1,0.219428502,1974573.892281,0.0,1,0.219428502,1974573.892281,0.0,1,0,0,0,0,0,0,0,0,False,6.802283562,False,,,,,,,,,,,,,,,,,,,,,,,,,,,,,,,,,,,,,,,,,
CjPnncBVuyxWcGw5rx9Rv4msBVmEquWM3YCtysj614MS,final-ten-minutes,1787265253,2026-08-20T22:34:13+00:00,0.00252,1787265253,2026-08-20T22:34:13+00:00,3.633,1,0,526785.38578,0,526785.38578,0.158512097,0,13.85078703586,0,,,,4,192.930505790185,0.0,0.158512097,526785.38578,526785.38578,1,0.158512097,526785.38578,526785.38578,1,0.158512097,526785.38578,526785.38578,1,0.158512097,526785.38578,526785.38578,1,0.158512097,526785.38578,526785.38578,1,0.158512097,526785.38578,526785.38578,1,False,6.23322087778,False,,,,,,,,,,,,,,,,,,,,,,,,,,,,,,,,,,,,,,,,,
7gDojuNci8E2jgbCTLpwhUbX3nBmeM2jyFopzYUFkxBn,hour-before,1787262095,2026-08-20T21:41:35+00:00,0.03907,1787262095,2026-08-20T21:41:35+00:00,56.267,1,1,2641767.413772,2641767.413772,0.0,0.200810677,0.597532734,17.58900719843,52.17655833288,,,,2,33.90462857775,0.0,0.200810677,2641767.413772,0.0,1,0.200810677,2641767.413772,0.0,1,0.200810677,2641767.413772,0.0,1,0.200810677,2641767.413772,0.0,1,0,0,0,0,0,0,0,0,False,6.225130987,False,,,,,,,,,,,,,,,,,,,,,,,,,,,,,,,,,,,,,,,,,
6qqLf6uaYU6aiSJBiM2n2W1NkTYb4WNDg3YHAdifkE4a,hour-before,1787262550,2026-08-20T21:49:10+00:00,0.03381,1787262550,2026-08-20T21:49:10+00:00,48.683,1,1,1323758.42936,1323758.42936,0.0,0.197530863,0.15655337,17.29777767291,13.7078130772,padre,,,2,-4.40425003404,0.0,0.197530863,1323758.42936,0.0,1,0.197530863,1323758.42936,0.0,1,0.197530863,1323758.42936,0.0,1,0.197530863,1323758.42936,0.0,1,0,0,0,0,0,0,0,0,False,6.123456753,False,,,,,,,,,,,,,,,,,,,,,,,,,,,,,,,,,,,,,,,,,
GUY2nGtfg9gdbZa2b7sGNBPM13uJUdq5PeEyUtJVwVgP,six-hours-before,1787254167,2026-08-20T19:29:27+00:00,0.13083,1787254167,2026-08-20T19:29:27+00:00,188.4,1,1,5341700.906625,5341700.906625,0.0,0.248677934,0.791236401,21.71704397622,69.27274690755,,,,2,46.6821988265,0.0,0.248677934,5341700.906625,0.0,1,0.248677934,5341700.906625,0.0,1,0.248677934,5341700.906625,0.0,1,0,0,-5341700.906625,0,0,0,0,0,0,0,0,0,False,5.968270415999999,False,,,,,,,,,,,,,,,,,,,,,,,,,,,,,,,,,,,,,,,,,
YWzEJLhgobeRvYnqVhPRNRC36sEiB9KJWybkXdXoyyb,hour-before,1787263120,2026-08-20T21:58:40+00:00,0.02721,1787263120,2026-08-20T21:58:40+00:00,39.183,1,0,914980.108972,0,914980.108972,0.150000001,0,13.12350008749,0,trojan,,,33,601.03934465326,0.0,0.150000001,914980.108972,914980.108972,1,0.150000001,914980.108972,914980.108972,1,0.150000001,914980.108972,914980.108972,1,0.150000001,914980.108972,914980.108972,1,0,0,0,0,0,0,0,0,False,5.564980139972,False,,,,,,,,,,,,,,,,,,,,,,,,,,,,,,,,,,,,,,,,,
H5qWZg4qNFrnNpd8pFRYRZzR9Us2YGmQBQu3jxrUz6iF,six-hours-before,1787244593,2026-08-20T16:49:53+00:00,0.24164,1787244758,2026-08-20T16:52:38+00:00,345.217,2,0,2701811.2835250003,0,2701811.2835250003,0.116071548,0,10.14993715404,0,axiom,top_holder,,6,810.06666061716,0.0,0.116071548,2701811.2835250003,2701811.2835250003,2,0.116071548,2701811.2835250003,2701811.2835250003,2,0.116071548,2701811.2835250003,2701811.2835250003,2,0,0,0,0,0,0,0,0,0,0,0,0,False,5.487528435525,False,,,,,,,,,,,,,,,,,,,,,,,,,,,,,,,,,,,,,,,,,
Dn9AiXijfuPtN1PWtzaHGiLfDzrr6yvjpEcUWfM6e6WX,six-hours-before,1787254167,2026-08-20T19:29:27+00:00,0.13083,1787254167,2026-08-20T19:29:27+00:00,188.4,1,2,4451417.422188,4451417.422188,0.0,0.20471091,0.5185344239999999,17.8774037703,45.397607742679995,,,,3,26.90254677688,0.0,0.20471091,4451417.422188,0.0,1,0.20471091,4451417.422188,0.0,1,0.20471091,4451417.422188,0.0,1,0,0,-4451417.422188,0,0,0,0,0,0,0,0,0,False,4.91306184,False,,,,,,,,,,,,,,,,,,,,,,,,,,,,,,,,,,,,,,,,,
HDxfFXqE6sXZvu5aenNu4rPKNqmdUdHj5rEwzVM51jpD,hour-before,1787264831,2026-08-20T22:27:11+00:00,0.00741,1787264831,2026-08-20T22:27:11+00:00,10.667,1,1,830450.817561,830450.817561,0.0,0.15802469,0.250705896,13.8208393874,21.92172354624,,,,2,7.71101098912,0.0,0.15802469,830450.817561,0.0,1,0.15802469,830450.817561,0.0,1,0.15802469,830450.817561,0.0,1,0.15802469,830450.817561,0.0,1,0.15802469,830450.817561,0.0,1,0,0,-830450.817561,0,False,4.89876539,False,,,,,,,,,,,,,,,,,,,,,,,,,,,,,,,,,,,,,,,,,
G51Uy1pM6pB7nYJJFVLu4sC6hLJ73kB39VnaRbHZJopd,six-hours-before,1787255486,2026-08-20T19:51:26+00:00,0.11557,1787255486,2026-08-20T19:51:26+00:00,166.417,1,1,3748623.004287,3748623.004287,0.0,0.197530863,0.186068003,17.23061717949,16.34049202346,,,,2,-1.34887006918,0.0,0.197530863,3748623.004287,0.0,1,0.197530863,3748623.004287,0.0,1,0.197530863,3748623.004287,0.0,1,0,0,0,0,0,0,0,0,0,0,0,0,False,4.740740712,False,,,,,,,,,,,,,,,,,,,,,,,,,,,,,,,,,,,,,,,,,
DsTvSBjcP6jQ1sqzXf6n5eHS4M3NPUxae3j4sBUWhmpV,hour-before,1787262095,2026-08-20T21:41:35+00:00,0.03907,1787262095,2026-08-20T21:41:35+00:00,56.267,1,1,2018291.658896,2018291.658896,0.0,0.152324916,0.480632692,13.34213939244,41.96884666544,,,,2,28.08110321015,0.0,0.152324916,2018291.658896,0.0,1,0.152324916,2018291.658896,0.0,1,0.152324916,2018291.658896,0.0,1,0.152324916,2018291.658896,0.0,1,0,0,0,0,0,0,0,0,False,4.722072396000001,False,,,,,,,,,,,,,,,,,,,,,,,,,,,,,,,,,,,,,,,,,
B8dTTE5FuquJisXw7FoZfFGzQzRqSUvGBTJvyDmsUDyF,six-hours-before,1787254170,2026-08-20T19:29:30+00:00,0.1308,1787254170,2026-08-20T19:29:30+00:00,188.35,1,1,4006275.679969,4006275.679969,0.0,0.194227437,0.581695773,16.95993979884,50.92746492615,gmgn,,,2,33.31349390829,0.0,0.194227437,4006275.679969,0.0,1,0.194227437,4006275.679969,0.0,1,0.194227437,4006275.679969,0.0,1,0,0,-4006275.679969,0,0,0,0,0,0,0,0,0,False,4.661458488,False,,,,,,,,,,,,,,,,,,,,,,,,,,,,,,,,,,,,,,,,,
3wDBpY1vSbzzGoZUo2613m52TmWMhPxsSU7XftsCaPUd,six-hours-before,1787254167,2026-08-20T19:29:27+00:00,0.13083,1787254167,2026-08-20T19:29:27+00:00,188.4,1,2,4006275.679969,4006275.6799689997,4.656612873077393e-10,0.188622103,0.43052889899999996,16.47236825499,37.69307537874,,,,3,20.68959089711,0.0,0.188622103,4006275.679969,4.656612873077393e-10,1,0.188622103,4006275.679969,4.656612873077393e-10,1,0.188622103,4006275.679969,4.656612873077393e-10,1,0,0,-4006275.6799689997,0,0,0,0,0,0,0,0,0,False,4.526930472000001,False,,,,,,,,,,,,,,,,,,,,,,,,,,,,,,,,,,,,,,,,,
4wYcR7rMiKgeWxq4D9goSnQ4TkCiVu7wAjxJ8PK7kpiv,hour-before,1787262198,2026-08-20T21:43:18+00:00,0.03788,1787262198,2026-08-20T21:43:18+00:00,54.55,1,0,1020120.780609,0,1020120.780609,0.110563171,0,9.67980562105,0,"fomo,fresh_wallet",,,6,2299.4970899157393,0.0,0.110563171,1020120.780609,1020120.780609,1,0.110563171,1020120.780609,1020120.780609,1,0.110563171,1020120.780609,1020120.780609,1,0.110563171,1020120.780609,1020120.780609,1,0,0,0,0,0,0,0,0,False,4.447579081609,False,,,,,,,,,,,,,,,,,,,,,,,,,,,,,,,,,,,,,,,,,
B2xRZP24A9epitGmSUsxPgXsUZyrve7cqXQQRViNPxh1,hour-before,1787262092,2026-08-20T21:41:32+00:00,0.03911,1787262092,2026-08-20T21:41:32+00:00,56.317,1,0,1362364.514919,0,1362364.514919,0.098765431,0,8.64790113836,0,"axiom,fresh_wallet,gmgn",bundler,,2,49.17989557188,0.0,0.098765431,1362364.514919,1362364.514919,1,0.098765431,1362364.514919,1362364.514919,1,0.098765431,1362364.514919,1362364.514919,1,0.098765431,1362364.514919,1362364.514919,1,0,0,0,0,0,0,0,0,False,4.424092875919,False,,,,,,,,,,,,,,,,,,,,,,,,,,,,,,,,,,,,,,,,,
85nUFMSu76sWy9sYe6bt3pNU4HRNq9wWRxNbfmQHo2oz,final-ten-minutes,1787265396,2026-08-20T22:36:36+00:00,0.00087,1787265396,2026-08-20T22:36:36+00:00,1.25,1,0,313449.460755,0,313449.460755,0.112964868,0,9.86974051716,0,,,,2,8.57691923889,0.0,0.112964868,313449.460755,313449.460755,1,0.112964868,313449.460755,313449.460755,1,0.112964868,313449.460755,313449.460755,1,0.112964868,313449.460755,313449.460755,1,0.112964868,313449.460755,313449.460755,1,0.112964868,313449.460755,313449.460755,1,False,4.380184708755,False,,,,,,,,,,,,,,,,,,,,,,,,,,,,,,,,,,,,,,,,,
GbPGywmVk4BVxF4F6LZ8fn1xrtQ8dLnDmiYgmkvNHTQS,hour-before,1787262096,2026-08-20T21:41:36+00:00,0.03906,1787262096,2026-08-20T21:41:36+00:00,56.25,1,0,992337.902948,0,992337.902948,0.098765431,0,8.65086410129,0,gmgn,bundler,,30,1570.62871218728,0.0,0.098765431,992337.902948,992337.902948,1,0.098765431,992337.902948,992337.902948,1,0.098765431,992337.902948,992337.902948,1,0.098765431,992337.902948,992337.902948,1,0,0,0,0,0,0,0,0,False,4.054066263948,False,,,,,,,,,,,,,,,,,,,,,,,,,,,,,,,,,,,,,,,,,
EmQSdt9xVRMCjJH1XCuXjDbGrSTtwUH1W95YG1QaEMpG,hour-before,1787263376,2026-08-20T22:02:56+00:00,0.02425,1787263376,2026-08-20T22:02:56+00:00,34.917,1,1,570806.440328,570806.440328,0.0,0.125573045,0.102196062,10.9801070548,8.92580405508,"axiom,paper_hands",,,4,-6.1504917318,0.0,0.125573045,570806.440328,0.0,1,0.125573045,570806.440328,0.0,1,0.125573045,570806.440328,0.0,1,0.125573045,570806.440328,0.0,1,0,0,-570806.440328,0,0,0,0,0,False,3.892764395,False,,,,,,,,,,,,,,,,,,,,,,,,,,,,,,,,,,,,,,,,,
E1mx2VppWXVciew5BjcegTvdBRShJezNxk3usDdRi7vq,final-ten-minutes,1787265395,2026-08-20T22:36:35+00:00,0.00088,1787265395,2026-08-20T22:36:35+00:00,1.267,1,0,271840.663398,0,271840.663398,0.097777777,0,8.54284437649,0,axiom,,,2,543.99198447918,0.0,0.097777777,271840.663398,271840.663398,1,0.097777777,271840.663398,271840.663398,1,0.097777777,271840.663398,271840.663398,1,0.097777777,271840.663398,271840.663398,1,0.097777777,271840.663398,271840.663398,1,0.097777777,271840.663398,271840.663398,1,False,3.791840635398,False,,,,,,,,,,,,,,,,,,,,,,,,,,,,,,,,,,,,,,,,,
54i4V3AtFrhHYkn4GjkU4HzCEYKpcVv4gyjWhe1KW4Ry,hour-before,1787263860,2026-08-20T22:11:00+00:00,0.01865,1787265060,2026-08-20T22:31:00+00:00,6.85,2,0,438182.804869,0,438182.804869,0.100000002,0,8.74400017488,0,trojan,,,16,410.18363659523,0.0,0.100000002,438182.804869,438182.804869,2,0.100000002,438182.804869,438182.804869,2,0.100000002,438182.804869,438182.804869,2,0.100000002,438182.804869,438182.804869,2,0.100000002,438182.804869,438182.804869,2,0.050000001,161842.740569,161842.740569,1,False,3.788182871869,False,,,,,,,,,,,,,,,,,,,,,,,,,,,,,,,,,,,,,,,,,
B4tNdaY2rEWPPVFp2zpFGjF34BmCXqJ4bytEgVFoy9GB,hour-before,1787263376,2026-08-20T22:02:56+00:00,0.02425,1787263376,2026-08-20T22:02:56+00:00,34.917,1,1,538777.145755,538777.145755,0.0,0.118871399,0.096714514,10.39411512856,8.44704565276,"axiom,paper_hands",,,4,-6.55215964513,0.0,0.118871399,538777.145755,0.0,1,0.118871399,538777.145755,0.0,1,0.118871399,538777.145755,0.0,1,0.118871399,538777.145755,0.0,1,0,0,-538777.145755,0,0,0,0,0,False,3.685013369,False,,,,,,,,,,,,,,,,,,,,,,,,,,,,,,,,,,,,,,,,,
5XB9wdZfx4n9T19KvB5wtME2fFhAsMWDYin93RdkZdcy,hour-before,1787263295,2026-08-20T22:01:35+00:00,0.02519,1787263295,2026-08-20T22:01:35+00:00,36.267,1,1,528897.127663,528897.127663,0.0,0.110720633,0.1032513,9.68251935585,9.033456237,"fomo,fresh_wallet",,,4,-2.405013025591177,0.0,0.110720633,528897.127663,0.0,1,0.110720633,528897.127663,0.0,1,0.110720633,528897.127663,0.0,1,0.110720633,528897.127663,0.0,1,0,0,-528897.127663,0,0,0,0,0,False,3.432339623,False,,,,,,,,,,,,,,,,,,,,,,,,,,,,,,,,,,,,,,,,,
8NsLuu5sdp83EEqudgcjMEpJADZ7R7iakGbDECcDyP52,hour-before,1787262113,2026-08-20T21:41:53+00:00,0.03887,1787262113,2026-08-20T21:41:53+00:00,55.967,1,1,995325.622515,995325.622515,0.0,0.110465971,0.094720831,9.67460974018,8.29565037898,fomo,,,13,258.9303304958375,0.0,0.110465971,995325.622515,0.0,1,0.110465971,995325.622515,0.0,1,0.110465971,995325.622515,0.0,1,0.110465971,995325.622515,0.0,1,0,0,0,0,0,0,0,0,False,3.424445101,False,,,,,,,,,,,,,,,,,,,,,,,,,,,,,,,,,,,,,,,,,
BrGNspkPEZi22MjeWsiQ3VApDofegn1A3yMQhGqT4EdZ,hour-before,1787262103,2026-08-20T21:41:43+00:00,0.03898,1787262103,2026-08-20T21:41:43+00:00,56.133,1,1,895082.001827,895082.001827,0.0,0.104622908,0.085711022,9.16287428264,7.50571419654,,,,2,-1.83397236974,0.0,0.104622908,895082.001827,0.0,1,0.104622908,895082.001827,0.0,1,0.104622908,895082.001827,0.0,1,0.104622908,895082.001827,0.0,1,0,0,0,0,0,0,0,0,False,3.243310148,False,,,,,,,,,,,,,,,,,,,,,,,,,,,,,,,,,,,,,,,,,
21SZXgmSST8Y1VrRW9YSEBvLS4Ciq4BDa2pEjJVpB4Vx,hour-before,1787262103,2026-08-20T21:41:43+00:00,0.03898,1787262103,2026-08-20T21:41:43+00:00,56.133,1,1,855595.992811,855595.992811,0.0,0.101202507,0.0816831,8.86331556306,7.152989067,,,,2,-1.88094208913,0.0,0.101202507,855595.992811,0.0,1,0.101202507,855595.992811,0.0,1,0.101202507,855595.992811,0.0,1,0.101202507,855595.992811,0.0,1,0,0,0,0,0,0,0,0,False,3.137277717,False,,,,,,,,,,,,,,,,,,,,,,,,,,,,,,,,,,,,,,,,,
8hQBGkUzxJHeJTxr6iVYheZqGpooNm49vCF3CKprYYZu,hour-before,1787262096,2026-08-20T21:41:36+00:00,0.03906,1787262096,2026-08-20T21:41:36+00:00,56.25,1,1,1276631.068831,1276631.068831,0.0,0.098765431,0.141422596,8.65086410129,12.38296250576,,,,2,3.45078467628,0.0,0.098765431,1276631.068831,0.0,1,0.098765431,1276631.068831,0.0,1,0.098765431,1276631.068831,0.0,1,0.098765431,1276631.068831,0.0,1,0,0,0,0,0,0,0,0,False,3.061728361,False,,,,,,,,,,,,,,,,,,,,,,,,,,,,,,,,,,,,,,,,,
5YV9BAxBd78w1dmEhW41zfdsTitoPbMhZ2AXQiiGZpV3,final-ten-minutes,1787265437,2026-08-20T22:37:17+00:00,0.00039,1787265437,2026-08-20T22:37:17+00:00,0.567,1,0,216099.718435,0,216099.718435,0.079012344,0,6.90251837184,0,,,,3,439.03548213396,0.0,0.079012344,216099.718435,216099.718435,1,0.079012344,216099.718435,216099.718435,1,0.079012344,216099.718435,216099.718435,1,0.079012344,216099.718435,216099.718435,1,0.079012344,216099.718435,216099.718435,1,0.079012344,216099.718435,216099.718435,1,False,3.060544102435,False,,,,,,,,,,,,,,,,,,,,,,,,,,,,,,,,,,,,,,,,,
HS6Rzd9Peh7RsoUYskrpZsfq1YGp5q3HpXckj7RStqw6,hour-before,1787262125,2026-08-20T21:42:05+00:00,0.03873,1787262125,2026-08-20T21:42:05+00:00,55.767,1,1,995695.700703,995695.700703,0.0,0.097777777,0.107920753,8.56142215412,9.44522430256,axiom,,,2,0.71151336264,0.0,0.097777777,995695.700703,0.0,1,0.097777777,995695.700703,0.0,1,0.097777777,995695.700703,0.0,1,0.097777777,995695.700703,0.0,1,0,0,0,0,0,0,0,0,False,3.0311110869999998,False,,,,,,,,,,,,,,,,,,,,,,,,,,,,,,,,,,,,,,,,,
8LNUDQ2AwPRRwJaz2GV6PL3ZV54Mct1GHx1xsMcPPXix,final-ten-minutes,1787265412,2026-08-20T22:36:52+00:00,0.00068,1787265412,2026-08-20T22:36:52+00:00,0.983,1,0,210318.999097,0,210318.999097,0.076339563,0,6.66902422368,0,fomo,,,22,166.27737174852666,0.0,0.076339563,210318.999097,210318.999097,1,0.076339563,210318.999097,210318.999097,1,0.076339563,210318.999097,210318.999097,1,0.076339563,210318.999097,210318.999097,1,0.076339563,210318.999097,210318.999097,1,0.076339563,210318.999097,210318.999097,1,False,2.9585432670969998,False,,,,,,,,,,,,,,,,,,,,,,,,,,,,,,,,,,,,,,,,,
9GoZtPb7THVNrZhc6iFUudsXbtMJi7QdmE3MBi9gkw1W,six-hours-before,1787254167,2026-08-20T19:29:27+00:00,0.13083,1787254167,2026-08-20T19:29:27+00:00,188.4,1,3,2670850.453312,2670850.453312,0.0,0.12178702,0.318731991,10.6356604566,27.90592580468,,,,4,16.88013384893,0.0,0.12178702,2670850.453312,0.0,1,0.12178702,2670850.453312,0.0,1,0.12178702,2670850.453312,0.0,1,0,0,-2670850.453312,0,0,0,0,0,0,0,0,0,False,2.92288848,False,,,,,,,,,,,,,,,,,,,,,,,,,,,,,,,,,,,,,,,,,
HMQSGHnddMZqh17TY5Uemt1tqcs3aP2aqA9ivqK3SD2K,hour-before,1787262145,2026-08-20T21:42:25+00:00,0.0385,1787262145,2026-08-20T21:42:25+00:00,55.433,1,1,803445.070485,803445.070485,0.0,0.090629574,0.086796421,7.9346192037,7.59642276592,"fomo,fresh_wallet",,,2,-0.66693124065,0.0,0.090629574,803445.070485,0.0,1,0.090629574,803445.070485,0.0,1,0.090629574,803445.070485,0.0,1,0.090629574,803445.070485,0.0,1,0,0,0,0,0,0,0,0,False,2.8095167940000003,False,,,,,,,,,,,,,,,,,,,,,,,,,,,,,,,,,,,,,,,,,
7KmQ56Ho3u6yBwMyuqNCi2oybFzupcXMmxPvm7KshpYZ,hour-before,1787264493,2026-08-20T22:21:33+00:00,0.01132,1787264493,2026-08-20T22:21:33+00:00,16.3,1,1,443789.522348,443789.522348,0.0,0.088,0.095008893,7.6956,8.30947778178,,,,2,0.23802968626,0.0,0.088,443789.522348,0.0,1,0.088,443789.522348,0.0,1,0.088,443789.522348,0.0,1,0.088,443789.522348,0.0,1,0.088,443789.522348,0.0,1,0,0,0,0,False,2.728,False,,,,,,,,,,,,,,,,,,,,,,,,,,,,,,,,,,,,,,,,,
ByV1UsQzksXJ8MG3rNFwDnaTTbHk9iThWc12nEVKjdHL,six-hours-before,1787254244,2026-08-20T19:30:44+00:00,0.12994,1787254244,2026-08-20T19:30:44+00:00,187.117,1,1,1775345.889439,1775345.889439,0.0,0.098765431,0.110880102,8.62024681768,9.67318009848,,,,2,0.85645655704,0.0,0.098765431,1775345.889439,0.0,1,0.098765431,1775345.889439,0.0,1,0.098765431,1775345.889439,0.0,1,0,0,0,0,0,0,0,0,0,0,0,0,False,2.370370344,False,,,,,,,,,,,,,,,,,,,,,,,,,,,,,,,,,,,,,,,,,
BoduAmZsXFZZMPXWC53uJJACJENzNt2HtZGbQtQhMWfE,six-hours-before,1787254244,2026-08-20T19:30:44+00:00,0.12994,1787254244,2026-08-20T19:30:44+00:00,187.117,1,1,1767087.822313,1767087.822313,0.0,0.098765431,0.110910933,8.62024681768,9.67808801358,,,,2,0.86131473716,0.0,0.098765431,1767087.822313,0.0,1,0.098765431,1767087.822313,0.0,1,0.098765431,1767087.822313,0.0,1,0,0,0,0,0,0,0,0,0,0,0,0,False,2.370370344,False,,,,,,,,,,,,,,,,,,,,,,,,,,,,,,,,,,,,,,,,,
t6oDnL6QGfrUPfekZ37aj7kxSkifZBQLfySE1XA6hsh,six-hours-before,1787254664,2026-08-20T19:37:44+00:00,0.12508,1787254664,2026-08-20T19:37:44+00:00,180.117,1,1,2002000.557321,2002000.557321,0.0,0.097777777,0.100029076,8.53991104318,8.72953746252,axiom,,,2,-0.09035469471,0.0,0.097777777,2002000.557321,0.0,1,0.097777777,2002000.557321,0.0,1,0.097777777,2002000.557321,0.0,1,0,0,0,0,0,0,0,0,0,0,0,0,False,2.346666648,False,,,,,,,,,,,,,,,,,,,,,,,,,,,,,,,,,,,,,,,,,
F7p3dFrjRTbtRp8FRF6qHLomXbKRBzpvBLjtQcfcgmNe,final-ten-minutes,1787265420,2026-08-20T22:37:00+00:00,0.00059,1787265420,2026-08-20T22:37:00+00:00,0.85,1,0,155603.174938,0,155603.174938,0.055231349,0,4.82445833515,0,"bluechip_owner,sandwich_bot",,,101,-7.567170751724813,0.0,0.055231349,155603.174938,155603.174938,1,0.055231349,155603.174938,155603.174938,1,0.055231349,155603.174938,155603.174938,1,0.055231349,155603.174938,155603.174938,1,0.055231349,155603.174938,155603.174938,1,0.055231349,155603.174938,155603.174938,1,False,2.143931738938,False,,,,,,,,,,,,,,,,,,,,,,,,,,,,,,,,,,,,,,,,,
6WMVkJSF98co7SRweG2L8pWYKcdi8UUR5vLNmk27nD7s,six-hours-before,1787254249,2026-08-20T19:30:49+00:00,0.12988,1787254351,2026-08-20T19:32:31+00:00,185.333,2,1,1445398.837544,1445398.837544,0.0,0.087999999,0.070544904,7.68005324604,6.15222107784,axiom,,,3,-1.68672579831,0.0,0.087999999,1445398.837544,0.0,2,0.087999999,1445398.837544,0.0,2,0.087999999,1445398.837544,0.0,2,0,0,0,0,0,0,0,0,0,0,0,0,False,2.111999976,False,,,,,,,,,,,,,,,,,,,,,,,,,,,,,,,,,,,,,,,,,
A7xN2sf7Gcj5MxzJsTKJ2HrwTpmRgLUL6LYZxkGzwcqv,hour-before,1787264119,2026-08-20T22:15:19+00:00,0.01565,1787264119,2026-08-20T22:15:19+00:00,22.533,1,0,292396.188799,0,292396.188799,0.055380922,0,4.8402925828,0,fomo,,,8,49.96696027383,0.0,0.055380922,292396.188799,292396.188799,1,0.055380922,292396.188799,292396.188799,1,0.055380922,292396.188799,292396.188799,1,0.055380922,292396.188799,292396.188799,1,0.055380922,292396.188799,292396.188799,1,0,0,0,0,False,2.009204770799,False,,,,,,,,,,,,,,,,,,,,,,,,,,,,,,,,,,,,,,,,,
q5xXToD4qKd6N3wanHzP6Cn7vZ9Fj7118aWG2Ki9R9p,final-ten-minutes,1787265362,2026-08-20T22:36:02+00:00,0.00126,1787265362,2026-08-20T22:36:02+00:00,1.817,1,0,178312.496139,0,178312.496139,0.04968115,0,4.3426293215,0,fresh_wallet,,,2,13.00267914763,0.0,0.04968115,178312.496139,178312.496139,1,0.04968115,178312.496139,178312.496139,1,0.04968115,178312.496139,178312.496139,1,0.04968115,178312.496139,178312.496139,1,0.04968115,178312.496139,178312.496139,1,0.04968115,178312.496139,178312.496139,1,False,1.966833896139,False,,,,,,,,,,,,,,,,,,,,,,,,,,,,,,,,,,,,,,,,,
5VoFDVDEn8HnbnMVyGPkpmZZTGLk2keMHEsKTTdocYLh,final-ten-minutes,1787264947,2026-08-20T22:29:07+00:00,0.00606,1787264947,2026-08-20T22:29:07+00:00,8.733,1,0,166967.683703,0,166967.683703,0.049362961,0,4.31679093945,0,fomo,,,18,26.789205916309715,0.0,0.049362961,166967.683703,166967.683703,1,0.049362961,166967.683703,166967.683703,1,0.049362961,166967.683703,166967.683703,1,0.049362961,166967.683703,166967.683703,1,0.049362961,166967.683703,166967.683703,1,0.049362961,166967.683703,166967.683703,1,False,1.9440342797030001,False,,,,,,,,,,,,,,,,,,,,,,,,,,,,,,,,,,,,,,,,,
65885apdu7gL97TxRmzfUa1fPdRGXjfB21Dbp5nn4urc,final-ten-minutes,1787265169,2026-08-20T22:32:49+00:00,0.0035,1787265170,2026-08-20T22:32:50+00:00,5.017,5,1,167664.503939,167664.503939,0.0,0.048888885,0.049486674,4.27357299339,4.32612504108,axiom,,,6,-0.08421663762,0.0,0.048888885,167664.503939,0.0,5,0.048888885,167664.503939,0.0,5,0.048888885,167664.503939,0.0,5,0.048888885,167664.503939,0.0,5,0.048888885,167664.503939,0.0,5,0.048888885,167664.503939,0.0,5,False,1.75999986,False,,,,,,,,,,,,,,,,,,,,,,,,,,,,,,,,,,,,,,,,,
2EE2Fe3hWdNJbR6v4YXmUMxXMBZ9Y2YTsakQqQ4rRHfQ,hour-before,1787262811,2026-08-20T21:53:31+00:00,0.03079,1787262811,2026-08-20T21:53:31+00:00,44.333,1,0,357157.941134,0,357157.941134,0.037388641,0,3.27412329237,0,fresh_wallet,,,2,84.04587515615,0.0,0.037388641,357157.941134,357157.941134,1,0.037388641,357157.941134,357157.941134,1,0.037388641,357157.941134,357157.941134,1,0.037388641,357157.941134,357157.941134,1,0,0,0,0,0,0,0,0,False,1.516205812134,False,,,,,,,,,,,,,,,,,,,,,,,,,,,,,,,,,,,,,,,,,
C7PHEKEJ8aUxwBMdHN6k13AX6qgVnrBZhgTPwva6XNSs,hour-before,1787262965,2026-08-20T21:56:05+00:00,0.029,1787262965,2026-08-20T21:56:05+00:00,41.767,1,2,289870.254588,289870.254588,0.0,0.048888888,0.056387747,4.27826658888,4.93087127146,axiom,,,13,7.58559841828,0.0,0.048888888,289870.254588,0.0,1,0.048888888,289870.254588,0.0,1,0.048888888,289870.254588,0.0,1,0.048888888,289870.254588,0.0,1,0,0,-289870.254588,0,0,0,0,0,False,1.515555528,False,,,,,,,,,,,,,,,,,,,,,,,,,,,,,,,,,,,,,,,,,
FoUtL6Kd8Nh14E7whBhXg1Eyw5cQPq3E7Xbayji2KdUi,hour-before,1787264291,2026-08-20T22:18:11+00:00,0.01366,1787264291,2026-08-20T22:18:11+00:00,19.667,1,1,247562.944867,247562.944867,0.0,0.048888888,0.049188939,4.27239992232,4.29517815348,"axiom,fresh_wallet",,,6,-0.535277163,0.0,0.048888888,247562.944867,0.0,1,0.048888888,247562.944867,0.0,1,0.048888888,247562.944867,0.0,1,0.048888888,247562.944867,0.0,1,0.048888888,247562.944867,0.0,1,0,0,0,0,False,1.515555528,False,,,,,,,,,,,,,,,,,,,,,,,,,,,,,,,,,,,,,,,,,
iFKaULhKu1hmm7GjBVr2ALCK2MmjqYKGy4Shz7nkgj2,hour-before,1787263582,2026-08-20T22:06:22+00:00,0.02186,1787263653,2026-08-20T22:07:33+00:00,30.3,2,1,240822.63013,240822.63013,0.0,0.046797743,0.072544478,4.08778673542,6.33893648764,"axiom,trojan",,,6,1.1613530156,0.0,0.046797743,240822.63013,0.0,2,0.046797743,240822.63013,0.0,2,0.046797743,240822.63013,0.0,2,0.046797743,240822.63013,0.0,2,0,0,-240822.63013,0,0,0,-240822.63013,0,False,1.4507300330000001,False,,,,,,,,,,,,,,,,,,,,,,,,,,,,,,,,,,,,,,,,,
8yjA1ZRSxaLfKFx6Mg8dn1MHXZverrqF1rvsU8zLrPkN,six-hours-before,1787256272,2026-08-20T20:04:32+00:00,0.10647,1787256272,2026-08-20T20:04:32+00:00,153.317,1,1,1109282.164651,1109282.164651,0.0,0.055363143,0.055363142,4.83597054105,4.83763134796,fomo,,,6,2.16305226379,0.0,0.055363143,1109282.164651,0.0,1,0.055363143,1109282.164651,0.0,1,0.055363143,1109282.164651,0.0,1,0,0,0,0,0,0,0,0,0,0,0,0,False,1.3287154319999999,False,,,,,,,,,,,,,,,,,,,,,,,,,,,,,,,,,,,,,,,,,
929BLNgo4gKP4cyVGQ1idbFcg3rBXddm2dGLZLEugabh,six-hours-before,1787248458,2026-08-20T17:54:18+00:00,0.19691,1787248458,2026-08-20T17:54:18+00:00,283.55,1,0,572572.959691,0,572572.959691,0.024691357,0,2.1679011446,0,gmgn,,,9,1347.03040251129,0.0,0.024691357,572572.959691,572572.959691,1,0.024691357,572572.959691,572572.959691,1,0.024691357,572572.959691,572572.959691,1,0,0,0,0,0,0,0,0,0,0,0,0,False,1.1651655276910002,False,,,,,,,,,,,,,,,,,,,,,,,,,,,,,,,,,,,,,,,,,
5NTPDUCmDmFjWpdCQ4gUypnpEHp59vVnxqvQvGkE4XS3,hour-before,1787262959,2026-08-20T21:55:59+00:00,0.02907,1787262959,2026-08-20T21:55:59+00:00,41.867,1,1,177461.238793,177461.238793,0.0,0.029898235,0.032101684,2.6166935272,2.8056871816,,,,2,-0.03656331708,0.0,0.029898235,177461.238793,0.0,1,0.029898235,177461.238793,0.0,1,0.029898235,177461.238793,0.0,1,0.029898235,177461.238793,0.0,1,0,0,-177461.238793,0,0,0,0,0,False,0.926845285,False,,,,,,,,,,,,,,,,,,,,,,,,,,,,,,,,,,,,,,,,,
9A6ATAhCsAGzLnNzV6CgxKXwS1wjZ6v3Hhdb6UQF5TNQ,hour-before,1787263861,2026-08-20T22:11:01+00:00,0.01863,1787263861,2026-08-20T22:11:01+00:00,26.833,1,1,163586.324126,163586.324126,0.0,0.029629629,0.033259239,2.5896295746,2.90785526577,,,,2,0.24513610531,0.0,0.029629629,163586.324126,0.0,1,0.029629629,163586.324126,0.0,1,0.029629629,163586.324126,0.0,1,0.029629629,163586.324126,0.0,1,0.029629629,163586.324126,0.0,1,0,0,0,0,False,0.918518499,False,,,,,,,,,,,,,,,,,,,,,,,,,,,,,,,,,,,,,,,,,
C6macjVoEMRtfpupFP4cQtCr49Uws5UFcxLVrGxAKMdr,launch-window,1783652753,2026-07-10T03:05:53+00:00,41.81387,1787263874,2026-08-20T22:11:14+00:00,26.617,2,0,826475.887017,0,826475.887017,0.141183137,0,11.31471266164,0,fomo,,,25,0.0,0.0,0.021475951,118490.237083,118490.237083,1,0.021475951,118490.237083,118490.237083,1,0.021475951,118490.237083,118490.237083,1,0.021475951,118490.237083,118490.237083,1,0.021475951,118490.237083,118490.237083,1,0,0,0,0,False,0.784244718083,True,2VNa1SkLjsHqXq6rCKAhFesUr4pyfTtd1xexFVw5W4XV,TOP39,0,,4545773.96122,0.46929114086140244,618.8979423567013,1783652753,2026-07-10T03:05:53+00:00,60211.967,launch-window,True,False,False,False,2774.08700540007,4545773.96122,0,0,25,0,2774.08700540007,0,-2166.6775831514888,-0.7778204408068268,0,-2166.6775831514888,0.0006102562575846947,,F1AQWYA4Qa9kfe3B3Ryeyep6KnuXHFxiEWiwLvUbJbVv,0.011441516,1787267534,2026-08-20T23:12:14+00:00,2UusoA96tpkB1tim4A71BakV7Gdw2dYsRuN148vrSMRNP9xtKvnV4ERnibNDD1irSdshgJTFx7FM7geHbgdEyYuP,buy,"fomo,fresh_wallet",bundler,,,1787267534,2026-08-20T23:12:14+00:00
kEdTbkJ715jULkQVahQbp54zGX4LRSp6CfDcSZdKRiZ,old-holder,1783652889,2026-07-10T03:08:09+00:00,41.81229,1787262794,2026-08-20T21:53:14+00:00,44.617,37,2,519097.474552,407491.713083,111605.76146900002,0.085066645,0.018635072,6.80796183592,1.47509382872,axiom,,,115,15.45626586446,0.0,0.011733331999999999,111605.761469,111605.761469,2,0.011733331999999999,111605.761469,111605.761469,2,0.011733331999999999,111605.761469,111605.761469,2,0.011733331999999999,111605.761469,111605.761469,2,0,0,0,0,0,0,0,0,False,0.47533905346899996,False,,,,,,,,,,,,,,,,,,,,,,,,,,,,,,,,,,,,,,,,,
5jSwL45MnTocuFwxn5ayi1mcDtpX8VuVDhmQF7WAoVhH,final-ten-minutes,1787265281,2026-08-20T22:34:41+00:00,0.0022,1787265281,2026-08-20T22:34:41+00:00,3.167,1,0,37189.169228,0,37189.169228,0.011209702,0,0.97950376076,0,,,,6,42.071228996853364,0.0,0.011209702,37189.169228,37189.169228,1,0.011209702,37189.169228,37189.169228,1,0.011209702,37189.169228,37189.169228,1,0.011209702,37189.169228,37189.169228,1,0.011209702,37189.169228,37189.169228,1,0.011209702,37189.169228,37189.169228,1,False,0.440738441228,False,,,,,,,,,,,,,,,,,,,,,,,,,,,,,,,,,,,,,,,,,
5A5uE73rZzLY6jVkvywwyuJ6x6yEouBCrK3mcFjL3Ljs,final-ten-minutes,1787265460,2026-08-20T22:37:40+00:00,0.00013,1787265460,2026-08-20T22:37:40+00:00,0.183,1,0,24122.991664,0,24122.991664,0.009876542,0,0.8627159437,0,,sniper,,2,2.46590594889,0.0,0.009876542,24122.991664,24122.991664,1,0.009876542,24122.991664,24122.991664,1,0.009876542,24122.991664,24122.991664,1,0.009876542,24122.991664,24122.991664,1,0.009876542,24122.991664,24122.991664,1,0.009876542,24122.991664,24122.991664,1,False,0.37967850366399997,False,,,,,,,,,,,,,,,,,,,,,,,,,,,,,,,,,,,,,,,,,
9CcHU3rPWc6bA97AHNaS3Dszk1rKAGBcgEkuyD6QVGsh,hour-before,1787262931,2026-08-20T21:55:31+00:00,0.0294,1787262931,2026-08-20T21:55:31+00:00,42.333,1,1,65447.646859,65447.646859,0.0,0.009876542,0.013684787,0.86390112874,1.19673462315,,,,2,0.30270216378,0.0,0.009876542,65447.646859,0.0,1,0.009876542,65447.646859,0.0,1,0.009876542,65447.646859,0.0,1,0.009876542,65447.646859,0.0,1,0,0,0,0,0,0,0,0,False,0.30617280199999997,False,,,,,,,,,,,,,,,,,,,,,,,,,,,,,,,,,,,,,,,,,
7QJKUDyAz2jmy653cARNzdgXCqktFjs2qASNcCcLTeVh,six-hours-before,1787259556,2026-08-20T20:59:16+00:00,0.06846,1787259556,2026-08-20T20:59:16+00:00,98.583,1,1,224517.380068,224517.380068,0.0,0.011193094,0.011089386,0.9799553797,0.96998859342,padre,,,2,-0.04249315505,0.0,0.011193094,224517.380068,0.0,1,0.011193094,224517.380068,0.0,1,0.011193094,224517.380068,0.0,1,0,0,0,0,0,0,0,0,0,0,0,0,False,0.268634256,False,,,,,,,,,,,,,,,,,,,,,,,,,,,,,,,,,,,,,,,,,
Dd3z1rP9zrQ5uhov1W212GJ3aNtGacveFL4r2jsMQfCM,six-hours-before,1787254167,2026-08-20T19:29:27+00:00,0.13083,1787254167,2026-08-20T19:29:27+00:00,188.4,1,3,206001.532445,206001.53244500002,-2.9103830456733704e-11,0.00952645,0.024299222000000002,0.8319448785,2.12747093094,axiom,,,4,1.26277518469,0.0,0.00952645,206001.532445,-2.9103830456733704e-11,1,0.00952645,206001.532445,-2.9103830456733704e-11,1,0.00952645,206001.532445,-2.9103830456733704e-11,1,0,0,-206001.53244500002,0,0,0,0,0,0,0,0,0,False,0.2286348,False,,,,,,,,,,,,,,,,,,,,,,,,,,,,,,,,,,,,,,,,,
2o9Afa8JVgb3bcoTwL1Qy1HBJJ2U246uctRzuspkvBCq,final-ten-minutes,1787265378,2026-08-20T22:36:18+00:00,0.00108,1787265378,2026-08-20T22:36:18+00:00,1.55,1,0,15633.322813,0,15633.322813,0.004923861,0,0.43029621279,0,,,,17,24.399027706057513,0.0,0.004923861,15633.322813,15633.322813,1,0.004923861,15633.322813,15633.322813,1,0.004923861,15633.322813,15633.322813,1,0.004923861,15633.322813,15633.322813,1,0.004923861,15633.322813,15633.322813,1,0.004923861,15633.322813,15633.322813,1,False,0.192892318813,False,,,,,,,,,,,,,,,,,,,,,,,,,,,,,,,,,,,,,,,,,
HK3J9zTFz3qBTNtcja3v9cZmSRfGEM3upXwK6GBuKHrT,launch-window,1783652390,2026-07-10T02:59:50+00:00,41.81807,1783679422,2026-07-10T10:30:22+00:00,59767.483,10,10,133245433.522184,133245433.522184,0.0,16.072779121,17.131553251,1268.95027556009,1352.36077991008,paper_hands,"bundler,top_holder",,20,58.46774391513,0.0,0,0,0,0,0,0,0,0,0,0,0,0,0,0,0,0,0,0,0,0,0,0,0,0,True,0.0,False,,,,,,,,,,,,,,,,,,,,,,,,,,,,,,,,,,,,,,,,,
FJkVVpSUfcjHyoi1buDfBxo7CBSZgqVGDpzG1iZyHPSk,launch-window,1783652386,2026-07-10T02:59:46+00:00,41.81811,1783652496,2026-07-10T03:01:36+00:00,60216.25,6,52,70557832.676267,70557832.676267,0.0,11.31945056,11.215360067,894.7998111093,886.57212435294,axiom,bundler,,58,-25.26216029785,0.0,0,0,0,0,0,0,0,0,0,0,0,0,0,0,0,0,0,0,0,0,0,0,0,0,True,0.0,False,,,,,,,,,,,,,,,,,,,,,,,,,,,,,,,,,,,,,,,,,
BMjETmauhBPeArAkA498ws1e1MJCQosU7boKfm6x5uah,launch-window,1783652361,2026-07-10T02:59:21+00:00,41.8184,1783653848,2026-07-10T03:24:08+00:00,60193.717,19,5,64847365.963281,64847365.963281,0.0,11.1271111,12.587337780999999,878.0872702348,992.6274597996801,axiom,"bundler,top_holder",,24,96.37758463636,0.0,0,0,0,0,0,0,0,0,0,0,0,0,0,0,0,0,0,0,0,0,0,0,0,0,True,0.0,False,,,,,,,,,,,,,,,,,,,,,,,,,,,,,,,,,,,,,,,,,
8jySrP4NTqeRX8KmdXznL6paaFgmHjBMy9VMhFpidWUV,launch-window,1783652386,2026-07-10T02:59:46+00:00,41.81811,1783652496,2026-07-10T03:01:36+00:00,60216.25,6,52,63566983.327325,63566983.327325,0.0,10.680686808,10.34848902,844.31104371006,818.04747996939,axiom,bundler,,58,-42.16740975882,0.0,0,0,0,0,0,0,0,0,0,0,0,0,0,0,0,0,0,0,0,0,0,0,0,0,True,0.0,False,,,,,,,,,,,,,,,,,,,,,,,,,,,,,,,,,,,,,,,,,
GVVP8N7jnxgr3QdtR461bsuCNNQmuNu4DBW2Ab4tzKVp,old-holder,1783653313,2026-07-10T03:15:13+00:00,41.80738,1783656024,2026-07-10T04:00:24+00:00,60157.45,13,13,65317486.285485,65317486.285485,0.0,9.015551172,8.57477068,710.98833108341,676.42874128541,paper_hands,bundler,,26,-52.6591574521,0.0,0,0,0,0,0,0,0,0,0,0,0,0,0,0,0,0,0,0,0,0,0,0,0,0,False,0.0,False,,,,,,,,,,,,,,,,,,,,,,,,,,,,,,,,,,,,,,,,,
APYJQarB3LKs8f5nzorPqApwDW46MKQBe327eWpusuf1,launch-window,1783652278,2026-07-10T02:57:58+00:00,41.81936,1783652435,2026-07-10T03:00:35+00:00,60217.267,4,2,52298912.405585,52298912.405585,0.0,8.311111108,7.8508656089999995,657.02266642067,620.5092635466,"axiom,fresh_wallet","bundler,top_holder",,6,-48.73622581006,0.0,0,0,0,0,0,0,0,0,0,0,0,0,0,0,0,0,0,0,0,0,0,0,0,0,True,0.0,False,,,,,,,,,,,,,,,,,,,,,,,,,,,,,,,,,,,,,,,,,
GuBsW6Gfj4GsJt1fXngR81B4fnDD8WQ3gw37o8qJrjUj,launch-window,1783652403,2026-07-10T03:00:03+00:00,41.81792,1783653775,2026-07-10T03:22:55+00:00,60194.933,7,52,39504379.591767,39504379.591767,0.0,7.9689576209999995,7.978216813,628.1797423228401,628.97113894926,"axiom,padre,paper_hands,sandwich_bot",top_holder,,59,-11.27118134965,0.0,0,0,0,0,0,0,0,0,0,0,0,0,0,0,0,0,0,0,0,0,0,0,0,0,False,0.0,False,,,,,,,,,,,,,,,,,,,,,,,,,,,,,,,,,,,,,,,,,
AAJmY263ra3WBZ5GgPeZSXRxkHUL6tDW5jFpMQctVAZ4,launch-window,1783652410,2026-07-10T03:00:10+00:00,41.81784,1783652454,2026-07-10T03:00:54+00:00,60216.95,2,2,55030471.04214,55030471.04214,0.0,7.822222222,7.948969225,618.11199998244,627.8244564847,"axiom,padre",top_holder,,4,-2.1826413595,0.0,0,0,0,0,0,0,0,0,0,0,0,0,0,0,0,0,0,0,0,0,0,0,0,0,False,0.0,False,,,,,,,,,,,,,,,,,,,,,,,,,,,,,,,,,,,,,,,,,
8zWnGPHyZmo4noXDq4nNTxNqUTdzrLw7WvXn6bzWfMwJ,old-holder,1783653138,2026-07-10T03:12:18+00:00,41.80941,1783654411,2026-07-10T03:33:31+00:00,60184.333,9,2,42267129.523467004,42267129.523467004,0.0,7.333333328999999,6.062258315999999,578.04559965844,477.85929664998,"axiom,fresh_wallet,paper_hands","bundler,top_holder",,11,-110.43983672968,0.0,0,0,0,0,0,0,0,0,0,0,0,0,0,0,0,0,0,0,0,0,0,0,0,0,False,0.0,False,,,,,,,,,,,,,,,,,,,,,,,,,,,,,,,,,,,,,,,,,
8cY73RBMZCF8hgJoXQAfjhsjPqxyCcdV3SZvwYdfsAcT,launch-window,1783652240,2026-07-10T02:57:20+00:00,41.8198,1783652240,2026-07-10T02:57:20+00:00,60220.517,1,3,102518892.686993,102518892.686993,0.0,5.827654921,8.544494445,460.90922770189,675.8695105995,fresh_wallet,"bundler,top_holder",,4,201.64349328488,0.0,0,0,0,0,0,0,0,0,0,0,0,0,0,0,0,0,0,0,0,0,0,0,0,0,True,0.0,False,,,,,,,,,,,,,,,,,,,,,,,,,,,,,,,,,,,,,,,,,
8ZTd7RsaMuP8CzvTZb4sgBV1RAWCDPaRMJhDM7CZ5Xot,old-holder,1783652933,2026-07-10T03:08:53+00:00,41.81178,1783653878,2026-07-10T03:24:38+00:00,60193.217,7,2,27249213.069536,3973293.8252680004,23275919.244268,5.533821171,0.971732933,436.15712791708995,76.51679109562001,fresh_wallet,top_holder,,9,-28.61215874560945,0.0,0,0,0,0,0,0,0,0,0,0,0,0,0,0,0,0,0,0,0,0,0,0,0,0,False,0.0,False,,,,,,,,,,,,,,,,,,,,,,,,,,,,,,,,,,,,,,,,,
84G4Muzo6tv7WJqxEDePDrcXxMr5dtSwSMHktuomGrJr,launch-window,1783652581,2026-07-10T03:03:01+00:00,41.81586,1783653524,2026-07-10T03:18:44+00:00,60199.117,8,7,23953252.785431,23953252.785431,0.0,5.432098757,4.314216873,428.29827093994004,340.03811578468003,,bundler,,18,-63.09327352763,0.0,0,0,0,0,0,0,0,0,0,0,0,0,0,0,0,0,0,0,0,0,0,0,0,0,True,0.0,False,,,,,,,,,,,,,,,,,,,,,,,,,,,,,,,,,,,,,,,,,
J1iH8AmG8oxLgRShijydYJAnttjkzQw3feHTgYDT331v,old-holder,1783652927,2026-07-10T03:08:47+00:00,41.81185,1783654264,2026-07-10T03:31:04+00:00,60186.783,6,3,33376138.242138002,21305824.613173,12070313.628965002,5.377777774,3.013611542,423.77866636896,237.6340006543,axiom,bundler,,9,-36.891687174965305,0.0,0,0,0,0,0,0,0,0,0,0,0,0,0,0,0,0,0,0,0,0,0,0,0,0,False,0.0,False,,,,,,,,,,,,,,,,,,,,,,,,,,,,,,,,,,,,,,,,,
bKmj6BWv7mT9cVRYSUZh1o6hUydfNV6DQSKrXwvzta4,launch-window,1783652240,2026-07-10T02:57:20+00:00,41.8198,1783652240,2026-07-10T02:57:20+00:00,60220.517,1,4,125061954.42555,125061954.42555,0.0,5.370520114,11.343889922999999,424.75443581626,897.3016929093,fresh_wallet,"bundler,top_holder",,5,457.2700930689,0.0,0,0,0,0,0,0,0,0,0,0,0,0,0,0,0,0,0,0,0,0,0,0,0,0,True,0.0,False,,,,,,,,,,,,,,,,,,,,,,,,,,,,,,,,,,,,,,,,,
EqiFgyNw6kgrmYstWyrP8VjKhka7XEmKTZzHSmwpr1Zb,old-holder,1783653264,2026-07-10T03:14:24+00:00,41.80795,1783653627,2026-07-10T03:20:27+00:00,60197.4,4,1,20168976.480903998,20168976.480904,-3.725290298461914e-09,4.941234565999999,1.666206374,389.56680478842003,131.36371052616,padre,top_holder,,5,-270.3293342568,0.0,0,0,0,0,0,0,0,0,0,0,0,0,0,0,0,0,0,0,0,0,0,0,0,0,False,0.0,False,,,,,,,,,,,,,,,,,,,,,,,,,,,,,,,,,,,,,,,,,
5Yyw9y5KRTCDNLMSWPErkCcXdtctsqWBh4nM5vugv5p6,old-holder,1783653288,2026-07-10T03:14:48+00:00,41.80767,1783654656,2026-07-10T03:37:36+00:00,60180.25,2,2,23121058.275425002,23121058.275425002,0.0,4.9382716030000005,1.8826534050000001,389.52098750141,148.67887173708,"padre,paper_hands",,,7,-298.90512073548,0.0,0,0,0,0,0,0,0,0,0,0,0,0,0,0,0,0,0,0,0,0,0,0,0,0,False,0.0,False,,,,,,,,,,,,,,,,,,,,,,,,,,,,,,,,,,,,,,,,,
AThjeWcRwkNz9r2R6UKKgD4DRtadVZGJkBfAifmYPu6v,old-holder,1783653885,2026-07-10T03:24:45+00:00,41.80076,1783653886,2026-07-10T03:24:46+00:00,60193.083,2,3,68488103.9905,68488103.9905,0.0,4.888888888,5.452508548,385.43999992991996,430.7890040968,axiom,"bundler,top_holder",,5,1.563896112317275,0.0,0,0,0,0,0,0,0,0,0,0,0,0,0,0,0,0,0,0,0,0,0,0,0,0,False,0.0,False,,,,,,,,,,,,,,,,,,,,,,,,,,,,,,,,,,,,,,,,,
44yjaQ7aZabfkCKqcgxDniwUxBVh2L69cksG7K5Aqyom,old-holder,1783653282,2026-07-10T03:14:42+00:00,41.80774,1783653777,2026-07-10T03:22:57+00:00,60194.9,5,2,19830198.675869,19830198.675869003,-3.725290298461914e-09,4.888888885,2.5325682780000003,385.35199969347,199.64235735474,axiom,"bundler,top_holder",,7,-191.40282825405,0.0,0,0,0,0,0,0,0,0,0,0,0,0,0,0,0,0,0,0,0,0,0,0,0,0,False,0.0,False,,,,,,,,,,,,,,,,,,,,,,,,,,,,,,,,,,,,,,,,,
BrBoCywhSMzCW8YF8Nb5rUjdQQseHEBx232ACFYm6xtp,launch-window,1783652717,2026-07-10T03:05:17+00:00,41.81428,1783653947,2026-07-10T03:25:47+00:00,60192.067,4,3,26820982.187203,26820982.187202998,3.725290298461914e-09,4.465401919,3.201432047,351.93744959830997,252.40661123123,"fresh_wallet,padre",top_holder,,7,-111.50615674566,0.0,0,0,0,0,0,0,0,0,0,0,0,0,0,0,0,0,0,0,0,0,0,0,0,0,False,0.0,False,,,,,,,,,,,,,,,,,,,,,,,,,,,,,,,,,,,,,,,,,
TCJWLszu5eH3nidXs3hkUbbeDwyjV5MdHVDJRxr29tn,old-holder,1783653036,2026-07-10T03:10:36+00:00,41.81059,1783653889,2026-07-10T03:24:49+00:00,60193.033,5,4,26625218.514284,26625218.514284,0.0,4.45665356,4.365581412,351.24265880297,344.05683894413,trojan,top_holder,,9,-14.85869190767,0.0,0,0,0,0,0,0,0,0,0,0,0,0,0,0,0,0,0,0,0,0,0,0,0,0,False,0.0,False,,,,,,,,,,,,,,,,,,,,,,,,,,,,,,,,,,,,,,,,,
GTUFPqUSkv3emUSJXjsBMfJMx6R6abNNzaPnLnkNckhu,launch-window,1783652387,2026-07-10T02:59:47+00:00,41.8181,1783652854,2026-07-10T03:07:34+00:00,60210.283,3,1,27394142.109025,27394142.109025,0.0,4.399999998,2.1352052,347.35066650894,168.296873864,axiom,"bundler,top_holder",,4,-184.02192646132,0.0,0,0,0,0,0,0,0,0,0,0,0,0,0,0,0,0,0,0,0,0,0,0,0,0,True,0.0,False,,,,,,,,,,,,,,,,,,,,,,,,,,,,,,,,,,,,,,,,,
FmPQr2vAyHhRVvC3K51Ljp14jCmV94TdYsLA1vgYpGzm,launch-window,1783652412,2026-07-10T03:00:12+00:00,41.81781,1783652647,2026-07-10T03:04:07+00:00,60213.733,3,3,31386019.965554,31386019.965554,0.0,4.399999998,4.966874959,347.55599984202,391.75682701541,axiom,top_holder,,11,45.96808946205,0.0,0,0,0,0,0,0,0,0,0,0,0,0,0,0,0,0,0,0,0,0,0,0,0,0,False,0.0,False,,,,,,,,,,,,,,,,,,,,,,,,,,,,,,,,,,,,,,,,,
7KnA1musga49Cq6cnj5JpNF6WuVxDajetb998AWuvTj,launch-window,1783652240,2026-07-10T02:57:20+00:00,41.8198,1783652240,2026-07-10T02:57:20+00:00,60220.517,1,4,132419152.887431,132419152.887431,0.0,4.309078518,11.135307304000001,340.80501998862,880.77805100726,fresh_wallet,"bundler,top_holder",,5,525.69819236465,0.0,0,0,0,0,0,0,0,0,0,0,0,0,0,0,0,0,0,0,0,0,0,0,0,0,True,0.0,False,,,,,,,,,,,,,,,,,,,,,,,,,,,,,,,,,,,,,,,,,
14m9bjmYkoeMMZNSEEx4tF9qcTtFVKgJGLog2jbthPAs,old-holder,1783655054,2026-07-10T03:44:14+00:00,41.78723,1783656024,2026-07-10T04:00:24+00:00,60157.45,2,2,44178502.909649,44178502.909649,0.0,3.950617282,3.418704527,312.19753071005005,270.28305339098,paper_hands,"bundler,top_holder",,4,-49.98776589623,0.0,0,0,0,0,0,0,0,0,0,0,0,0,0,0,0,0,0,0,0,0,0,0,0,0,False,0.0,False,,,,,,,,,,,,,,,,,,,,,,,,,,,,,,,,,,,,,,,,,
9rtH5qikueVHtJPPtt73A5nCKs2PW4MiAqy9gras9KrM,launch-window,1783652277,2026-07-10T02:57:57+00:00,41.81938,1783652283,2026-07-10T02:58:03+00:00,60219.8,2,1,25603148.208554,25603148.208554,0.0,3.91111111,4.626131592,309.38844435655005,364.49290813368,axiom,"bundler,top_holder",,3,48.69895703346,0.0,0,0,0,0,0,0,0,0,0,0,0,0,0,0,0,0,0,0,0,0,0,0,0,0,True,0.0,False,,,,,,,,,,,,,,,,,,,,,,,,,,,,,,,,,,,,,,,,,
B9YjY4aJzmaXyuzjvERY6AcQMfoa9AFoUWxBv9BL7zkp,launch-window,1783652474,2026-07-10T03:01:14+00:00,41.81709,1783652629,2026-07-10T03:03:49+00:00,60214.033,4,1,27860503.635909,27860503.635909,0.0,3.911111108,4.67030208,308.98755530976996,368.0665069248,axiom,top_holder,,5,52.5405962096,0.0,0,0,0,0,0,0,0,0,0,0,0,0,0,0,0,0,0,0,0,0,0,0,0,0,False,0.0,False,,,,,,,,,,,,,,,,,,,,,,,,,,,,,,,,,,,,,,,,,
DNAxhac3XQLBNKRwAPgP9v25kTV19iDGxaRkz37MAeGh,launch-window,1783652241,2026-07-10T02:57:21+00:00,41.81979,1783652241,2026-07-10T02:57:21+00:00,60220.5,1,5,46085067.864284,46085067.864284,0.0,3.524470989,5.990700541,278.7856552299,473.91230634942997,,"bundler,top_holder",,6,185.71547346012,0.0,0,0,0,0,0,0,0,0,0,0,0,0,0,0,0,0,0,0,0,0,0,0,0,0,True,0.0,False,,,,,,,,,,,,,,,,,,,,,,,,,,,,,,,,,,,,,,,,,
FNGYUWVuqxAez9fdRcU3sUa8YFC5z4fR5dtRaK8HF5xh,launch-window,1783652256,2026-07-10T02:57:36+00:00,41.81962,1783652320,2026-07-10T02:58:40+00:00,60219.183,2,1,26178682.838623,26178682.838623,0.0,3.420884387,3.874968988,270.61153732395,306.20004943176,axiom,top_holder,,3,30.05068543044,0.0,0,0,0,0,0,0,0,0,0,0,0,0,0,0,0,0,0,0,0,0,0,0,0,0,False,0.0,False,,,,,,,,,,,,,,,,,,,,,,,,,,,,,,,,,,,,,,,,,
DbyRv9YSrfwnJhbV3SMEUjENNmKsdUMSGzNAWpPrHp6Y,old-holder,1783653274,2026-07-10T03:14:34+00:00,41.80784,1783653766,2026-07-10T03:22:46+00:00,60195.083,3,1,14576917.042696,14576917.042696,0.0,3.370538268,0.652782646,265.62539625912,51.56330120754,gmgn,"bundler,top_holder",,4,-236.28268952118,0.0,0,0,0,0,0,0,0,0,0,0,0,0,0,0,0,0,0,0,0,0,0,0,0,0,False,0.0,False,,,,,,,,,,,,,,,,,,,,,,,,,,,,,,,,,,,,,,,,,
DezSX82tLjyqDLNqGNVRSeP5abczTUwyEWNo8mmaT6d6,launch-window,1783652241,2026-07-10T02:57:21+00:00,41.81979,1783652241,2026-07-10T02:57:21+00:00,60220.5,1,5,41128440.311033,41128440.311032996,7.450580596923828e-09,3.355236507,5.227705516,265.3992077037,413.58185481096,,"bundler,top_holder",,6,139.6929305682,0.0,0,0,0,0,0,0,0,0,0,0,0,0,0,0,0,0,0,0,0,0,0,0,0,0,True,0.0,False,,,,,,,,,,,,,,,,,,,,,,,,,,,,,,,,,,,,,,,,,
4XqYSrhf33K43SZxKmQ1DWRkdwDT4r4TuaV5yhUVA1jB,old-holder,1783653000,2026-07-10T03:10:00+00:00,41.81101,1783653999,2026-07-10T03:26:39+00:00,60191.2,2,1,16773509.497947,16773509.497947,0.0,3.2969667400000002,1.877295467,259.87309076428,148.34388780234,"fomo,fresh_wallet",top_holder,,3,-116.22491298167,0.0,0,0,0,0,0,0,0,0,0,0,0,0,0,0,0,0,0,0,0,0,0,0,0,0,False,0.0,False,,,,,,,,,,,,,,,,,,,,,,,,,,,,,,,,,,,,,,,,,
GTx1eY4YqJ6dL8jjhvTrjTHHfKG2ESTaCnhdjBjU8o9P,launch-window,1783652244,2026-07-10T02:57:24+00:00,41.81976,1783652244,2026-07-10T02:57:24+00:00,60220.45,1,4,36780136.992809,36780136.992809,0.0,3.198282254,4.629546325,252.9841262914,366.23503157791004,,top_holder,,5,105.50862181191,0.0,0,0,0,0,0,0,0,0,0,0,0,0,0,0,0,0,0,0,0,0,0,0,0,0,False,0.0,False,,,,,,,,,,,,,,,,,,,,,,,,,,,,,,,,,,,,,,,,,
HNKvqBj7majHp8gbQgSwpxdEk1vPWrcdghs5EMYk2ZEw,old-holder,1783653765,2026-07-10T03:22:45+00:00,41.80215,1783655859,2026-07-10T03:57:39+00:00,60160.2,3,2,29680701.835648,29680701.835648,0.0,3.177777776,1.91450442,250.62497763753,151.25049082086,"axiom,bullx,launchpad_smart,paper_hands",top_holder,,5,-103.27170498171,0.0,0,0,0,0,0,0,0,0,0,0,0,0,0,0,0,0,0,0,0,0,0,0,0,0,False,0.0,False,,,,,,,,,,,,,,,,,,,,,,,,,,,,,,,,,,,,,,,,,
4faDPKWakq52na1pGPSJZ6SXH74tNn8fzv2aZWVJ6hEM,old-holder,1783653951,2026-07-10T03:25:51+00:00,41.8,1783656500,2026-07-10T04:08:20+00:00,60149.517,2,2,46784196.091563,46784196.091563,0.0,3.141530862,2.511768758,248.02386155486,198.48117193518,,top_holder,,4,-55.42574471354,0.0,0,0,0,0,0,0,0,0,0,0,0,0,0,0,0,0,0,0,0,0,0,0,0,0,False,0.0,False,,,,,,,,,,,,,,,,,,,,,,,,,,,,,,,,,,,,,,,,,
7Kq2eZDuPb9Urv8T3SyEGscswdUXbJpyUc5t4Tzh5TiY,launch-window,1783652243,2026-07-10T02:57:23+00:00,41.81977,1783652243,2026-07-10T02:57:23+00:00,60220.467,1,4,34728815.767425,34728815.767425,0.0,3.137442755,4.255979705,248.1717219205,336.70993043584997,,"bundler,top_holder",,5,81.22514355945,0.0,0,0,0,0,0,0,0,0,0,0,0,0,0,0,0,0,0,0,0,0,0,0,0,0,True,0.0,False,,,,,,,,,,,,,,,,,,,,,,,,,,,,,,,,,,,,,,,,,
79QHojaiq6M58KXNqhEZrZscroBdcDEqyCooREyBc44i,old-holder,1783653031,2026-07-10T03:10:31+00:00,41.81065,1783653031,2026-07-10T03:10:31+00:00,60207.333,1,1,10828899.617032,10828899.617032,0.0,3.125037036,2.232427292,246.096666585,176.0268919742,,,,2,-75.3793564598,0.0,0,0,0,0,0,0,0,0,0,0,0,0,0,0,0,0,0,0,0,0,0,0,0,0,False,0.0,False,,,,,,,,,,,,,,,,,,,,,,,,,,,,,,,,,,,,,,,,,
FYTVwP5hgCUiB14eYYTPtZpBCBL4tqbYFbRkjmRwbNto,old-holder,1783653313,2026-07-10T03:15:13+00:00,41.80738,1783655858,2026-07-10T03:57:38+00:00,60160.217,7,7,24014013.142771002,24014013.142771002,0.0,3.123236215,3.20700097,246.28847459544,253.0079802909,paper_hands,bundler,,14,0.07080857919,0.0,0,0,0,0,0,0,0,0,0,0,0,0,0,0,0,0,0,0,0,0,0,0,0,0,False,0.0,False,,,,,,,,,,,,,,,,,,,,,,,,,,,,,,,,,,,,,,,,,
4M5mWUecEGKzAMH5AYrm8gg9zyK7MNbCdxwB1nMfFHVG,launch-window,1783652506,2026-07-10T03:01:46+00:00,41.81672,1783653687,2026-07-10T03:21:27+00:00,60196.4,3,3,24549610.027082,24549610.027082,0.0,3.079999998,5.065035957,243.23199984216,399.3811486135,"axiom,padre",top_holder,,6,77.15977145673317,0.0,0,0,0,0,0,0,0,0,0,0,0,0,0,0,0,0,0,0,0,0,0,0,0,0,False,0.0,False,,,,,,,,,,,,,,,,,,,,,,,,,,,,,,,,,,,,,,,,,
5VkBjWtL5SuGsRfeH3gywLHff3XzM5irZ1BZ3F4yRDn8,old-holder,1783654689,2026-07-10T03:38:09+00:00,41.79146,1783654724,2026-07-10T03:38:44+00:00,60179.117,3,1,21173945.439583,21173945.439583,0.0,3.012345676,0.828957739,237.85481457696,65.49595095839,,top_holder,,4,-176.33554417834,0.0,0,0,0,0,0,0,0,0,0,0,0,0,0,0,0,0,0,0,0,0,0,0,0,0,False,0.0,False,,,,,,,,,,,,,,,,,,,,,,,,,,,,,,,,,,,,,,,,,
5Y58MpvJftNWGnyGSVZMGY2YoPABKxnLVXueWCn9YiEV,launch-window,1783652435,2026-07-10T03:00:35+00:00,41.81755,1783653896,2026-07-10T03:24:56+00:00,60192.917,3,1,23495745.975148,23495745.975148,0.0,2.967979116,2.862390015,234.13855426186,226.128811185,,top_holder,,4,-14.39602392882,0.0,0,0,0,0,0,0,0,0,0,0,0,0,0,0,0,0,0,0,0,0,0,0,0,0,False,0.0,False,,,,,,,,,,,,,,,,,,,,,,,,,,,,,,,,,,,,,,,,,
ByEBMDbHJBHz5Tt7Hi5fnVdHyCyGZ3HhXvVvMQarpAV8,old-holder,1783654404,2026-07-10T03:33:24+00:00,41.79476,1783654404,2026-07-10T03:33:24+00:00,60184.45,1,1,25513355.013097,25513355.013097,0.0,2.962962961,3.783149812,233.4814813268,298.6796776574,,"bundler,top_holder",,2,58.2298929089,0.0,0,0,0,0,0,0,0,0,0,0,0,0,0,0,0,0,0,0,0,0,0,0,0,0,False,0.0,False,,,,,,,,,,,,,,,,,,,,,,,,,,,,,,,,,,,,,,,,,
DTxESzEg2QJCehhdSkLtojxDP6inti8UzmiMRWWpKvrs,launch-window,1783652720,2026-07-10T03:05:20+00:00,41.81425,1783653159,2026-07-10T03:12:39+00:00,60205.2,3,3,14376856.158252,14376856.158252,0.0,2.948148144,3.358993623,232.36320954960001,264.67231924116,,,,6,25.91225240401,0.0,0,0,0,0,0,0,0,0,0,0,0,0,0,0,0,0,0,0,0,0,0,0,0,0,False,0.0,False,,,,,,,,,,,,,,,,,,,,,,,,,,,,,,,,,,,,,,,,,
CisJ6Qx6NgMJWhkH63Sm1qWjWmVtki3MhnFCTDVWzUzC,launch-window,1783652243,2026-07-10T02:57:23+00:00,41.81977,1783652243,2026-07-10T02:57:23+00:00,60220.467,1,4,33150630.619271,33150630.619271003,-3.725290298461914e-09,2.924429189,4.207293791,231.3223488499,332.85681029607997,,"bundler,top_holder",,5,94.48017774668,0.0,0,0,0,0,0,0,0,0,0,0,0,0,0,0,0,0,0,0,0,0,0,0,0,0,True,0.0,False,,,,,,,,,,,,,,,,,,,,,,,,,,,,,,,,,,,,,,,,,
A1oqXUDAdZYxmSW93mxTiw4h5y9of8umJ4bAFAHMNqfQ,old-holder,1783653144,2026-07-10T03:12:24+00:00,41.80934,1783653282,2026-07-10T03:14:42+00:00,60203.15,8,1,11875360.650481999,11875360.650482,-1.862645149230957e-09,2.862485475,2.517021471,225.6833448447,198.39163234422,,"bundler,top_holder",,9,-31.4318769402,0.0,0,0,0,0,0,0,0,0,0,0,0,0,0,0,0,0,0,0,0,0,0,0,0,0,False,0.0,False,,,,,,,,,,,,,,,,,,,,,,,,,,,,,,,,,,,,,,,,,
89LHmAy9pszr8sFNaoKGbGCbYj7xVChmMiTeStUN3fVw,launch-window,1783652242,2026-07-10T02:57:22+00:00,41.81978,1783652242,2026-07-10T02:57:22+00:00,60220.483,1,5,30546835.442466,30546835.442466,0.0,2.764332267,3.971523645,218.6586823197,314.18435062279,,"bundler,top_holder",,6,88.86267723385,0.0,0,0,0,0,0,0,0,0,0,0,0,0,0,0,0,0,0,0,0,0,0,0,0,0,True,0.0,False,,,,,,,,,,,,,,,,,,,,,,,,,,,,,,,,,,,,,,,,,
J6DfkqguT7YNfC91FpBRYnXNuxeBDEyBiqqx61hZ9Jun,launch-window,1783652247,2026-07-10T02:57:27+00:00,41.81972,1783652247,2026-07-10T02:57:27+00:00,60220.4,1,4,25762033.404485,25762033.404485002,-3.725290298461914e-09,2.761824703,3.2652577419999997,218.4603340073,258.31453996962,,"bundler,top_holder",,5,33.89247593127,0.0,0,0,0,0,0,0,0,0,0,0,0,0,0,0,0,0,0,0,0,0,0,0,0,0,True,0.0,False,,,,,,,,,,,,,,,,,,,,,,,,,,,,,,,,,,,,,,,,,
E7tfuzXiTTFRatryvnW8dis4sBcqqfFWB9i6efCMGc5P,old-holder,1783654256,2026-07-10T03:30:56+00:00,41.79647,1783654749,2026-07-10T03:39:09+00:00,60178.7,4,2,22091613.274109002,22091613.274109,3.725290298461914e-09,2.737246528,2.494426782,215.73162832729,196.77646301773,,,,6,-24.35142844088,0.0,0,0,0,0,0,0,0,0,0,0,0,0,0,0,0,0,0,0,0,0,0,0,0,0,False,0.0,False,,,,,,,,,,,,,,,,,,,,,,,,,,,,,,,,,,,,,,,,,
4d1e9Xc7iKdYy8qVbvNcfTcJnnAaSLnfCnpJwQzsGynR,old-holder,1783653517,2026-07-10T03:18:37+00:00,41.80502,1783654417,2026-07-10T03:33:37+00:00,60184.233,4,2,13495270.560588999,13495270.560589,-1.862645149230957e-09,2.715806558,0.491686178,213.95267459222,39.00489383008,,,,6,-178.16345533082,0.0,0,0,0,0,0,0,0,0,0,0,0,0,0,0,0,0,0,0,0,0,0,0,0,0,False,0.0,False,,,,,,,,,,,,,,,,,,,,,,,,,,,,,,,,,,,,,,,,,
41VsoLSykdvvFjmN6qmf2gQ1uVGCmP2bKVKHp7DZ6x6g,launch-window,1783652240,2026-07-10T02:57:20+00:00,41.8198,1783652240,2026-07-10T02:57:20+00:00,60220.517,1,15,38383110.733503,38383110.733503,0.0,2.644444443,3.385967091,209.14911099687,267.82062921888,fresh_wallet,top_holder,,16,43.06438522464,0.0,0,0,0,0,0,0,0,0,0,0,0,0,0,0,0,0,0,0,0,0,0,0,0,0,False,0.0,False,,,,,,,,,,,,,,,,,,,,,,,,,,,,,,,,,,,,,,,,,
BEtwuqodxz7so8FXCRKXcfs99ZPb4taohWats5zZaRcH,launch-window,1783652812,2026-07-10T03:06:52+00:00,41.81318,1783652812,2026-07-10T03:06:52+00:00,60210.983,1,1,14693571.882833,14693571.882833,0.0,2.632074347,1.048452542,207.43377928707,82.65999841128,axiom,"bundler,top_holder",,2,-127.54622513646,0.0,0,0,0,0,0,0,0,0,0,0,0,0,0,0,0,0,0,0,0,0,0,0,0,0,True,0.0,False,,,,,,,,,,,,,,,,,,,,,,,,,,,,,,,,,,,,,,,,,
2xAaPA79kUfHmEjTwXbGUpAc5hhBbz5S94MyPE88JhX9,launch-window,1783652246,2026-07-10T02:57:26+00:00,41.81973,1783652246,2026-07-10T02:57:26+00:00,60220.417,1,4,28737017.200685,28737017.200685,0.0,2.478644093,3.617131446,196.0607477563,286.13092239613,,top_holder,,5,84.04073473429,0.0,0,0,0,0,0,0,0,0,0,0,0,0,0,0,0,0,0,0,0,0,0,0,0,0,False,0.0,False,,,,,,,,,,,,,,,,,,,,,,,,,,,,,,,,,,,,,,,,,
hqqJRe1qzn98AEpGTu9efQhiuM6kaZtbZEd7a8Rssuj,old-holder,1784020544,2026-07-14T09:15:44+00:00,37.55703,1784020546,2026-07-14T09:15:46+00:00,54082.083,2,1,76767687.22584799,76767687.225848,-1.4901161193847656e-08,2.4691358,2.469135798,185.790123271,185.87654287344,axiom,top_holder,,3,-4.34508778832,0.0,0,0,0,0,0,0,0,0,0,0,0,0,0,0,0,0,0,0,0,0,0,0,0,0,False,0.0,False,,,,,,,,,,,,,,,,,,,,,,,,,,,,,,,,,,,,,,,,,
3s4nM7QwLhpGiGFzogcNrS9JwuviKgGyX9pHEXCBmGGY,launch-window,1783652242,2026-07-10T02:57:22+00:00,41.81978,1783652335,2026-07-10T02:58:55+00:00,60218.933,6,1,20144171.917037003,20144171.917037,3.725290298461914e-09,2.450789722,3.285378176,193.83756920477,259.31489943168,axiom,"bundler,top_holder",,7,61.03114558076,0.0,0,0,0,0,0,0,0,0,0,0,0,0,0,0,0,0,0,0,0,0,0,0,0,0,True,0.0,False,,,,,,,,,,,,,,,,,,,,,,,,,,,,,,,,,,,,,,,,,
EsTGydCvowJBfeLnSZY9Xmi9gwVevnJiiE6RUn87SiWh,launch-window,1783652273,2026-07-10T02:57:53+00:00,41.81942,1783652320,2026-07-10T02:58:40+00:00,60219.183,2,1,18281714.283643,18281714.283643,0.0,2.445782278,2.728088365,193.51024032199,215.6281043696,"axiom,launchpad_smart","bundler,top_holder",,3,18.17292345255,0.0,0,0,0,0,0,0,0,0,0,0,0,0,0,0,0,0,0,0,0,0,0,0,0,0,True,0.0,False,,,,,,,,,,,,,,,,,,,,,,,,,,,,,,,,,,,,,,,,,
5PgsduUXkoiopsNVGheM71SLvFpTZTDcmJjFLGKGJHDW,launch-window,1783652388,2026-07-10T02:59:48+00:00,41.81809,1783652388,2026-07-10T02:59:48+00:00,60218.05,1,1,15955427.822709,15955427.822709,0.0,2.444444444,2.432835268,193.2333332982,192.24264287736,"axiom,fresh_wallet","bundler,top_holder",,2,-4.68968988231,0.0,0,0,0,0,0,0,0,0,0,0,0,0,0,0,0,0,0,0,0,0,0,0,0,0,True,0.0,False,,,,,,,,,,,,,,,,,,,,,,,,,,,,,,,,,,,,,,,,,
3qWLZJMQavyUfQD81u4XLw3bqtCFpyW9dffMfwyx5kTm,launch-window,1783652240,2026-07-10T02:57:20+00:00,41.8198,1783652240,2026-07-10T02:57:20+00:00,60220.517,1,5,33190039.281248,33190039.281248,0.0,2.413485142,4.145938987,190.88253988078,327.9940517796,,"bundler,top_holder",,6,130.62310124362,0.0,0,0,0,0,0,0,0,0,0,0,0,0,0,0,0,0,0,0,0,0,0,0,0,0,True,0.0,False,,,,,,,,,,,,,,,,,,,,,,,,,,,,,,,,,,,,,,,,,
5FonJGw7swo9pMBNJRQekuDKNJNCrqK9vvaBsYB61ZP7,launch-window,1783652812,2026-07-10T03:06:52+00:00,41.81318,1783653138,2026-07-10T03:12:18+00:00,60205.55,2,1,12536999.417608,12536999.417608,0.0,2.4034812079999996,0.833725174,189.42422066912,65.73089271816,axiom,"bundler,top_holder",,3,-126.14213421505,0.0,0,0,0,0,0,0,0,0,0,0,0,0,0,0,0,0,0,0,0,0,0,0,0,0,True,0.0,False,,,,,,,,,,,,,,,,,,,,,,,,,,,,,,,,,,,,,,,,,
2yzvC6deQ1czc8bHbrDiFS32FJut9bmP3VPa6g5gq6wj,launch-window,1783652729,2026-07-10T03:05:29+00:00,41.81414,1783653313,2026-07-10T03:15:13+00:00,60202.633,3,2,12293053.843981,12172871.730995,120182.11298600025,2.23943526,2.510996647,176.56230054082,197.87922174853,,,,5,19.997959905587166,0.0,0,0,0,0,0,0,0,0,0,0,0,0,0,0,0,0,0,0,0,0,0,0,0,0,False,0.0,False,,,,,,,,,,,,,,,,,,,,,,,,,,,,,,,,,,,,,,,,,
DNvs8EtEi1Z32YkTLs3Z2rumdopUYp4DGuvWGQCBgSDe,old-holder,1783653334,2026-07-10T03:15:34+00:00,41.80714,1783653477,2026-07-10T03:17:57+00:00,60199.9,3,1,8015788.405553,8015788.405553,0.0,2.222222219,2.207119908,175.10617258558,173.87690635224,padre,bundler,,4,-9.57763007498,0.0,0,0,0,0,0,0,0,0,0,0,0,0,0,0,0,0,0,0,0,0,0,0,0,0,False,0.0,False,,,,,,,,,,,,,,,,,,,,,,,,,,,,,,,,,,,,,,,,,
Anubis512ho5t7S6LNSwoxUWdeQmX2kf3RvZ8ApHHF5w,launch-window,1783652240,2026-07-10T02:57:20+00:00,41.8198,1783652240,2026-07-10T02:57:20+00:00,60220.517,1,1,29031999.428254,29031999.428254,0.0,2.212345678,2.534252697,174.97441967302,200.4593883327,padre,"bundler,top_holder",,2,21.82264749902,0.0,0,0,0,0,0,0,0,0,0,0,0,0,0,0,0,0,0,0,0,0,0,0,0,0,True,0.0,False,,,,,,,,,,,,,,,,,,,,,,,,,,,,,,,,,,,,,,,,,
GFz4JZUpHnA2ZXpruQkMdcdnCbak833rww74fCwUSVKu,old-holder,1783654243,2026-07-10T03:30:43+00:00,41.79662,1783654354,2026-07-10T03:32:34+00:00,60185.283,2,1,20510435.102128,20510435.102128,0.0,2.123456788,2.510589272,167.26913563517002,197.8344346336,padre,top_holder,,3,22.0920079744,0.0,0,0,0,0,0,0,0,0,0,0,0,0,0,0,0,0,0,0,0,0,0,0,0,0,False,0.0,False,,,,,,,,,,,,,,,,,,,,,,,,,,,,,,,,,,,,,,,,,
7LQ4vhWzLwFf7kVCgrGvEY9KopFiGVgpV88Y4USqCaB2,launch-window,1783652243,2026-07-10T02:57:23+00:00,41.81977,1783652244,2026-07-10T02:57:24+00:00,60220.45,2,2,21912985.598991,21912985.598991,0.0,2.074074072,2.826126854,164.0592590952,223.57489541994,"axiom,padre","bundler,top_holder",,4,50.10730436553,0.0,0,0,0,0,0,0,0,0,0,0,0,0,0,0,0,0,0,0,0,0,0,0,0,0,True,0.0,False,,,,,,,,,,,,,,,,,,,,,,,,,,,,,,,,,,,,,,,,,
3AQ7C3D7jMkmb1TSSZvGyLt4YQvGRVdzamRp4sspisEX,old-holder,1783653006,2026-07-10T03:10:06+00:00,41.81094,1783654085,2026-07-10T03:28:05+00:00,60189.767,2,1,9177919.300575001,9177919.300575,1.862645149230957e-09,2.074074072,1.214770836,163.45481465127,95.95474833564,,,,3,-70.8364514964,0.0,0,0,0,0,0,0,0,0,0,0,0,0,0,0,0,0,0,0,0,0,0,0,0,0,False,0.0,False,,,,,,,,,,,,,,,,,,,,,,,,,,,,,,,,,,,,,,,,,
BzXPEoP73DqGJNGfiUfY1T5AMmUxRFhDf2hPZQNQ7kj8,launch-window,1783652308,2026-07-10T02:58:28+00:00,41.81902,1783660191,2026-07-10T05:09:51+00:00,60088.0,5,1,28355684.200856,28355684.200856,0.0,2.024691352,1.379026349,159.84888841302,108.90171078053,,top_holder,,6,-54.58373958354,0.0,0,0,0,0,0,0,0,0,0,0,0,0,0,0,0,0,0,0,0,0,0,0,0,0,False,0.0,False,,,,,,,,,,,,,,,,,,,,,,,,,,,,,,,,,,,,,,,,,
8y83ZUQH8gsbYa9qEyYF6Wdqw3so7L9ThsWREuCVXWTr,old-holder,1783652850,2026-07-10T03:07:30+00:00,41.81274,1783652859,2026-07-10T03:07:39+00:00,60210.2,2,1,9502509.418994,9502509.418994,0.0,2.02126059,1.491724315,159.2955470979,117.547876022,axiom,bundler,,3,-45.08813572726,0.0,0,0,0,0,0,0,0,0,0,0,0,0,0,0,0,0,0,0,0,0,0,0,0,0,False,0.0,False,,,,,,,,,,,,,,,,,,,,,,,,,,,,,,,,,,,,,,,,,
Ekjv55jcZDSGZtj9YmKtfQ26Tjohein2mxA9puVcXGa1,old-holder,1783653016,2026-07-10T03:10:16+00:00,41.81082,1783653016,2026-07-10T03:10:16+00:00,60207.583,1,1,7143484.297341,7143484.0,0.2973410002887249,2.009207465,1.899306971,158.2853640927,149.57042396625,,,,2,-12.87897857185577,0.0,0,0,0,0,0,0,0,0,0,0,0,0,0,0,0,0,0,0,0,0,0,0,0,0,False,0.0,False,,,,,,,,,,,,,,,,,,,,,,,,,,,,,,,,,,,,,,,,,
5WDtqsGieA9jBLkZUKbat1NVnBTP1mwwtQt45CV6MuJe,old-holder,1783654566,2026-07-10T03:36:06+00:00,41.79288,1783654566,2026-07-10T03:36:06+00:00,60181.75,1,1,14238218.927189,14238218.927189,0.0,1.975308641,1.506296349,155.93086412054,118.997411571,trojan,top_holder,,2,-40.462451103,0.0,0,0,0,0,0,0,0,0,0,0,0,0,0,0,0,0,0,0,0,0,0,0,0,0,False,0.0,False,,,,,,,,,,,,,,,,,,,,,,,,,,,,,,,,,,,,,,,,,
5tpgoD34zNrLQrYdqddeqs98wv1bd8Kug8rPa7MTuZHt,launch-window,1783652381,2026-07-10T02:59:41+00:00,41.81817,1783652661,2026-07-10T03:04:21+00:00,60213.5,2,2,14554212.825606,14554212.825606,0.0,1.97530864,2.6340167130000003,156.0197529304,207.81179668503,gmgn,bundler,,4,35.46140332468,0.0,0,0,0,0,0,0,0,0,0,0,0,0,0,0,0,0,0,0,0,0,0,0,0,0,True,0.0,False,,,,,,,,,,,,,,,,,,,,,,,,,,,,,,,,,,,,,,,,,
D9nHGUexSLH8fRCVt3Std42ZP9TErjjGbweNyAFeaPQo,old-holder,1783652853,2026-07-10T03:07:33+00:00,41.81271,1783653856,2026-07-10T03:24:16+00:00,60193.583,2,3,11067223.995813001,11067223.995813001,0.0,1.97530864,1.504197958,155.6839504616,118.56633723671999,paper_hands,,,5,-40.77629652779,0.0,0,0,0,0,0,0,0,0,0,0,0,0,0,0,0,0,0,0,0,0,0,0,0,0,False,0.0,False,,,,,,,,,,,,,,,,,,,,,,,,,,,,,,,,,,,,,,,,,
7EjcoUdsNQV3CqFUVXHuhc7hYSXjAfn3ZTawAZJ2USRY,old-holder,1783655435,2026-07-10T03:50:35+00:00,41.78282,1783655435,2026-07-10T03:50:35+00:00,60167.267,1,1,21448771.018757,21448771.018757,0.0,1.97530864,1.771189686,156.1679010784,139.85313760656,"fresh_wallet,gmgn","bundler,top_holder",,2,-26.67838931178,0.0,0,0,0,0,0,0,0,0,0,0,0,0,0,0,0,0,0,0,0,0,0,0,0,0,False,0.0,False,,,,,,,,,,,,,,,,,,,,,,,,,,,,,,,,,,,,,,,,,
7mVf65xM7Lm91hF9G8JgncNvZZDMSGeMBSzK6Afyqamr,old-holder,1783655584,2026-07-10T03:53:04+00:00,41.7811,1783658884,2026-07-10T04:48:04+00:00,60109.783,2,1,24289353.831758,24289353.831758,0.0,1.959506171,1.092670636,154.78629121265,86.38654048216,,top_holder,,3,-71.64083230688,0.0,0,0,0,0,0,0,0,0,0,0,0,0,0,0,0,0,0,0,0,0,0,0,0,0,False,0.0,False,,,,,,,,,,,,,,,,,,,,,,,,,,,,,,,,,,,,,,,,,
GEWSETdGo3Toq9xGWF75pQ51NJdrgBPqLWvtihQZ2kqp,launch-window,1783652392,2026-07-10T02:59:52+00:00,41.81804,1783652392,2026-07-10T02:59:52+00:00,60217.983,1,1,12393919.353184,12393919.353184,0.0,1.958518518,2.642103088,154.84047403308,208.35624951968,,top_holder,,2,50.05277279632,0.0,0,0,0,0,0,0,0,0,0,0,0,0,0,0,0,0,0,0,0,0,0,0,0,0,False,0.0,False,,,,,,,,,,,,,,,,,,,,,,,,,,,,,,,,,,,,,,,,,
4AQfb22t96v9bwfwJkSRuQTqeMwX25tmK34FCaEFuEvN,old-holder,1783653064,2026-07-10T03:11:04+00:00,41.81027,1783653064,2026-07-10T03:11:04+00:00,60206.783,1,1,7920646.183514,7920646.183514,0.0,1.955586781,1.919666123,153.98290313594,151.30808381486,"fomo,fresh_wallet",,,2,-6.92035784642,0.0,0,0,0,0,0,0,0,0,0,0,0,0,0,0,0,0,0,0,0,0,0,0,0,0,False,0.0,False,,,,,,,,,,,,,,,,,,,,,,,,,,,,,,,,,,,,,,,,,
7kQUNiXdHTH33hfThq3vLBghVrBTVw2MuDVxa2kAt7i2,launch-window,1783652241,2026-07-10T02:57:21+00:00,41.81979,1783652241,2026-07-10T02:57:21+00:00,60220.5,1,5,22944566.277827,22944566.277827,0.0,1.955555555,2.63784206,154.6844444005,208.64327223777,axiom,"bundler,top_holder",,6,50.35446632861,0.0,0,0,0,0,0,0,0,0,0,0,0,0,0,0,0,0,0,0,0,0,0,0,0,0,True,0.0,False,,,,,,,,,,,,,,,,,,,,,,,,,,,,,,,,,,,,,,,,,
7pQh9fC17n4uY7LEc1oaPvxL1eAwZL2vtThvZiZhf17Q,old-holder,1783654020,2026-07-10T03:27:00+00:00,41.7992,1783654020,2026-07-10T03:27:00+00:00,60190.85,1,0,22833257.725503,0,22833257.725503,1.955555555,0,154.2933332895,0,axiom,,vanish,1,-1.46657573442701,0.0,0,0,0,0,0,0,0,0,0,0,0,0,0,0,0,0,0,0,0,0,0,0,0,0,False,0.0,False,,,,,,,,,,,,,,,,,,,,,,,,,,,,,,,,,,,,,,,,,
4GQiz8vioYeForVpEW7NKH45hNTH1gna2nRKkNehx7AW,old-holder,1783654025,2026-07-10T03:27:05+00:00,41.79914,1783654025,2026-07-10T03:27:05+00:00,60190.767,1,0,21222700.456575,0,21222700.456575,1.955555555,0,154.2933332895,0,axiom,,vanish,1,-1.4665756712632088,0.0,0,0,0,0,0,0,0,0,0,0,0,0,0,0,0,0,0,0,0,0,0,0,0,0,False,0.0,False,,,,,,,,,,,,,,,,,,,,,,,,,,,,,,,,,,,,,,,,,
Esn7zSToTv3MKVH2LVmL1uPuiDUz8MTAeAGsbrrHxJNc,old-holder,1783801601,2026-07-11T20:26:41+00:00,40.09109,1783801601,2026-07-11T20:26:41+00:00,57731.167,1,1,61240798.832117,61240798.832117,0.0,1.955555555,1.978751326,152.924444401,154.7383536932,"app_smart_money,photon","bundler,top_holder",,2,-8.878298977,0.0,0,0,0,0,0,0,0,0,0,0,0,0,0,0,0,0,0,0,0,0,0,0,0,0,False,0.0,False,,,,,,,,,,,,,,,,,,,,,,,,,,,,,,,,,,,,,,,,,
5QQ5Xi9iyY29th4bt5q9GEA1QFSVprMDk6FRadupE7Aj,old-holder,1783656130,2026-07-10T04:02:10+00:00,41.77478,1783656132,2026-07-10T04:02:12+00:00,60155.65,2,1,26312932.031932,26312932.031932,0.0,1.955555554,1.503470127,154.50844432154,118.86434824062,axiom,"bundler,top_holder",,3,-38.31557142531,0.0,0,0,0,0,0,0,0,0,0,0,0,0,0,0,0,0,0,0,0,0,0,0,0,0,False,0.0,False,,,,,,,,,,,,,,,,,,,,,,,,,,,,,,,,,,,,,,,,,
2S3Erds2QDu8djF64ECJvkwNCpP2WwayC9pTEQRTpW9U,old-holder,1783652850,2026-07-10T03:07:30+00:00,41.81274,1783652859,2026-07-10T03:07:39+00:00,60210.2,2,1,9155243.439773,9155243.439773,0.0,1.889850521,1.379760506,148.93911956001,108.7251278728,axiom,bundler,,3,-43.37225415701,0.0,0,0,0,0,0,0,0,0,0,0,0,0,0,0,0,0,0,0,0,0,0,0,0,0,False,0.0,False,,,,,,,,,,,,,,,,,,,,,,,,,,,,,,,,,,,,,,,,,
73zb8GyufWWkNRNCJcLfRNanKta97ZGb47yeQ7pCuYUQ,old-holder,1783673683,2026-07-10T08:54:43+00:00,41.57162,1783673683,2026-07-10T08:54:43+00:00,59863.133,1,1,49584997.943008,49584997.943008,0.0,1.880733121,1.858335001,149.1421364953,147.25446547924,,top_holder,,2,-4.71065038072,0.0,0,0,0,0,0,0,0,0,0,0,0,0,0,0,0,0,0,0,0,0,0,0,0,0,False,0.0,False,,,,,,,,,,,,,,,,,,,,,,,,,,,,,,,,,,,,,,,,,
DHDPQ2ysEDqB33McJcmZqJSmvxQ29yjAiyjVQumzcBCL,launch-window,1783652245,2026-07-10T02:57:25+00:00,41.81975,1783652245,2026-07-10T02:57:25+00:00,60220.433,1,4,20838021.388695,20838021.388695,0.0,1.879735002,2.679327481,148.6870386582,211.96382245252,,,,5,58.76660396168,0.0,0,0,0,0,0,0,0,0,0,0,0,0,0,0,0,0,0,0,0,0,0,0,0,0,False,0.0,False,,,,,,,,,,,,,,,,,,,,,,,,,,,,,,,,,,,,,,,,,
BZKt3mNzE3FFwrEWp5H6btm6kDDnAW7QnaFXf9hL6Heq,launch-window,1783652450,2026-07-10T03:00:50+00:00,41.81737,1783653139,2026-07-10T03:12:19+00:00,60205.533,7,2,12846503.842608,12846503.842608,0.0,1.876543201,3.56833607,148.13135732405,281.05705438731,paper_hands,bundler,,9,127.14543261884,0.0,0,0,0,0,0,0,0,0,0,0,0,0,0,0,0,0,0,0,0,0,0,0,0,0,True,0.0,False,,,,,,,,,,,,,,,,,,,,,,,,,,,,,,,,,,,,,,,,,
EZnuyYVejq1uRky6bmT2ctYQT5Stajnqnxs83opTfeYh,old-holder,1783653238,2026-07-10T03:13:58+00:00,41.80825,1783655068,2026-07-10T03:44:28+00:00,60173.383,2,2,12908591.368912,36152289.135704994,-23243697.766792994,1.8620663309999999,5.698348907,146.99756744418,449.58474704564003,"fresh_wallet,paper_hands",,,4,-38.35320813437899,0.0,0,0,0,0,0,0,0,0,0,0,0,0,0,0,0,0,0,0,0,0,0,0,0,0,False,0.0,False,,,,,,,,,,,,,,,,,,,,,,,,,,,,,,,,,,,,,,,,,
88oZDGgSzzF92iWSLevtS3uAJM56774gVccsz1k65ceb,old-holder,1783654056,2026-07-10T03:27:36+00:00,41.79878,1783655910,2026-07-10T03:58:30+00:00,60159.35,7,1,20224210.269733,20224210.269733,0.0,1.853112536,1.474351404,146.36004434183,116.59170902832,,top_holder,,8,-33.07539000403,0.0,0,0,0,0,0,0,0,0,0,0,0,0,0,0,0,0,0,0,0,0,0,0,0,0,False,0.0,False,,,,,,,,,,,,,,,,,,,,,,,,,,,,,,,,,,,,,,,,,
4XqFPPJDjiXnWtVYymHi1nGmLhqmsqpxVwEpuaXTGnY3,launch-window,1783652245,2026-07-10T02:57:25+00:00,41.81975,1783652245,2026-07-10T02:57:25+00:00,60220.433,1,4,20454723.245775,20454723.245775,0.0,1.803353826,2.588646884,142.6452876366,204.78060053371,,bundler,,5,57.79044518597,0.0,0,0,0,0,0,0,0,0,0,0,0,0,0,0,0,0,0,0,0,0,0,0,0,0,True,0.0,False,,,,,,,,,,,,,,,,,,,,,,,,,,,,,,,,,,,,,,,,,
Hn9bWSK7iXWqbrMmbouNxfdCqCTVgjfgaVSyiLzep52T,old-holder,1783653813,2026-07-10T03:23:33+00:00,41.8016,1783653858,2026-07-10T03:24:18+00:00,60193.55,3,4,10777252.892296,10777252.892296,0.0,1.783506168,1.260114164,140.58018529755,99.33859868704,"gmgn,trojan",,,7,-46.42458442444,0.0,0,0,0,0,0,0,0,0,0,0,0,0,0,0,0,0,0,0,0,0,0,0,0,0,False,0.0,False,,,,,,,,,,,,,,,,,,,,,,,,,,,,,,,,,,,,,,,,,
41ttfxpNkpnvxMV7LCQUEUK9XHihBUhbd7GKQ7u4qR1S,old-holder,1783653231,2026-07-10T03:13:51+00:00,41.80833,1783653297,2026-07-10T03:14:57+00:00,60202.9,2,1,6188966.613713,6188966.613713,0.0,1.7785465790000001,0.252010604,140.18920356028002,19.92647845828,,,,3,-122.35506740334,0.0,0,0,0,0,0,0,0,0,0,0,0,0,0,0,0,0,0,0,0,0,0,0,0,0,False,0.0,False,,,,,,,,,,,,,,,,,,,,,,,,,,,,,,,,,,,,,,,,,
FyBQUT7qGYzqynjDQR1yd17kxo4BKnBpPxwZYRb6Kyyj,launch-window,1783652247,2026-07-10T02:57:27+00:00,41.81972,1783652247,2026-07-10T02:57:27+00:00,60220.4,1,1,17504645.628754,17504645.628754,0.0,1.721632719,2.499395157,136.1811480729,197.52719925771,"axiom,fresh_wallet",bundler,,2,58.14814422109,0.0,0,0,0,0,0,0,0,0,0,0,0,0,0,0,0,0,0,0,0,0,0,0,0,0,True,0.0,False,,,,,,,,,,,,,,,,,,,,,,,,,,,,,,,,,,,,,,,,,
4uMitNySCmzEk65NJwq8v8WNutG85RMboPwpyHmCNRMv,old-holder,1783653371,2026-07-10T03:16:11+00:00,41.80671,1783653776,2026-07-10T03:22:56+00:00,60194.917,2,2,7783610.187084001,7783610.187084001,0.0,1.6817777760000001,1.158524828,132.54090652655998,91.30355569828001,,bundler,,4,-43.52464579768,0.0,0,0,0,0,0,0,0,0,0,0,0,0,0,0,0,0,0,0,0,0,0,0,0,0,False,0.0,False,,,,,,,,,,,,,,,,,,,,,,,,,,,,,,,,,,,,,,,,,
6z88bdKxr1VAZ2fpzt2PJSewpKYFkYHqRb8J63VrhxGt,old-holder,1783653014,2026-07-10T03:10:14+00:00,41.81084,1783653756,2026-07-10T03:22:36+00:00,60195.25,4,1,6635760.504877999,6635760.504878,-9.313225746154785e-10,1.6790123430000001,0.543451265,132.29827139385,42.8456977326,,,,5,-91.76270988576,0.0,0,0,0,0,0,0,0,0,0,0,0,0,0,0,0,0,0,0,0,0,0,0,0,0,False,0.0,False,,,,,,,,,,,,,,,,,,,,,,,,,,,,,,,,,,,,,,,,,
DBxe2VxDKsb28XqEgvBpdnqE1SUFpkiwsMLMezA9si9h,old-holder,1783652866,2026-07-10T03:07:46+00:00,41.81256,1783708594,2026-07-10T18:36:34+00:00,59281.283,7,3,16960532.659503,16960532.659503,0.0,1.665033444,1.236583439,131.09902071965,97.09209354369,"fomo,fresh_wallet",top_holder,,10,-37.0371429155,0.0,0,0,0,0,0,0,0,0,0,0,0,0,0,0,0,0,0,0,0,0,0,0,0,0,False,0.0,False,,,,,,,,,,,,,,,,,,,,,,,,,,,,,,,,,,,,,,,,,
5ZuNWnygLTf1xo3sGhGZzrHTMFYn3mL4UYt9z3QbZoet,launch-window,1783652475,2026-07-10T03:01:15+00:00,41.81708,1783656066,2026-07-10T04:01:06+00:00,60156.75,8,3,17703405.77876,17703405.77876,0.0,1.621728387,2.101569252,128.00181664754,165.82845175219,"axiom,paper_hands",,,13,27.31956884785,0.0,0,0,0,0,0,0,0,0,0,0,0,0,0,0,0,0,0,0,0,0,0,0,0,0,False,0.0,False,,,,,,,,,,,,,,,,,,,,,,,,,,,,,,,,,,,,,,,,,
AkTUVL2F76ErxvMgdmjxeVxCyh7QLqgEkgqxEoExEDpV,launch-window,1783652247,2026-07-10T02:57:27+00:00,41.81972,1783652247,2026-07-10T02:57:27+00:00,60220.4,1,2,15407199.499732,15407199.499732,0.0,1.606351302,2.4336380980000003,127.0623879882,192.3172975241,axiom,bundler,,3,62.18482763914,0.0,0,0,0,0,0,0,0,0,0,0,0,0,0,0,0,0,0,0,0,0,0,0,0,0,True,0.0,False,,,,,,,,,,,,,,,,,,,,,,,,,,,,,,,,,,,,,,,,,
Fmd9GYT1TUDtCi1FiSZVcAUi36m7AqkbVLC1W5LP658d,old-holder,1783653887,2026-07-10T03:24:47+00:00,41.80074,1783655396,2026-07-10T03:49:56+00:00,60167.917,4,3,19014869.366074,19014869.366074,0.0,1.566305732,1.440971186,123.5050128436,113.73565000894,axiom,"bundler,top_holder",,7,-12.08154351925,0.0,0,0,0,0,0,0,0,0,0,0,0,0,0,0,0,0,0,0,0,0,0,0,0,0,False,0.0,False,,,,,,,,,,,,,,,,,,,,,,,,,,,,,,,,,,,,,,,,,
GbeWkooPidHxS6WnzktFxPXTbaYTjhyufLQCEAjJQKhg,launch-window,1783652576,2026-07-10T03:02:56+00:00,41.81591,1783652622,2026-07-10T03:03:42+00:00,60214.15,2,1,9866195.441215001,9866195.441215,1.862645149230957e-09,1.5662865689999999,0.782431812,123.67705937245,61.68692405808,,,,3,-64.78184914166,0.0,0,0,0,0,0,0,0,0,0,0,0,0,0,0,0,0,0,0,0,0,0,0,0,0,False,0.0,False,,,,,,,,,,,,,,,,,,,,,,,,,,,,,,,,,,,,,,,,,
4hfmP8DXP2kRkNsvLWVv3F9yx812Svdf2tacn3Y1sSVf,old-holder,1783653525,2026-07-10T03:18:45+00:00,41.80493,1783653555,2026-07-10T03:19:15+00:00,60198.6,4,1,5639813.305948,5639813.305948,0.0,1.564444442,1.518980999,123.25084425188,119.60456386126,axiom,,,5,-6.06565267091,0.0,0,0,0,0,0,0,0,0,0,0,0,0,0,0,0,0,0,0,0,0,0,0,0,0,False,0.0,False,,,,,,,,,,,,,,,,,,,,,,,,,,,,,,,,,,,,,,,,,
Ar2VXXovVkhiZ349FfvYWWFt1i9UAqh7Ccb2v7X5cfxP,launch-window,1783652247,2026-07-10T02:57:27+00:00,41.81972,1783652247,2026-07-10T02:57:27+00:00,60220.4,1,2,14184958.170941,14184958.170940999,1.862645149230957e-09,1.560904869,2.168725028,123.4675751379,171.38265955841,axiom,bundler,,3,45.07803228449,0.0,0,0,0,0,0,0,0,0,0,0,0,0,0,0,0,0,0,0,0,0,0,0,0,0,True,0.0,False,,,,,,,,,,,,,,,,,,,,,,,,,,,,,,,,,,,,,,,,,
DU1dx14NiYznkyLSFzNGhx2JndEvQpL39DzNPM36ZYy1,launch-window,1783652321,2026-07-10T02:58:41+00:00,41.81887,1783653932,2026-07-10T03:25:32+00:00,60192.317,7,2,10633064.695385,10633064.695385002,-1.862645149230957e-09,1.530864189,0.405885326,120.73086352444,31.741885223489998,padre,"bundler,top_holder",,9,-94.89669190571,0.0,0,0,0,0,0,0,0,0,0,0,0,0,0,0,0,0,0,0,0,0,0,0,0,0,True,0.0,False,,,,,,,,,,,,,,,,,,,,,,,,,,,,,,,,,,,,,,,,,
GNHk5yWbSNyKKRnpdbfmLMJiJbEuaf9VSZyTYAgpC36h,launch-window,1783652274,2026-07-10T02:57:54+00:00,41.81941,1783652274,2026-07-10T02:57:54+00:00,60219.95,1,16,11488935.755708,11488935.755708,0.0,1.522481735,2.895626601,120.47397969055,228.26601243902002,,top_holder,,17,103.12273904002,0.0,0,0,0,0,0,0,0,0,0,0,0,0,0,0,0,0,0,0,0,0,0,0,0,0,False,0.0,False,,,,,,,,,,,,,,,,,,,,,,,,,,,,,,,,,,,,,,,,,
DQVFvCCrGy8Qf3i7GyKJNZwvTeEXadyNrYaG1VX6r5kx,old-holder,1783653887,2026-07-10T03:24:47+00:00,41.80074,1783655396,2026-07-10T03:49:56+00:00,60167.917,4,3,18097749.313346,18097749.313346,0.0,1.519560936,1.344754732,119.81912326167,106.14282707516,axiom,bundler,,23,-21.97007854309,0.0,0,0,0,0,0,0,0,0,0,0,0,0,0,0,0,0,0,0,0,0,0,0,0,0,False,0.0,False,,,,,,,,,,,,,,,,,,,,,,,,,,,,,,,,,,,,,,,,,
4iiV9TaxDYpYYqGA3CkNfAvJ1xvxDW7RMXPMNjLKiEiR,launch-window,1783652607,2026-07-10T03:03:27+00:00,41.81556,1783656091,2026-07-10T04:01:31+00:00,60156.333,14,7,15323026.309019,15323026.309019001,-1.862645149230957e-09,1.515555546,1.751047283,119.60226591248,138.19418888776,"axiom,fresh_wallet,paper_hands",,,21,15.6915458644,0.0,0,0,0,0,0,0,0,0,0,0,0,0,0,0,0,0,0,0,0,0,0,0,0,0,False,0.0,False,,,,,,,,,,,,,,,,,,,,,,,,,,,,,,,,,,,,,,,,,
Byv9m13MXAUEAT2wQqbskHK2gEGpjEyCLD6C6rhufLvy,old-holder,1783653028,2026-07-10T03:10:28+00:00,41.81068,1783653138,2026-07-10T03:12:18+00:00,60205.55,4,1,6589122.88155,6589122.88155,0.0,1.481481476,1.523675665,116.7901230247,120.1265894286,fresh_wallet,bundler,,5,0.14443514596,0.0,0,0,0,0,0,0,0,0,0,0,0,0,0,0,0,0,0,0,0,0,0,0,0,0,False,0.0,False,,,,,,,,,,,,,,,,,,,,,,,,,,,,,,,,,,,,,,,,,
4HRSbgXEEM1LJRvYxBhDwoaWaL4Mgn78z6qrt6bCN55X,old-holder,1783654098,2026-07-10T03:28:18+00:00,41.7983,1783654098,2026-07-10T03:28:18+00:00,60189.55,1,1,14783951.934491,14783951.934491,0.0,1.475555555,1.323649747,116.40657773395,104.63451250035,,top_holder,,2,-13.89098533817,0.0,0,0,0,0,0,0,0,0,0,0,0,0,0,0,0,0,0,0,0,0,0,0,0,0,False,0.0,False,,,,,,,,,,,,,,,,,,,,,,,,,,,,,,,,,,,,,,,,,
2nGiyzmAbum2WJpQVKfcQnTidtCadY63oNyq2tUQ1TgZ,old-holder,1783654292,2026-07-10T03:31:32+00:00,41.79605,1783679480,2026-07-10T10:31:20+00:00,59766.517,3,3,24250308.611889,24250308.611889,0.0,1.467873756,1.183327571,116.44438917066,93.88029403487,paper_hands,top_holder,,6,-24.58693643624,0.0,0,0,0,0,0,0,0,0,0,0,0,0,0,0,0,0,0,0,0,0,0,0,0,0,False,0.0,False,,,,,,,,,,,,,,,,,,,,,,,,,,,,,,,,,,,,,,,,,
5vpY5BaPC4Xw3F2uetiR8bZPrnu9BMBZ66QttM8hJqjD,old-holder,1783704899,2026-07-10T17:34:59+00:00,41.21032,1783704899,2026-07-10T17:34:59+00:00,59342.867,1,1,44995285.153954,44995285.153954,0.0,1.466666666,1.466666665,114.06266661482,114.03333320375,axiom,top_holder,,2,-2.21611883832,0.0,0,0,0,0,0,0,0,0,0,0,0,0,0,0,0,0,0,0,0,0,0,0,0,0,False,0.0,False,,,,,,,,,,,,,,,,,,,,,,,,,,,,,,,,,,,,,,,,,
F5GYfXQBrdwjqAYiGJyc6Vo7skMSULjZ3kMByxHGf4ey,launch-window,1783652282,2026-07-10T02:58:02+00:00,41.81932,1783653153,2026-07-10T03:12:33+00:00,60205.3,3,2,7251300.305691,7251300.305691,0.0,1.4666666640000001,1.554685776,115.73955534512,122.59995257042999,"axiom,paper_hands",,,5,4.55474182764,0.0,0,0,0,0,0,0,0,0,0,0,0,0,0,0,0,0,0,0,0,0,0,0,0,0,False,0.0,False,,,,,,,,,,,,,,,,,,,,,,,,,,,,,,,,,,,,,,,,,
HBLhAinKVEJ8xFWCHe8RZc5g5XtXVzYo4khkv4zKxgj8,old-holder,1783652985,2026-07-10T03:09:45+00:00,41.81118,1783653751,2026-07-10T03:22:31+00:00,60195.333,2,2,6286234.837614,6286234.837614,0.0,1.4568888880000002,1.259803574,114.81653326328,99.27181125186999,axiom,,,4,-17.65617941125,0.0,0,0,0,0,0,0,0,0,0,0,0,0,0,0,0,0,0,0,0,0,0,0,0,0,False,0.0,False,,,,,,,,,,,,,,,,,,,,,,,,,,,,,,,,,,,,,,,,,
F5jtPdhziHS5axHyCsMPYkYWF7oPh5K3iTBzbNL2a6c8,launch-window,1783652263,2026-07-10T02:57:43+00:00,41.81954,1783652263,2026-07-10T02:57:43+00:00,60220.133,1,1,11198858.787115,11198858.787115,0.0,1.453325343,1.028012559,114.97256788473,81.04851015156,,,,2,-36.37513333026,0.0,0,0,0,0,0,0,0,0,0,0,0,0,0,0,0,0,0,0,0,0,0,0,0,0,False,0.0,False,,,,,,,,,,,,,,,,,,,,,,,,,,,,,,,,,,,,,,,,,
9q8R7NZAzPh832j5EXVtsS37HY864HA6BqXikcyJFuE,old-holder,1783653975,2026-07-10T03:26:15+00:00,41.79972,1783657244,2026-07-10T04:20:44+00:00,60137.117,2,1,20646717.423418,20471220.325319,175497.09809900075,1.452164566,0.955919115,114.64978615093,75.517610085,,top_holder,,3,-40.613248672759994,0.0,0,0,0,0,0,0,0,0,0,0,0,0,0,0,0,0,0,0,0,0,0,0,0,0,False,0.0,False,,,,,,,,,,,,,,,,,,,,,,,,,,,,,,,,,,,,,,,,,
DYBy2Kmf4kwy7zqchT7xieWPnWBNCnfeQyizqjPTmDAh,launch-window,1783652257,2026-07-10T02:57:37+00:00,41.81961,1783652257,2026-07-10T02:57:37+00:00,60220.233,1,17,10883278.481158,10883278.481158,0.0,1.427457989,2.784763384,112.92620150979,219.41425917131,axiom,bundler,,18,102.19180103436,0.0,0,0,0,0,0,0,0,0,0,0,0,0,0,0,0,0,0,0,0,0,0,0,0,0,True,0.0,False,,,,,,,,,,,,,,,,,,,,,,,,,,,,,,,,,,,,,,,,,
CHvhF7ijq8sU6h7s68Q2dnCVyphQeMLFuLzL2dex1HTA,old-holder,1783679478,2026-07-10T10:31:18+00:00,41.50455,1783679478,2026-07-10T10:31:18+00:00,59766.55,1,1,38846235.795186,38846235.795186,0.0,1.424504828,1.59501637,113.33360411568,126.8357017424,axiom,"bundler,top_holder",,2,11.2187005556,0.0,0,0,0,0,0,0,0,0,0,0,0,0,0,0,0,0,0,0,0,0,0,0,0,0,False,0.0,False,,,,,,,,,,,,,,,,,,,,,,,,,,,,,,,,,,,,,,,,,
FALRgTwG1dskYpJEEAxXUpk8CayVD2P8ncw9jSLAMmij,launch-window,1783652264,2026-07-10T02:57:44+00:00,41.81953,1783652264,2026-07-10T02:57:44+00:00,60220.117,1,3,11085434.887852,11085434.887852,0.0,1.423179966,1.824191611,112.58776711026,143.80233863457,,,,4,27.88245886674,0.0,0,0,0,0,0,0,0,0,0,0,0,0,0,0,0,0,0,0,0,0,0,0,0,0,False,0.0,False,,,,,,,,,,,,,,,,,,,,,,,,,,,,,,,,,,,,,,,,,
GK4rnr6NdKB7eDaQpkJTcJTTJs5TpQQ2kwDbWCJ5a6zr,launch-window,1783652273,2026-07-10T02:57:53+00:00,41.81942,1783652273,2026-07-10T02:57:53+00:00,60219.967,1,1,11176881.443192,11176881.443192,0.0,1.397365535,0.916327195,110.57353478455,72.2432360538,axiom,bundler,,2,-40.85284056328,0.0,0,0,0,0,0,0,0,0,0,0,0,0,0,0,0,0,0,0,0,0,0,0,0,0,True,0.0,False,,,,,,,,,,,,,,,,,,,,,,,,,,,,,,,,,,,,,,,,,
BDdCBhLGCSvEgxxtrY1KHeR5412zR4ga97furwX3QyVw,launch-window,1783652267,2026-07-10T02:57:47+00:00,41.81949,1783652267,2026-07-10T02:57:47+00:00,60220.067,1,3,11274549.452742,11274549.452742,0.0,1.390706465,1.181162805,110.01878844615,93.17108495568,,bundler,,4,-19.51238839753,0.0,0,0,0,0,0,0,0,0,0,0,0,0,0,0,0,0,0,0,0,0,0,0,0,0,True,0.0,False,,,,,,,,,,,,,,,,,,,,,,,,,,,,,,,,,,,,,,,,,
6BX8WSPN8ZFpm5EhpqgjUFp5EkPEMX4W2AWabVJCN2e2,old-holder,1783679422,2026-07-10T10:30:22+00:00,41.5052,1783679422,2026-07-10T10:30:22+00:00,59767.483,1,1,29114834.011214,29114834.011214,0.0,1.386745929,1.533435608,110.39884340769,122.03080568464,axiom,"bundler,top_holder",,2,9.42244164718,0.0,0,0,0,0,0,0,0,0,0,0,0,0,0,0,0,0,0,0,0,0,0,0,0,0,False,0.0,False,,,,,,,,,,,,,,,,,,,,,,,,,,,,,,,,,,,,,,,,,
6hrgnfNb5DAeJeHD8VPBMsmb3NueoLetP8dWDDfjFZWD,launch-window,1783652713,2026-07-10T03:05:13+00:00,41.81433,1783652713,2026-07-10T03:05:13+00:00,60212.633,1,1,9426989.033164,9426989.033164,0.0,1.382716048,2.049518491,109.0271603848,161.58403783044,,,,2,49.08198863956,0.0,0,0,0,0,0,0,0,0,0,0,0,0,0,0,0,0,0,0,0,0,0,0,0,0,False,0.0,False,,,,,,,,,,,,,,,,,,,,,,,,,,,,,,,,,,,,,,,,,
3kyAyHfVm5j2JvbSbodsL4isCjLX6EHzjNdzVEbHv8kc,launch-window,1783652547,2026-07-10T03:02:27+00:00,41.81625,1783653805,2026-07-10T03:23:25+00:00,60194.433,4,0,8475383.05021,0,8475383.05021,1.382716045,0,109.15950582725,0,"fresh_wallet,padre",bundler,,4,0.0,0.0,0,0,0,0,0,0,0,0,0,0,0,0,0,0,0,0,0,0,0,0,0,0,0,0,True,0.0,True,mi4r43T3wbwjyxM5qjcemLUsBwefAuAhi8m6KvyGwaK,TOP22,0,,8475383.05021,0.8749713942668145,1153.90628201233,1783652547,2026-07-10T03:02:27+00:00,60215.4,launch-window,True,False,False,False,109.15950582725,8475383.05021,0,0,4,0,109.15950582725,0,1042.16511186233,9.32659923341898,0,1042.16511186233,1.287959555108784e-05,,9obNtb5GyUegcs3a1CbBkLuc5hEWynWfJC6gjz5uWQkE,1.582105931,1783451792,2026-07-07T19:16:32+00:00,32DE8NyAacbRVmPQ1jxrGmQfBFzGP9qbhTQnShwUzQ3Q1cED8mxVj4MMjRVJh3J2PgxsshqNRacdQEqUpYdEGn4T,buy,padre,bundler,,,1783451792,2026-07-07T19:16:32+00:00
D3JPk6xSos2cgoA4SPZjgwyvqHKQGEvwsCQd7hbRW287,old-holder,1783655534,2026-07-10T03:52:14+00:00,41.78168,1783655534,2026-07-10T03:52:14+00:00,60165.617,1,1,13112096.37525,13112096.37525,0.0,1.37738432,1.455242788,108.81336128,114.87686568472,fresh_wallet,,,2,3.17498149788,0.0,0,0,0,0,0,0,0,0,0,0,0,0,0,0,0,0,0,0,0,0,0,0,0,0,False,0.0,False,,,,,,,,,,,,,,,,,,,,,,,,,,,,,,,,,,,,,,,,,
3oKRbnLaiPkgWbQDD9JDeTmXCiM47ShAeyVPeR9fBZK5,launch-window,1783652330,2026-07-10T02:58:50+00:00,41.81876,1783652330,2026-07-10T02:58:50+00:00,60219.017,1,1,9103903.994457,9103903.994457,0.0,1.368888888,1.787544096,108.26542215192,140.84059932384,"axiom,fresh_wallet",,,2,30.20622292636,0.0,0,0,0,0,0,0,0,0,0,0,0,0,0,0,0,0,0,0,0,0,0,0,0,0,False,0.0,False,,,,,,,,,,,,,,,,,,,,,,,,,,,,,,,,,,,,,,,,,
4SKJbHAFP3waQEjZjvU3f37cZib3Mm6rG1evhPQGZWft,launch-window,1783652388,2026-07-10T02:59:48+00:00,41.81809,1783652388,2026-07-10T02:59:48+00:00,60218.05,1,1,9438730.157694,9438730.157694,0.0,1.368888888,1.941191528,108.2106665964,152.94648049112,"axiom,fresh_wallet",bundler,,2,42.25237452467,0.0,0,0,0,0,0,0,0,0,0,0,0,0,0,0,0,0,0,0,0,0,0,0,0,0,True,0.0,False,,,,,,,,,,,,,,,,,,,,,,,,,,,,,,,,,,,,,,,,,
CXMiGReEsAxmYeZxx6r1Dk4qEf5iVDuoKoTmvD26Ufsc,old-holder,1783656061,2026-07-10T04:01:01+00:00,41.77558,1783656062,2026-07-10T04:01:02+00:00,60156.817,3,1,20738094.84592,20738094.84592,0.0,1.368888887,1.364594673,108.16959985074001,107.9394386343,axiom,top_holder,,4,-2.32746805436,0.0,0,0,0,0,0,0,0,0,0,0,0,0,0,0,0,0,0,0,0,0,0,0,0,0,False,0.0,False,,,,,,,,,,,,,,,,,,,,,,,,,,,,,,,,,,,,,,,,,
Hc81YUSfmYBCY7jmFy1RSdH4US5YbPthrmE6UP2MAeRX,launch-window,1783652279,2026-07-10T02:57:59+00:00,41.81935,1783652279,2026-07-10T02:57:59+00:00,60219.867,1,2,9298385.909353,9298385.909353,0.0,1.362843445,1.093875978,107.81454493395,86.23353539280001,,bundler,,3,-24.00782682722,0.0,0,0,0,0,0,0,0,0,0,0,0,0,0,0,0,0,0,0,0,0,0,0,0,0,True,0.0,False,,,,,,,,,,,,,,,,,,,,,,,,,,,,,,,,,,,,,,,,,
GiLNqGFSWKgyUaArgWy5YhYaGMX88sBfnfqBk2HeuK7f,launch-window,1783652271,2026-07-10T02:57:51+00:00,41.81944,1783652271,2026-07-10T02:57:51+00:00,60220.0,1,11,10568612.81237,10568612.81237,0.0,1.30225782,1.521432893,103.0476612966,120.00965523846,,bundler,,12,14.03519833425,0.0,0,0,0,0,0,0,0,0,0,0,0,0,0,0,0,0,0,0,0,0,0,0,0,0,True,0.0,False,,,,,,,,,,,,,,,,,,,,,,,,,,,,,,,,,,,,,,,,,
B7X7zQ27Cif7mm3x4RuUMF3nK8gy2TyY9ZEXSWVgtnyA,launch-window,1783652267,2026-07-10T02:57:47+00:00,41.81949,1783652267,2026-07-10T02:57:47+00:00,60220.067,1,5,10287634.884275,10287634.884275,0.0,1.272781237,1.556767627,100.68972365907,123.07269901967,,bundler,,6,19.42043411732,0.0,0,0,0,0,0,0,0,0,0,0,0,0,0,0,0,0,0,0,0,0,0,0,0,0,True,0.0,False,,,,,,,,,,,,,,,,,,,,,,,,,,,,,,,,,,,,,,,,,
6YTB1g6ihghZXHcJ8uEHTSoXv5PK6hTrF65qWoNgbh7s,launch-window,1783652630,2026-07-10T03:03:50+00:00,41.81529,1783652630,2026-07-10T03:03:50+00:00,60214.017,1,1,10715375.934164,10715375.934164,0.0,1.27111111,0.46076898,100.3415110234,36.4975109058,,bundler,,2,-65.79236894808,0.0,0,0,0,0,0,0,0,0,0,0,0,0,0,0,0,0,0,0,0,0,0,0,0,0,True,0.0,False,,,,,,,,,,,,,,,,,,,,,,,,,,,,,,,,,,,,,,,,,
7iSrQePes3CztX4b4ibJUWvuxqm4AuBdPRbo441voovW,old-holder,1783679422,2026-07-10T10:30:22+00:00,41.5052,1783679422,2026-07-10T10:30:22+00:00,59767.483,1,1,24622411.428996,24622411.428996,0.0,1.253254071,1.200543355,99.77155659231,95.5392401909,axiom,"bundler,top_holder",,2,-6.08920785899,0.0,0,0,0,0,0,0,0,0,0,0,0,0,0,0,0,0,0,0,0,0,0,0,0,0,False,0.0,False,,,,,,,,,,,,,,,,,,,,,,,,,,,,,,,,,,,,,,,,,
4DBs5ozVQCQ8aosveJeKjBsMYHCpNEVLizwsYAyE4dZq,launch-window,1783652267,2026-07-10T02:57:47+00:00,41.81949,1783652267,2026-07-10T02:57:47+00:00,60220.067,1,3,10040179.358555,10040179.358555,0.0,1.243993465,1.522345837,98.41232301615,119.9874177212,,bundler,,4,18.72174351302,0.0,0,0,0,0,0,0,0,0,0,0,0,0,0,0,0,0,0,0,0,0,0,0,0,0,True,0.0,False,,,,,,,,,,,,,,,,,,,,,,,,,,,,,,,,,,,,,,,,,
7X5F2QsVYmQnDjRxyFguFz6Uu2KLhJgjWyryLDARjWd3,old-holder,1783652920,2026-07-10T03:08:40+00:00,41.81193,1783652920,2026-07-10T03:08:40+00:00,60209.183,1,1,5829552.48468,5829552.48468,0.0,1.243244616,0.592952423,98.00497307928,46.78987569893,,,,2,-52.597154930175,0.0,0,0,0,0,0,0,0,0,0,0,0,0,0,0,0,0,0,0,0,0,0,0,0,0,False,0.0,False,,,,,,,,,,,,,,,,,,,,,,,,,,,,,,,,,,,,,,,,,
HxmnZWsfLMUjpM5XqRtqdt8A5m4Ga8hFmqG7Y7VAvGwc,old-holder,1783653485,2026-07-10T03:18:05+00:00,41.80539,1783653485,2026-07-10T03:18:05+00:00,60199.767,1,1,4516965.553541,4516965.553541,0.0,1.24273122,0.430766258,97.8899381994,33.9874577562,"axiom,fomo",,,2,-65.9001452995,0.0,0,0,0,0,0,0,0,0,0,0,0,0,0,0,0,0,0,0,0,0,0,0,0,0,False,0.0,False,,,,,,,,,,,,,,,,,,,,,,,,,,,,,,,,,,,,,,,,,
BUiSf73unEKsLuSnXcmunZCb4emcchCEqgnGSUhdDgab,old-holder,1783653889,2026-07-10T03:24:49+00:00,41.80072,1783653889,2026-07-10T03:24:49+00:00,60193.033,1,1,15546108.830427,15546108.830427,0.0,1.241605211,1.088826711,97.88815483524,85.85398616235,"fomo,fresh_wallet",top_holder,,2,-14.9528125109,0.0,0,0,0,0,0,0,0,0,0,0,0,0,0,0,0,0,0,0,0,0,0,0,0,0,False,0.0,False,,,,,,,,,,,,,,,,,,,,,,,,,,,,,,,,,,,,,,,,,
Hu2M6Aom5V5if7D6Q2XvrL4Tn5U21H5awYdXQ5XhiNwh,old-holder,1783653376,2026-07-10T03:16:16+00:00,41.80666,1783653376,2026-07-10T03:16:16+00:00,60201.583,1,1,4603319.442071,4603319.442071,0.0,1.229231866,0.74751447,96.87576335946,58.8966650913,trojan,,,2,-39.97632834255,0.0,0,0,0,0,0,0,0,0,0,0,0,0,0,0,0,0,0,0,0,0,0,0,0,0,False,0.0,False,,,,,,,,,,,,,,,,,,,,,,,,,,,,,,,,,,,,,,,,,
BvtZeURZMcvvQVBr5k9jDT53E2xuFq2Da6d6RTDP7gM4,old-holder,1783679478,2026-07-10T10:31:18+00:00,41.50455,1783679478,2026-07-10T10:31:18+00:00,59766.55,1,1,30735377.989708,30735377.989708,0.0,1.215495172,1.168151133,96.70479588432,92.89137809616,axiom,"bundler,top_holder",,2,-5.61637014492,0.0,0,0,0,0,0,0,0,0,0,0,0,0,0,0,0,0,0,0,0,0,0,0,0,0,False,0.0,False,,,,,,,,,,,,,,,,,,,,,,,,,,,,,,,,,,,,,,,,,
3v1jNAQaFbUPZivSqbLKFmpDSfe4eCHdroNqmfPmi1fA,launch-window,1783652424,2026-07-10T03:00:24+00:00,41.81767,1783652424,2026-07-10T03:00:24+00:00,60217.45,1,1,7385287.002502,7385287.002502,0.0,1.185185184,0.979522268,93.66518509152,77.30389739056,axiom,,,2,-18.1047848298,0.0,0,0,0,0,0,0,0,0,0,0,0,0,0,0,0,0,0,0,0,0,0,0,0,0,False,0.0,False,,,,,,,,,,,,,,,,,,,,,,,,,,,,,,,,,,,,,,,,,
HzpbCmcNCKu5Uti9t8kcUJgfEgx37Ty9PK29WCxunfb2,launch-window,1783652284,2026-07-10T02:58:04+00:00,41.81929,1783652309,2026-07-10T02:58:29+00:00,60219.367,4,3,7741821.331410999,7741821.331411,-9.313225746154785e-10,1.173333332,1.504107558,92.79599989456,118.54850405537,axiom,,,7,23.60929762234,0.0,0,0,0,0,0,0,0,0,0,0,0,0,0,0,0,0,0,0,0,0,0,0,0,0,False,0.0,False,,,,,,,,,,,,,,,,,,,,,,,,,,,,,,,,,,,,,,,,,
GUDP1dP2C4S3M6dYrSXMFPumWg1Gt1s1N1FqAThsiXWZ,launch-window,1783652650,2026-07-10T03:04:10+00:00,41.81506,1783653735,2026-07-10T03:22:15+00:00,60195.6,6,3,6801318.997421,6801318.997421,0.0,1.17333333,1.544968036,92.5329775149,121.77438059752001,axiom,bundler,,9,26.99156448354,0.0,0,0,0,0,0,0,0,0,0,0,0,0,0,0,0,0,0,0,0,0,0,0,0,0,True,0.0,False,,,,,,,,,,,,,,,,,,,,,,,,,,,,,,,,,,,,,,,,,
GW7LR3XW6LQHwRxwpiCRFJM2vFcW2YJbEDbidDyQGAq2,launch-window,1783652275,2026-07-10T02:57:55+00:00,41.8194,1783652275,2026-07-10T02:57:55+00:00,60219.933,1,3,8415356.71008,8415356.71008,0.0,1.154276989,1.254483155,91.32639536968,98.88054182857,,,,4,5.05025851623,0.0,0,0,0,0,0,0,0,0,0,0,0,0,0,0,0,0,0,0,0,0,0,0,0,0,False,0.0,False,,,,,,,,,,,,,,,,,,,,,,,,,,,,,,,,,,,,,,,,,
8RxJr9p6oZVXiv9f4R8jQgjeJimhHAZqi8mSJXdzLxm9,launch-window,1783652822,2026-07-10T03:07:02+00:00,41.81307,1783652822,2026-07-10T03:07:02+00:00,60210.817,1,1,6094488.268306,6094488.268306,0.0,1.148622221,1.733798539,90.52291723701,136.53663494625,,,,2,42.54444531,0.0,0,0,0,0,0,0,0,0,0,0,0,0,0,0,0,0,0,0,0,0,0,0,0,0,False,0.0,False,,,,,,,,,,,,,,,,,,,,,,,,,,,,,,,,,,,,,,,,,
886c28xmXiqRrz8Gh7XRs76qbDmfBh4PxaP8UDa4Y2bf,old-holder,1783654623,2026-07-10T03:37:03+00:00,41.79222,1783654623,2026-07-10T03:37:03+00:00,60180.8,1,1,7821593.635575,7821593.635575,0.0,1.135802468,0.328481371,89.64888879924,25.99273088723,,,,2,-65.19414349624,0.0,0,0,0,0,0,0,0,0,0,0,0,0,0,0,0,0,0,0,0,0,0,0,0,0,False,0.0,False,,,,,,,,,,,,,,,,,,,,,,,,,,,,,,,,,,,,,,,,,
DzRqREhHeiSVpGSurhnHvyqoFrweh99u9yUSdXL6CQft,launch-window,1783652241,2026-07-10T02:57:21+00:00,41.81979,1783652241,2026-07-10T02:57:21+00:00,60220.5,1,1,12487289.092363,12487289.092363,0.0,1.12812423,1.165264081,89.234626593,92.1723888071,,"bundler,top_holder",,2,1.1261765998,0.0,0,0,0,0,0,0,0,0,0,0,0,0,0,0,0,0,0,0,0,0,0,0,0,0,True,0.0,False,,,,,,,,,,,,,,,,,,,,,,,,,,,,,,,,,,,,,,,,,
CGQbk5kujzwc4PxrFpMtSSeBLczjNFfmWQgZhq2TKqUg,launch-window,1783652248,2026-07-10T02:57:28+00:00,41.81971,1783652248,2026-07-10T02:57:28+00:00,60220.383,1,5,9591180.825137,9591180.825137,0.0,1.108435271,1.357803428,87.66614558339,107.02862086746,,bundler,,6,16.79906252656,0.0,0,0,0,0,0,0,0,0,0,0,0,0,0,0,0,0,0,0,0,0,0,0,0,0,True,0.0,False,,,,,,,,,,,,,,,,,,,,,,,,,,,,,,,,,,,,,,,,,
4ZFEKkUWm13UBLvEtwFnZayxd9K2E8aCxRAra87sGED7,old-holder,1783653334,2026-07-10T03:15:34+00:00,41.80714,1783653680,2026-07-10T03:21:20+00:00,60196.517,5,3,4241633.058991,4241633.058991,0.0,1.106172835,1.134787617,87.15674038568,89.40100467961,,bundler,,8,-0.33145114849,0.0,0,0,0,0,0,0,0,0,0,0,0,0,0,0,0,0,0,0,0,0,0,0,0,0,False,0.0,False,,,,,,,,,,,,,,,,,,,,,,,,,,,,,,,,,,,,,,,,,
22H1SjiPnMgof2AyyrUuYKmPe9yUeH2gv85vaTy665Bp,launch-window,1783652559,2026-07-10T03:02:39+00:00,41.81611,1783654134,2026-07-10T03:28:54+00:00,60188.95,4,3,7213222.3236569995,7213222.323657,-9.313225746154785e-10,1.08098765,1.331589927,85.32432064661,104.93559113181,paper_hands,,,7,17.68154697335,0.0,0,0,0,0,0,0,0,0,0,0,0,0,0,0,0,0,0,0,0,0,0,0,0,0,False,0.0,False,,,,,,,,,,,,,,,,,,,,,,,,,,,,,,,,,,,,,,,,,
DJr7bQALyfjAu6DP43aEfgPHW2b3yksxA1Mm2cKSkzsE,launch-window,1783652253,2026-07-10T02:57:33+00:00,41.81965,1783652253,2026-07-10T02:57:33+00:00,60220.3,1,2,9384601.422499,9384601.422499001,-1.862645149230957e-09,1.071283923,1.634609283,84.7385583093,128.99335512747,,,,3,41.58193071821,0.0,0,0,0,0,0,0,0,0,0,0,0,0,0,0,0,0,0,0,0,0,0,0,0,0,False,0.0,False,,,,,,,,,,,,,,,,,,,,,,,,,,,,,,,,,,,,,,,,,
BUkubnuZKGLgJ6joZLEhE2MNMnrgXMZTzy3gVWNzjstK,launch-window,1783652709,2026-07-10T03:05:09+00:00,41.81437,1783653148,2026-07-10T03:12:28+00:00,60205.383,2,1,6567973.2551690005,6567973.255169,9.313225746154785e-10,1.0708682440000001,1.521413819,84.4379610394,119.94826548996,fomo,,,3,33.37493630341,0.0,0,0,0,0,0,0,0,0,0,0,0,0,0,0,0,0,0,0,0,0,0,0,0,0,False,0.0,False,,,,,,,,,,,,,,,,,,,,,,,,,,,,,,,,,,,,,,,,,
GZmUDsn8W1rtopeTgwVgab9rsRGMLVVMfsXwWKD1VS9p,old-holder,1783656130,2026-07-10T04:02:10+00:00,41.77478,1783659700,2026-07-10T05:01:40+00:00,60096.183,2,2,17901464.106456,17901464.106456,0.0,1.050024762,1.0851366169999999,82.90302108174001,85.73138051013001,"axiom,paper_hands","bundler,top_holder",,4,1.0916830803,0.0,0,0,0,0,0,0,0,0,0,0,0,0,0,0,0,0,0,0,0,0,0,0,0,0,False,0.0,False,,,,,,,,,,,,,,,,,,,,,,,,,,,,,,,,,,,,,,,,,
ECJqLL2vWv54cdKqfcvAC4BNUq1DK8LcLHi9uGRgi98G,launch-window,1783652259,2026-07-10T02:57:39+00:00,41.81958,1783652259,2026-07-10T02:57:39+00:00,60220.2,1,1,7982734.956471,7982734.956471,0.0,1.048448917,0.784822154,82.9323093347,61.87537862136,axiom,,,2,-22.8678388344,0.0,0,0,0,0,0,0,0,0,0,0,0,0,0,0,0,0,0,0,0,0,0,0,0,0,False,0.0,False,,,,,,,,,,,,,,,,,,,,,,,,,,,,,,,,,,,,,,,,,
FEKu8nB6G6S6Sd5Xc7RmsbaMygGsxoooAkb8sRSvGDcz,launch-window,1783652264,2026-07-10T02:57:44+00:00,41.81953,1783652264,2026-07-10T02:57:44+00:00,60220.117,1,2,7999702.658893,7999702.658893,0.0,1.032514561,1.189472285,81.68222692071,93.9197529123,,,,3,10.04128397484,0.0,0,0,0,0,0,0,0,0,0,0,0,0,0,0,0,0,0,0,0,0,0,0,0,0,False,0.0,False,,,,,,,,,,,,,,,,,,,,,,,,,,,,,,,,,,,,,,,,,
9SwG4pW4G5rDbAK9qK9Q3owKQ2wDASm2X34kd8ZAvosP,launch-window,1783652547,2026-07-10T03:02:27+00:00,41.81625,1783652547,2026-07-10T03:02:27+00:00,60215.4,1,1,6493184.47226,6493184.47226,0.0,1.032072479,0.689429913,81.533725841,54.41670303309,axiom,bundler,,2,-28.44763948296,0.0,0,0,0,0,0,0,0,0,0,0,0,0,0,0,0,0,0,0,0,0,0,0,0,0,True,0.0,False,,,,,,,,,,,,,,,,,,,,,,,,,,,,,,,,,,,,,,,,,
EhyyMfx9Stsjyxk3qFG5hJf4wQMLXYzQm2amuoVuoSHz,launch-window,1783652262,2026-07-10T02:57:42+00:00,41.81955,1783652262,2026-07-10T02:57:42+00:00,60220.15,1,16,7884299.659896,7884299.659896,0.0,1.031101485,2.138991075,81.57043847835,168.55391176903,,,,17,83.46462888555,0.0,0,0,0,0,0,0,0,0,0,0,0,0,0,0,0,0,0,0,0,0,0,0,0,0,False,0.0,False,,,,,,,,,,,,,,,,,,,,,,,,,,,,,,,,,,,,,,,,,
DJwMpY13pahswSBHDtSzSVEMXmUabsib7UwUT4jbpdHt,launch-window,1783652254,2026-07-10T02:57:34+00:00,41.81964,1783652254,2026-07-10T02:57:34+00:00,60220.283,1,2,8828848.384176,8828848.384176001,-1.862645149230957e-09,1.017839551,1.214606887,80.52128687961,95.95607854331999,,,,3,13.22760708657,0.0,0,0,0,0,0,0,0,0,0,0,0,0,0,0,0,0,0,0,0,0,0,0,0,0,False,0.0,False,,,,,,,,,,,,,,,,,,,,,,,,,,,,,,,,,,,,,,,,,
HbehfvMtxysYMzU2pXqLKZYi4uZihV6xCbXMFay1NJo6,old-holder,1783654291,2026-07-10T03:31:31+00:00,41.79606,1783654291,2026-07-10T03:31:31+00:00,60186.333,1,1,7577861.278338,7577861.278338,0.0,1.000000001,0.253216038,78.77000007877,20.09522477568,,bundler,,2,-60.16824071794,0.0,0,0,0,0,0,0,0,0,0,0,0,0,0,0,0,0,0,0,0,0,0,0,0,0,False,0.0,False,,,,,,,,,,,,,,,,,,,,,,,,,,,,,,,,,,,,,,,,,
6pn1wCX7ytFcCTuwKGmq8KfxNUEviJuq1DgWUg5A5pz7,old-holder,1783652929,2026-07-10T03:08:49+00:00,41.81183,1783652929,2026-07-10T03:08:49+00:00,60209.033,1,1,4534657.403802,4534657.403802,0.0,0.997530863,1.318270864,78.61540731303,103.86656137456,"axiom,gmgn,padre",bundler,,2,21.09128602787,0.0,0,0,0,0,0,0,0,0,0,0,0,0,0,0,0,0,0,0,0,0,0,0,0,0,False,0.0,False,,,,,,,,,,,,,,,,,,,,,,,,,,,,,,,,,,,,,,,,,
2Wiy3LYqCWVSVsdfo8xeoX2q7YicAGfJLQz7MKsSdsJA,launch-window,1783652331,2026-07-10T02:58:51+00:00,41.81875,1783652331,2026-07-10T02:58:51+00:00,60219.0,1,3,6189242.108945,6189242.108945,0.0,0.98765432,0.948585323,78.1037036256,74.97332007274,,bundler,,4,-4.66764759609,0.0,0,0,0,0,0,0,0,0,0,0,0,0,0,0,0,0,0,0,0,0,0,0,0,0,True,0.0,False,,,,,,,,,,,,,,,,,,,,,,,,,,,,,,,,,,,,,,,,,
kMwCZHa4SifcRuhXjwZuenvriRDoH39TtbTyrjs7Vgb,launch-window,1783652362,2026-07-10T02:59:22+00:00,41.81839,1783652362,2026-07-10T02:59:22+00:00,60218.483,1,1,6441429.921877,6441429.921877,0.0,0.98765432,1.134300174,78.0641974528,89.67777175644,"gmgn,photon",,,2,4.312207014,0.0,0,0,0,0,0,0,0,0,0,0,0,0,0,0,0,0,0,0,0,0,0,0,0,0,False,0.0,False,,,,,,,,,,,,,,,,,,,,,,,,,,,,,,,,,,,,,,,,,
FhPn1pP5oSAAtE965HjLabwYMADr59KBiz27D1FuoTfK,launch-window,1783652408,2026-07-10T03:00:08+00:00,41.81786,1783652408,2026-07-10T03:00:08+00:00,60217.717,1,1,6485426.393212,6485426.393212,0.0,0.98765432,1.275901257,78.0444443664,100.60481411445,"gmgn,trojan",,,2,14.85916416661,0.0,0,0,0,0,0,0,0,0,0,0,0,0,0,0,0,0,0,0,0,0,0,0,0,0,False,0.0,False,,,,,,,,,,,,,,,,,,,,,,,,,,,,,,,,,,,,,,,,,
FomK51zWcyCZgdAqAhj8APpTRwmk5Pt95wKrix9XRz4j,old-holder,1783654571,2026-07-10T03:36:11+00:00,41.79282,1783654571,2026-07-10T03:36:11+00:00,60181.667,1,1,6812557.148986,6812557.148986,0.0,0.98765432,0.936768907,77.9456789344,73.92980214044,,,,2,-6.0066568386,0.0,0,0,0,0,0,0,0,0,0,0,0,0,0,0,0,0,0,0,0,0,0,0,0,0,False,0.0,False,,,,,,,,,,,,,,,,,,,,,,,,,,,,,,,,,,,,,,,,,
5Unkphhv8DDSUAn7iutw5keY219xeXSqzCDCV2xzcd93,old-holder,1783654952,2026-07-10T03:42:32+00:00,41.78841,1783654952,2026-07-10T03:42:32+00:00,60175.317,1,1,8106893.72137,8106893.72137,0.0,0.98765432,0.758060207,78.02469128,59.90949815921,gmgn,,,2,-28.86749440027,0.0,0,0,0,0,0,0,0,0,0,0,0,0,0,0,0,0,0,0,0,0,0,0,0,0,False,0.0,False,,,,,,,,,,,,,,,,,,,,,,,,,,,,,,,,,,,,,,,,,
3u4i5b8AbpJUn3ijso25VVnpMFJtjoD511rxFijzpuaR,old-holder,1783655504,2026-07-10T03:51:44+00:00,41.78203,1783655504,2026-07-10T03:51:44+00:00,60166.117,1,1,9829464.143699,9829464.143699,0.0,0.98765432,0.975113004,78.0444443664,76.9851716658,,,,2,-3.0895555445,0.0,0,0,0,0,0,0,0,0,0,0,0,0,0,0,0,0,0,0,0,0,0,0,0,0,False,0.0,False,,,,,,,,,,,,,,,,,,,,,,,,,,,,,,,,,,,,,,,,,
GYFGPEjriD4PN3BsLgsFGV9fQ3r1MKafkus28QKttrMY,old-holder,1783653296,2026-07-10T03:14:56+00:00,41.80758,1783654614,2026-07-10T03:36:54+00:00,60180.95,2,1,4966298.603357,4966298.603357,0.0,0.987654318,0.146338007,77.91111087543,11.10120121102,,top_holder,,3,-67.9724117963,0.0,0,0,0,0,0,0,0,0,0,0,0,0,0,0,0,0,0,0,0,0,0,0,0,0,False,0.0,False,,,,,,,,,,,,,,,,,,,,,,,,,,,,,,,,,,,,,,,,,
BWAC3wJPKh85jVnKDdkk6LpxdxNB3KbPLze6zS7ALg5L,launch-window,1783652270,2026-07-10T02:57:50+00:00,41.81946,1783653857,2026-07-10T03:24:17+00:00,60193.567,3,2,6227715.950026,6227715.950026,0.0,0.9875555530000001,0.775338204,77.99068424274,61.27996937906,"paper_hands,photon",,,5,-20.66959253994,0.0,0,0,0,0,0,0,0,0,0,0,0,0,0,0,0,0,0,0,0,0,0,0,0,0,False,0.0,False,,,,,,,,,,,,,,,,,,,,,,,,,,,,,,,,,,,,,,,,,
Dh1bFdyUZ5arBx3BFfgPhs5xkQCzgPyqZzM8LhvPrQ49,old-holder,1783654935,2026-07-10T03:42:15+00:00,41.78861,1783654935,2026-07-10T03:42:15+00:00,60175.6,1,1,8062080.977106,8062080.977106,0.0,0.982716048,0.444559543,77.634567792,35.14687746958,,,,2,-43.93340951964,0.0,0,0,0,0,0,0,0,0,0,0,0,0,0,0,0,0,0,0,0,0,0,0,0,0,False,0.0,False,,,,,,,,,,,,,,,,,,,,,,,,,,,,,,,,,,,,,,,,,
BeZZ5XKqfnCxbsPSFU96cGtEq7KjrhtKa7ohekA6tq2n,launch-window,1783652240,2026-07-10T02:57:20+00:00,41.8198,1783652276,2026-07-10T02:57:56+00:00,60219.917,6,1,12212661.126454,12212661.126454,0.0,0.978266662,1.83064647,77.38089980859,144.8224422417,axiom,"bundler,top_holder",,7,65.30835223606,0.0,0,0,0,0,0,0,0,0,0,0,0,0,0,0,0,0,0,0,0,0,0,0,0,0,True,0.0,False,,,,,,,,,,,,,,,,,,,,,,,,,,,,,,,,,,,,,,,,,
GW4oDYDVYA4kaH8gzSicdjHXHNj5Ru3WWcW7gWQbWegg,launch-window,1783652274,2026-07-10T02:57:54+00:00,41.81941,1783652274,2026-07-10T02:57:54+00:00,60219.95,1,1,7103380.793972,7103380.793972,0.0,0.977777777,0.848956744,77.36177771624,67.00815580392,axiom,,,2,-11.7733416137,0.0,0,0,0,0,0,0,0,0,0,0,0,0,0,0,0,0,0,0,0,0,0,0,0,0,False,0.0,False,,,,,,,,,,,,,,,,,,,,,,,,,,,,,,,,,,,,,,,,,
HJn2oNLQ4RBDhRHJZE4QmmzMMuLvD554tvUENQ1AngEa,old-holder,1783652842,2026-07-10T03:07:22+00:00,41.81284,1783652842,2026-07-10T03:07:22+00:00,60210.483,1,2,5029079.852759,5029079.852759,0.0,0.977777777,1.169677053,77.06844438314,92.18224854693,axiom,,,3,13.48109629308,0.0,0,0,0,0,0,0,0,0,0,0,0,0,0,0,0,0,0,0,0,0,0,0,0,0,False,0.0,False,,,,,,,,,,,,,,,,,,,,,,,,,,,,,,,,,,,,,,,,,
DtBoHTEKih18iJCeckuFEHbeXR4uMuATz9ZMxhKUqxcW,old-holder,1783652929,2026-07-10T03:08:49+00:00,41.81183,1783652929,2026-07-10T03:08:49+00:00,60209.033,1,1,4342325.350199,4342325.350199,0.0,0.977777777,1.296715404,77.05866660537,102.16820668116,padre,bundler,,2,21.05075491974,0.0,0,0,0,0,0,0,0,0,0,0,0,0,0,0,0,0,0,0,0,0,0,0,0,0,False,0.0,False,,,,,,,,,,,,,,,,,,,,,,,,,,,,,,,,,,,,,,,,,
2LSoAZL3pMHjxFPKEc7vMdDH5Bybt6djBtHrsvBrUkWe,old-holder,1783679407,2026-07-10T10:30:07+00:00,41.50537,1783679407,2026-07-10T10:30:07+00:00,59767.733,1,1,22992008.801244,22992008.801244,0.0,0.977777777,1.295724173,77.85066660474,103.11372968734,axiom,top_holder,,2,23.54207102736,0.0,0,0,0,0,0,0,0,0,0,0,0,0,0,0,0,0,0,0,0,0,0,0,0,0,False,0.0,False,,,,,,,,,,,,,,,,,,,,,,,,,,,,,,,,,,,,,,,,,
3qfdPbwQLt5fY76HC71GxGo6xr2AZxxcmemiNpLWFCLq,launch-window,1783652719,2026-07-10T03:05:19+00:00,41.81426,1783653864,2026-07-10T03:24:24+00:00,60193.45,6,1,4627430.010073,4627430.010073,0.0,0.977777773,0.338084091,77.04204406782999,26.65793057535,axiom,bundler,,7,-51.40441369478,0.0,0,0,0,0,0,0,0,0,0,0,0,0,0,0,0,0,0,0,0,0,0,0,0,0,True,0.0,False,,,,,,,,,,,,,,,,,,,,,,,,,,,,,,,,,,,,,,,,,
AARbojAtQC8tamW6Enbe7ggyf6TyAdH2JErVQsj6UH2g,launch-window,1783652730,2026-07-10T03:05:30+00:00,41.81413,1783652730,2026-07-10T03:05:30+00:00,60212.35,1,1,5992315.853587,5992315.853587,0.0,0.977354731,0.604398402,77.07419408666,47.63263806162,,,,2,-31.08398375667,0.0,0,0,0,0,0,0,0,0,0,0,0,0,0,0,0,0,0,0,0,0,0,0,0,0,False,0.0,False,,,,,,,,,,,,,,,,,,,,,,,,,,,,,,,,,,,,,,,,,
4qYu592efmqN45mNBHuenr7yEwMKh7HXaH6XQZUaS9ij,old-holder,1783653491,2026-07-10T03:18:11+00:00,41.80532,1783653491,2026-07-10T03:18:11+00:00,60199.667,1,1,3412061.195629,3412061.195629,0.0,0.95802469,0.853421305,75.4636048313,67.24106462095,,bundler,,2,-10.09852134098,0.0,0,0,0,0,0,0,0,0,0,0,0,0,0,0,0,0,0,0,0,0,0,0,0,0,False,0.0,False,,,,,,,,,,,,,,,,,,,,,,,,,,,,,,,,,,,,,,,,,
HWhk3Bd5UfDQXqF383A4uaGqgtoLDMDfc7WHNJWbJfA2,old-holder,1783679397,2026-07-10T10:29:57+00:00,41.50549,1783679397,2026-07-10T10:29:57+00:00,59767.9,1,1,26112958.034018,26112958.034018,0.0,0.957098555,1.041270906,76.21375793465,82.86433869948,axiom,"bundler,top_holder",,2,5.13737652023,0.0,0,0,0,0,0,0,0,0,0,0,0,0,0,0,0,0,0,0,0,0,0,0,0,0,False,0.0,False,,,,,,,,,,,,,,,,,,,,,,,,,,,,,,,,,,,,,,,,,
GZ8CHpCDYDPGZwSukFBmdrxNvenbo36KBEEYQz8riauL,launch-window,1783652247,2026-07-10T02:57:27+00:00,41.81972,1783652247,2026-07-10T02:57:27+00:00,60220.4,1,1,8377004.528536,8377004.528536,0.0,0.953512308,0.8154313,75.4228235628,64.33752957,,bundler,,2,-12.924728478,0.0,0,0,0,0,0,0,0,0,0,0,0,0,0,0,0,0,0,0,0,0,0,0,0,0,True,0.0,False,,,,,,,,,,,,,,,,,,,,,,,,,,,,,,,,,,,,,,,,,
3L3XYJeypjTU6DLCmcnYgiputomXTmmGRgUMjS6JiVkq,week-before,1787175979,2026-08-19T21:46:19+00:00,1.03579,1787175979,2026-08-19T21:46:19+00:00,1491.533,1,1,31134205.980959,31134205.980959,0.0,0.938271604,0.938271603,81.5358023876,81.47950600452,"fresh_wallet,gmgn",top_holder,,2,-2.6284791609,0.0,0.938271604,31134205.980959,0.0,1,0,0,0,0,0,0,0,0,0,0,0,0,0,0,0,0,0,0,0,0,False,0.0,False,,,,,,,,,,,,,,,,,,,,,,,,,,,,,,,,,,,,,,,,,
3kUhmjeiwuXfAJNA5ZxdVJpiVUcNH5eT2KV1aqQVDXAi,launch-window,1783652376,2026-07-10T02:59:36+00:00,41.81823,1783653901,2026-07-10T03:25:01+00:00,60192.833,3,2,8035138.938286,8035138.938286,0.0,0.9237530829999999,0.982818081,72.92342689057,77.51859366513,paper_hands,,,5,2.5001002545,0.0,0,0,0,0,0,0,0,0,0,0,0,0,0,0,0,0,0,0,0,0,0,0,0,0,False,0.0,False,,,,,,,,,,,,,,,,,,,,,,,,,,,,,,,,,,,,,,,,,
8RH1747b9MYBLJ9dg4zHgoaJo2KVRCuWvfLYQ7uPx53c,launch-window,1783652535,2026-07-10T03:02:15+00:00,41.81639,1783653925,2026-07-10T03:25:25+00:00,60192.433,6,1,6926823.871985,6926823.871985,0.0,0.9236148909999999,0.309855485,72.82146638026,24.48168186985,,,,7,-49.5933079392,0.0,0,0,0,0,0,0,0,0,0,0,0,0,0,0,0,0,0,0,0,0,0,0,0,0,False,0.0,False,,,,,,,,,,,,,,,,,,,,,,,,,,,,,,,,,,,,,,,,,
Cpc65ZWAjdkdQYcT8hFVTEQtvD9XS7mdRC6nDy2FCR66,launch-window,1783652251,2026-07-10T02:57:31+00:00,41.81968,1783652251,2026-07-10T02:57:31+00:00,60220.333,1,2,8229560.93186,8229560.93186,0.0,0.923571773,1.5097051270000001,73.0545272443,118.98755747973999,,bundler,,3,43.53128818753,0.0,0,0,0,0,0,0,0,0,0,0,0,0,0,0,0,0,0,0,0,0,0,0,0,0,True,0.0,False,,,,,,,,,,,,,,,,,,,,,,,,,,,,,,,,,,,,,,,,,
9yDNNGy8qyvfCxiAWaYdQ71TKw9Et2UgwNYtGjmwEFWg,launch-window,1783652547,2026-07-10T03:02:27+00:00,41.81625,1783652547,2026-07-10T03:02:27+00:00,60215.4,1,1,5654302.231765,5654302.231765,0.0,0.923483077,0.613821958,72.955163083,48.44896714494,axiom,bundler,,2,-25.69862276743,0.0,0,0,0,0,0,0,0,0,0,0,0,0,0,0,0,0,0,0,0,0,0,0,0,0,True,0.0,False,,,,,,,,,,,,,,,,,,,,,,,,,,,,,,,,,,,,,,,,,
HZGy7Kwh5UvhnPjCSmkB4e8G6t8ZeREsWTFhhK7as39B,launch-window,1783652331,2026-07-10T02:58:51+00:00,41.81875,1783652331,2026-07-10T02:58:51+00:00,60219.0,1,1,5920439.0,5920439.0,0.0,0.919788775,0.903924969,72.736896327,71.46430804914,"launchpad_smart,padre",bundler,,2,-3.49496620652,0.0,0,0,0,0,0,0,0,0,0,0,0,0,0,0,0,0,0,0,0,0,0,0,0,0,True,0.0,False,,,,,,,,,,,,,,,,,,,,,,,,,,,,,,,,,,,,,,,,,
GfQ5sBX61QUuVsdbfZqXcTeyYhFG45qpL7QqL5KphjH6,launch-window,1783652276,2026-07-10T02:57:56+00:00,41.81939,1783652276,2026-07-10T02:57:56+00:00,60219.917,1,2,6534556.158749,6534556.158749,0.0,0.914156855,1.005474421,72.3098072305,79.45633654168,axiom,bundler,,3,5.24823498693,0.0,0,0,0,0,0,0,0,0,0,0,0,0,0,0,0,0,0,0,0,0,0,0,0,0,True,0.0,False,,,,,,,,,,,,,,,,,,,,,,,,,,,,,,,,,,,,,,,,,
BqgX2W9ZanhX6MeeqdCJpjLti1SYZJTXhHenhHdiSf2S,launch-window,1783652269,2026-07-10T02:57:49+00:00,41.81947,1783652269,2026-07-10T02:57:49+00:00,60220.033,1,6,7337971.913183,7337971.913183,0.0,0.910592699,1.1194145500000001,72.03698841789,88.46175723116001,,bundler,,7,14.32871432487,0.0,0,0,0,0,0,0,0,0,0,0,0,0,0,0,0,0,0,0,0,0,0,0,0,0,True,0.0,False,,,,,,,,,,,,,,,,,,,,,,,,,,,,,,,,,,,,,,,,,
AJ8Gc1cYzDQmQVyWFnHyJAKV5QK5ysz5ML9NuK3xvJRt,old-holder,1783654614,2026-07-10T03:36:54+00:00,41.79233,1783660191,2026-07-10T05:09:51+00:00,60088.0,3,3,11054774.993469,11054774.993469,0.0,0.9051733100000001,0.88830707,71.4935898706,70.14405343631,"gmgn,paper_hands",bundler,,6,-2.71562363444,0.0,0,0,0,0,0,0,0,0,0,0,0,0,0,0,0,0,0,0,0,0,0,0,0,0,False,0.0,False,,,,,,,,,,,,,,,,,,,,,,,,,,,,,,,,,,,,,,,,,
CkEDUVRUy7sb9KpivNZqs447Tb3oCzycnFi9DdGfKeKW,launch-window,1783652250,2026-07-10T02:57:30+00:00,41.81969,1783652250,2026-07-10T02:57:30+00:00,60220.35,1,2,8114504.734559,8114504.734559,0.0,0.905004891,1.330896162,71.5858868781,105.08219835252001,,bundler,,3,31.16470639486,0.0,0,0,0,0,0,0,0,0,0,0,0,0,0,0,0,0,0,0,0,0,0,0,0,0,True,0.0,False,,,,,,,,,,,,,,,,,,,,,,,,,,,,,,,,,,,,,,,,,
AKMhLZ6ry7kUH6SKt2DGV1KS1aCQHDW3MfctEMBi4Qds,launch-window,1783652242,2026-07-10T02:57:22+00:00,41.81978,1783652248,2026-07-10T02:57:28+00:00,60220.383,3,1,8781139.483819,8781139.483819,0.0,0.893897717,1.34271809,70.70353812351999,105.9807388437,"axiom,fresh_wallet",bundler,,4,33.51927868109,0.0,0,0,0,0,0,0,0,0,0,0,0,0,0,0,0,0,0,0,0,0,0,0,0,0,True,0.0,False,,,,,,,,,,,,,,,,,,,,,,,,,,,,,,,,,,,,,,,,,
AtYmyXTchg5dvHvdL7QzGYDe2zzBBdw6qA7tvCV3W175,old-holder,1783653511,2026-07-10T03:18:31+00:00,41.80509,1783653620,2026-07-10T03:20:20+00:00,60197.517,5,1,3278554.703427,3278554.703427,0.0,0.888888883,0.470271211,70.02567854840001,37.0573714268,,,,6,-34.583386984,0.0,0,0,0,0,0,0,0,0,0,0,0,0,0,0,0,0,0,0,0,0,0,0,0,0,False,0.0,False,,,,,,,,,,,,,,,,,,,,,,,,,,,,,,,,,,,,,,,,,
5N2Wisa5YAeP5cX6guVF2XtvDf5VNwshf23tW89UWiLh,old-holder,1783655120,2026-07-10T03:45:20+00:00,41.78647,1783659855,2026-07-10T05:04:15+00:00,60093.6,3,1,12254980.854402,12254980.854402,0.0,0.880695707,0.435183099,69.53928202759,34.52742707466,,top_holder,,4,-36.45384951156,0.0,0,0,0,0,0,0,0,0,0,0,0,0,0,0,0,0,0,0,0,0,0,0,0,0,False,0.0,False,,,,,,,,,,,,,,,,,,,,,,,,,,,,,,,,,,,,,,,,,
H5vGhoV728n84tnkYNvGFoczHVi4kjBzEP5sub8zCxmd,old-holder,1783653000,2026-07-10T03:10:00+00:00,41.81101,1783653000,2026-07-10T03:10:00+00:00,60207.85,1,1,3501735.65665,3501735.65665,0.0,0.872656811,0.952917686,68.77408327491,75.09944283366,fresh_wallet,,,2,4.43053561497,0.0,0,0,0,0,0,0,0,0,0,0,0,0,0,0,0,0,0,0,0,0,0,0,0,0,False,0.0,False,,,,,,,,,,,,,,,,,,,,,,,,,,,,,,,,,,,,,,,,,
Hp4YzGNXH16LKaUPdugvuF161h9Fk5Nu92P9McvwkCdE,launch-window,1783652280,2026-07-10T02:58:00+00:00,41.81934,1783652280,2026-07-10T02:58:00+00:00,60219.85,1,2,5739990.802124,5739990.802124,0.0,0.859069428,0.5300565180000001,67.96098244908,41.78570172906,axiom,,,3,-27.67365438663,0.0,0,0,0,0,0,0,0,0,0,0,0,0,0,0,0,0,0,0,0,0,0,0,0,0,False,0.0,False,,,,,,,,,,,,,,,,,,,,,,,,,,,,,,,,,,,,,,,,,
DUbtbpPAohQ9PjNZsULfc8PuhEqNU3CQdyqTip69C895,launch-window,1783652257,2026-07-10T02:57:37+00:00,41.81961,1783652257,2026-07-10T02:57:37+00:00,60220.233,1,2,6446578.966562,6446578.966562,0.0,0.852553345,1.701778809,67.44549512295,134.21012175507,,bundler,,3,64.12220111039,0.0,0,0,0,0,0,0,0,0,0,0,0,0,0,0,0,0,0,0,0,0,0,0,0,0,True,0.0,False,,,,,,,,,,,,,,,,,,,,,,,,,,,,,,,,,,,,,,,,,
4EQ73GRMn9tsptGJ2sVgdkuFXf7bzBuADsk4auhdgUKw,old-holder,1783659700,2026-07-10T05:01:40+00:00,41.73346,1783679831,2026-07-10T10:37:11+00:00,59760.667,2,1,19249124.464984,19249124.464984,0.0,0.850666665,0.661217343,67.16775986805,52.47420834048,"axiom,gmgn",top_holder,,3,-15.85511299863,0.0,0,0,0,0,0,0,0,0,0,0,0,0,0,0,0,0,0,0,0,0,0,0,0,0,False,0.0,False,,,,,,,,,,,,,,,,,,,,,,,,,,,,,,,,,,,,,,,,,
A4fBBNt5ww5bGC1gESL3Ay2VdCz5G3fUH2KJvFrQcQE2,old-holder,1783679397,2026-07-10T10:29:57+00:00,41.50549,1783679397,2026-07-10T10:29:57+00:00,59767.9,1,1,20958578.105821,20958578.105821,0.0,0.847899487,0.881239143,67.51823614981,70.12901099994,axiom,"bundler,top_holder",,2,1.30116368402,0.0,0,0,0,0,0,0,0,0,0,0,0,0,0,0,0,0,0,0,0,0,0,0,0,0,False,0.0,False,,,,,,,,,,,,,,,,,,,,,,,,,,,,,,,,,,,,,,,,,
GggZ7jg1knces2gLMGUvELMVYh6gryEXqtayjHaGS6ea,launch-window,1783652270,2026-07-10T02:57:50+00:00,41.81946,1783652270,2026-07-10T02:57:50+00:00,60220.017,1,2,6923576.51355,6923576.51355,0.0,0.847431463,0.9213869800000001,67.05725166719,72.82253985528,,,,3,4.01557318636,0.0,0,0,0,0,0,0,0,0,0,0,0,0,0,0,0,0,0,0,0,0,0,0,0,0,False,0.0,False,,,,,,,,,,,,,,,,,,,,,,,,,,,,,,,,,,,,,,,,,
BxLPjF3SyEgUveneYPpo9s3tDtAR9h4gG9pwvRtJfXAJ,launch-window,1783652248,2026-07-10T02:57:28+00:00,41.81971,1783652248,2026-07-10T02:57:28+00:00,60220.383,1,3,7555781.254572,7555781.254572,0.0,0.841926181,1.2999818109999999,66.5963609171,102.42815015094,,,,4,33.3619312592,0.0,0,0,0,0,0,0,0,0,0,0,0,0,0,0,0,0,0,0,0,0,0,0,0,0,False,0.0,False,,,,,,,,,,,,,,,,,,,,,,,,,,,,,,,,,,,,,,,,,
3qAP4E772NVVB8rqMgPKpDPhdKaq6qzvMea6883C1yxX,old-holder,1783679397,2026-07-10T10:29:57+00:00,41.50549,1783679397,2026-07-10T10:29:57+00:00,59767.9,1,1,21637020.220991,21637020.220991,0.0,0.835001959,0.963772995,66.49120599517,76.6970549421,axiom,"bundler,top_holder",,2,8.84359815607,0.0,0,0,0,0,0,0,0,0,0,0,0,0,0,0,0,0,0,0,0,0,0,0,0,0,False,0.0,False,,,,,,,,,,,,,,,,,,,,,,,,,,,,,,,,,,,,,,,,,
Bw5JRHVXqEahVkQuBQefP235qhff9kSBoUyQgpZEyiTJ,launch-window,1783652247,2026-07-10T02:57:27+00:00,41.81972,1783652247,2026-07-10T02:57:27+00:00,60220.4,1,3,7319084.272253,7319084.272253,0.0,0.834185086,1.143014389,65.9840403026,90.10199697384,axiom,bundler,,4,22.16526096709,0.0,0,0,0,0,0,0,0,0,0,0,0,0,0,0,0,0,0,0,0,0,0,0,0,0,True,0.0,False,,,,,,,,,,,,,,,,,,,,,,,,,,,,,,,,,,,,,,,,,
Dz9kBQxX9HqPfZhWoHVQB9Y3ZX4xmuCL2sjQPJpr5EiJ,launch-window,1783652258,2026-07-10T02:57:38+00:00,41.81959,1783652258,2026-07-10T02:57:38+00:00,60220.217,1,10,6313287.371816,6313287.371816,0.0,0.833618246,0.998248487,65.9392032586,78.86422480035,axiom,,,11,11.02275907196,0.0,0,0,0,0,0,0,0,0,0,0,0,0,0,0,0,0,0,0,0,0,0,0,0,0,False,0.0,False,,,,,,,,,,,,,,,,,,,,,,,,,,,,,,,,,,,,,,,,,
FcmmrXhydNm6i1j3ZeGsqNHnxtw7xD4ANJFMVP78EfWV,launch-window,1783652345,2026-07-10T02:59:05+00:00,41.81859,1783653835,2026-07-10T03:23:55+00:00,60193.933,43,1,4226966.31059,4226966.31059,0.0,0.824853303,0.339596986,65.03994107283,26.77382637624,"axiom,padre",bundler,,44,-39.18971694968,0.0,0,0,0,0,0,0,0,0,0,0,0,0,0,0,0,0,0,0,0,0,0,0,0,0,True,0.0,False,,,,,,,,,,,,,,,,,,,,,,,,,,,,,,,,,,,,,,,,,
4uXpGUz2K9Rcg1fci5UFnUsVGHZzMF2shYVbyTsMhHb2,launch-window,1783652828,2026-07-10T03:07:08+00:00,41.813,1783654041,2026-07-10T03:27:21+00:00,60190.5,3,1,4566583.115809,4566583.115809,0.0,0.8109087479999999,0.446203759,63.91457431421,35.26348307377,,,,4,-30.04477836252,0.0,0,0,0,0,0,0,0,0,0,0,0,0,0,0,0,0,0,0,0,0,0,0,0,0,False,0.0,False,,,,,,,,,,,,,,,,,,,,,,,,,,,,,,,,,,,,,,,,,
EhboBh931oRTjN2SpoUFiNpm9edhZJB75Bp9SBqgWvHz,launch-window,1783652262,2026-07-10T02:57:42+00:00,41.81955,1783652262,2026-07-10T02:57:42+00:00,60220.15,1,8,6115942.27266,6115942.27266,0.0,0.804677946,1.230726841,63.65807230806,96.97951678662,,,,9,31.13061512196,0.0,0,0,0,0,0,0,0,0,0,0,0,0,0,0,0,0,0,0,0,0,0,0,0,0,False,0.0,False,,,,,,,,,,,,,,,,,,,,,,,,,,,,,,,,,,,,,,,,,
DeNwH63Xgj3a4bXXHw79BiL5iBUNBQVaRYeLHQTQxL7z,launch-window,1783652381,2026-07-10T02:59:41+00:00,41.81817,1783653975,2026-07-10T03:26:15+00:00,60191.6,2,2,7775666.086913999,7775666.086913999,0.0,0.800000002,0.866954734,63.18400015796,68.51154973692,paper_hands,bundler,,4,4.01776947954,0.0,0,0,0,0,0,0,0,0,0,0,0,0,0,0,0,0,0,0,0,0,0,0,0,0,True,0.0,False,,,,,,,,,,,,,,,,,,,,,,,,,,,,,,,,,,,,,,,,,
74Rxdfm4cUzpxFDQo8yhVFheU2okTVhnSyMvuANbs2bo,old-holder,1783656042,2026-07-10T04:00:42+00:00,41.7758,1783656042,2026-07-10T04:00:42+00:00,60157.15,1,1,11776662.384656,11776662.384656,0.0,0.8,0.701786778,63.224,55.5113341398,,,,2,-9.2893636878,0.0,0,0,0,0,0,0,0,0,0,0,0,0,0,0,0,0,0,0,0,0,0,0,0,0,False,0.0,False,,,,,,,,,,,,,,,,,,,,,,,,,,,,,,,,,,,,,,,,,
GpDWXhY59DcBYXox992qybRTwDBzqhWJV7SvVtJ8FTq2,launch-window,1783652647,2026-07-10T03:04:07+00:00,41.81509,1783654434,2026-07-10T03:33:54+00:00,60183.95,7,3,4962653.795811,4962653.795811,0.0,0.790123449,0.626429002,62.293332719089996,49.37536593911,,,,10,-14.77515733032,0.0,0,0,0,0,0,0,0,0,0,0,0,0,0,0,0,0,0,0,0,0,0,0,0,0,False,0.0,False,,,,,,,,,,,,,,,,,,,,,,,,,,,,,,,,,,,,,,,,,
CWaFSkBj2cELR15bt7wwV3c9SKBzSuiZCnHV1JBXzy2M,launch-window,1783652249,2026-07-10T02:57:29+00:00,41.8197,1783652249,2026-07-10T02:57:29+00:00,60220.367,1,2,6836435.042026,6836435.042026,0.0,0.786759651,1.27995023,62.22482079759,100.8893768948,axiom,,,3,36.5045037686,0.0,0,0,0,0,0,0,0,0,0,0,0,0,0,0,0,0,0,0,0,0,0,0,0,0,False,0.0,False,,,,,,,,,,,,,,,,,,,,,,,,,,,,,,,,,,,,,,,,,
55ZcAGsXA6o5MywG4JuKosjZL3YvoEdcmLMPYRA9qgUa,old-holder,1783652996,2026-07-10T03:09:56+00:00,41.81105,1783652996,2026-07-10T03:09:56+00:00,60207.917,1,1,3153671.214929,3153671.214929,0.0,0.77198976,0.129774291,60.8405129856,10.26384867519,fresh_wallet,,,2,-51.51098452048,0.0,0,0,0,0,0,0,0,0,0,0,0,0,0,0,0,0,0,0,0,0,0,0,0,0,False,0.0,False,,,,,,,,,,,,,,,,,,,,,,,,,,,,,,,,,,,,,,,,,
BNwVduQq1AH3ee5hnLQtbJmPyrBJHaS29b6VQt3pzvsR,launch-window,1783652240,2026-07-10T02:57:20+00:00,41.8198,1783652240,2026-07-10T02:57:20+00:00,60220.517,1,1,8963691.326138,8963691.326138,0.0,0.771907696,0.824697286,61.0578987536,65.2335553226,,bundler,,2,2.8877240287,0.0,0,0,0,0,0,0,0,0,0,0,0,0,0,0,0,0,0,0,0,0,0,0,0,0,True,0.0,False,,,,,,,,,,,,,,,,,,,,,,,,,,,,,,,,,,,,,,,,,
9XWGSiynrRZnYA86dw5s2LN7hUR5mWVEyzQJHzErFNcV,old-holder,1783653793,2026-07-10T03:23:13+00:00,41.80183,1783654071,2026-07-10T03:27:51+00:00,60190.0,2,1,4986081.787558,4799730.054834,186351.73272399977,0.758437361,0.224131406,59.78997084026,17.70189844588,,,,3,-40.586867740548755,0.0,0,0,0,0,0,0,0,0,0,0,0,0,0,0,0,0,0,0,0,0,0,0,0,0,False,0.0,False,,,,,,,,,,,,,,,,,,,,,,,,,,,,,,,,,,,,,,,,,
EyMctDFySHqqBZ3bJ5PEpJBMEe4MPW1Ct1UAKHWpJcVJ,launch-window,1783652390,2026-07-10T02:59:50+00:00,41.81807,1783652390,2026-07-10T02:59:50+00:00,60218.017,1,1,4969505.935046,4969505.935046,0.0,0.757159525,0.90534915,59.8610320465,71.359620003,,,,2,10.23936115772,0.0,0,0,0,0,0,0,0,0,0,0,0,0,0,0,0,0,0,0,0,0,0,0,0,0,False,0.0,False,,,,,,,,,,,,,,,,,,,,,,,,,,,,,,,,,,,,,,,,,
8dDFsA6FSTHoqsyM17gjDdXmxL8cGcGoo8g1BGGVqSUa,launch-window,1783652255,2026-07-10T02:57:35+00:00,41.81963,1783652255,2026-07-10T02:57:35+00:00,60220.267,1,1,6459792.733632,6459792.733632,0.0,0.736627551,1.007803372,58.27460555961,79.64670048916,"axiom,fresh_wallet",bundler,,2,20.02230702474,0.0,0,0,0,0,0,0,0,0,0,0,0,0,0,0,0,0,0,0,0,0,0,0,0,0,True,0.0,False,,,,,,,,,,,,,,,,,,,,,,,,,,,,,,,,,,,,,,,,,
9pqbbqUw1Z3zVv4upx6jPKhmCaGbuXCZThhqWoTaR3cH,launch-window,1783652247,2026-07-10T02:57:27+00:00,41.81972,1783652265,2026-07-10T02:57:45+00:00,60220.1,2,1,7457851.675435,7457851.675435,0.0,0.7365883240000001,1.062832133,58.26595004647,84.02750843498,axiom,bundler,,3,24.35525276385,0.0,0,0,0,0,0,0,0,0,0,0,0,0,0,0,0,0,0,0,0,0,0,0,0,0,True,0.0,False,,,,,,,,,,,,,,,,,,,,,,,,,,,,,,,,,,,,,,,,,
Gc5ANrr3GWndhy8vPu31KGMwdj4QbUpKY1TBxpdr4X2V,launch-window,1783652276,2026-07-10T02:57:56+00:00,41.81939,1783652276,2026-07-10T02:57:56+00:00,60219.917,1,2,5191480.804166,5191480.804166,0.0,0.728775182,0.6474869110000001,57.66798015166,51.04449251227,,,,3,-7.98360998215,0.0,0,0,0,0,0,0,0,0,0,0,0,0,0,0,0,0,0,0,0,0,0,0,0,0,False,0.0,False,,,,,,,,,,,,,,,,,,,,,,,,,,,,,,,,,,,,,,,,,
3PCURm7QWYgk41qKmDr8rnu36iM5DtjdQt9VC4PC7vpp,launch-window,1783652270,2026-07-10T02:57:50+00:00,41.81946,1783652270,2026-07-10T02:57:50+00:00,60220.017,1,1,5772823.0585,5772823.0585,0.0,0.727213141,0.496283663,57.52983158451,39.12700399092,,,,2,-19.61185005927,0.0,0,0,0,0,0,0,0,0,0,0,0,0,0,0,0,0,0,0,0,0,0,0,0,0,False,0.0,False,,,,,,,,,,,,,,,,,,,,,,,,,,,,,,,,,,,,,,,,,
ESBEAmbfQVfzhwn81Z1sUoddvnBgMhDzoqEXxSycLXGw,launch-window,1783652260,2026-07-10T02:57:40+00:00,41.81957,1783652260,2026-07-10T02:57:40+00:00,60220.183,1,4,5467384.986235,5467384.986235,0.0,0.72097354,0.991722585,57.029007014,78.39094243619,axiom,,,5,19.62675685656,0.0,0,0,0,0,0,0,0,0,0,0,0,0,0,0,0,0,0,0,0,0,0,0,0,0,False,0.0,False,,,,,,,,,,,,,,,,,,,,,,,,,,,,,,,,,,,,,,,,,
CGgc77GbuXdsKXFuZHh5GCopkWvRkGNd5iRzadM1eDh1,launch-window,1783652255,2026-07-10T02:57:35+00:00,41.81963,1783652255,2026-07-10T02:57:35+00:00,60220.267,1,1,6124991.820391,6124991.820391,0.0,0.715289282,0.912793083,56.58653509902,72.13803734949,"axiom,fresh_wallet",bundler,,2,14.28908329103,0.0,0,0,0,0,0,0,0,0,0,0,0,0,0,0,0,0,0,0,0,0,0,0,0,0,True,0.0,False,,,,,,,,,,,,,,,,,,,,,,,,,,,,,,,,,,,,,,,,,
7XTPMGAQ8xhhjAzqLFvRzBjbvT2fi84N1VyXXNJFWpXY,launch-window,1783652448,2026-07-10T03:00:48+00:00,41.8174,1783652448,2026-07-10T03:00:48+00:00,60217.05,1,1,5046685.011002,5046685.011002,0.0,0.697461727,0.689367426,55.12040028481,54.47381400252,gmgn,,,2,-2.78612509178,0.0,0,0,0,0,0,0,0,0,0,0,0,0,0,0,0,0,0,0,0,0,0,0,0,0,False,0.0,False,,,,,,,,,,,,,,,,,,,,,,,,,,,,,,,,,,,,,,,,,
DSL3pd6jocpKEJDih1MReAKbcWoFk23aqKCbB4XD5xkc,launch-window,1783652255,2026-07-10T02:57:35+00:00,41.81963,1783652255,2026-07-10T02:57:35+00:00,60220.267,1,2,5873310.089993,5873310.089993,0.0,0.697036676,1.484159478,55.14257143836,116.96825695668001,,bundler,,3,59.54857698555,0.0,0,0,0,0,0,0,0,0,0,0,0,0,0,0,0,0,0,0,0,0,0,0,0,0,True,0.0,False,,,,,,,,,,,,,,,,,,,,,,,,,,,,,,,,,,,,,,,,,
A8A9rBfx7kxFVPQh8y3rRWJg4f8XT4biewzNeCEPy2UJ,launch-window,1783652271,2026-07-10T02:57:51+00:00,41.81944,1783652271,2026-07-10T02:57:51+00:00,60220.0,1,1,5436564.545562,5436564.545562,0.0,0.691358023,0.79928317,54.70716035999,63.2073130836,gmgn,bundler,,2,6.04288185139,0.0,0,0,0,0,0,0,0,0,0,0,0,0,0,0,0,0,0,0,0,0,0,0,0,0,True,0.0,False,,,,,,,,,,,,,,,,,,,,,,,,,,,,,,,,,,,,,,,,,
ELYGf7C1hDrJL7tY3K35fvp98a2LZu8G7APon9Psz9P6,launch-window,1783652260,2026-07-10T02:57:40+00:00,41.81957,1783652260,2026-07-10T02:57:40+00:00,60220.183,1,4,5202268.809671,5202268.809671,0.0,0.686745732,0.8464242350000001,54.3215874012,66.83007276837,,,,5,10.8688448754,0.0,0,0,0,0,0,0,0,0,0,0,0,0,0,0,0,0,0,0,0,0,0,0,0,0,False,0.0,False,,,,,,,,,,,,,,,,,,,,,,,,,,,,,,,,,,,,,,,,,
C91prEJwjSLbSdDYFm2yqMXNZadEtMpp59mKtjXnUSQ5,launch-window,1783652366,2026-07-10T02:59:26+00:00,41.81834,1783652652,2026-07-10T03:04:12+00:00,60213.65,3,2,4022612.9084409997,4022612.9084409997,0.0,0.655169863,0.502484135,51.77580456717,39.71132118905,,bundler,,5,-13.27430865226,0.0,0,0,0,0,0,0,0,0,0,0,0,0,0,0,0,0,0,0,0,0,0,0,0,0,True,0.0,False,,,,,,,,,,,,,,,,,,,,,,,,,,,,,,,,,,,,,,,,,
HSkPEifDhUjC4S4L7KXoYMPdY9RnLBzHVH3cgYouLoNG,launch-window,1783652279,2026-07-10T02:57:59+00:00,41.81935,1783652279,2026-07-10T02:57:59+00:00,60219.867,1,1,4379544.516619,4379544.516619,0.0,0.651031996,0.34543186,51.50314120356,27.2338478424,,,,2,-25.49083773321,0.0,0,0,0,0,0,0,0,0,0,0,0,0,0,0,0,0,0,0,0,0,0,0,0,0,False,0.0,False,,,,,,,,,,,,,,,,,,,,,,,,,,,,,,,,,,,,,,,,,
BXfVMEeUCmoPtcoQrWJufa3tRBEMUfMsNtnif4tk3KuM,launch-window,1783652268,2026-07-10T02:57:48+00:00,41.81948,1783652268,2026-07-10T02:57:48+00:00,60220.05,1,1,5184966.927379,5184966.927379,0.0,0.646584956,0.463027757,51.15133586916,36.50510836188,,,,2,-15.74274517092,0.0,0,0,0,0,0,0,0,0,0,0,0,0,0,0,0,0,0,0,0,0,0,0,0,0,False,0.0,False,,,,,,,,,,,,,,,,,,,,,,,,,,,,,,,,,,,,,,,,,
GFjYW4AmrzfesotzGZX1r79YvT4bXeSnDDXN2vCMyhnU,launch-window,1783652273,2026-07-10T02:57:53+00:00,41.81942,1783652273,2026-07-10T02:57:53+00:00,60219.967,1,2,5101440.058728,5101440.058728,0.0,0.646143013,0.589522114,51.12929661869,46.47418774748,,bundler,,3,-6.00055772702,0.0,0,0,0,0,0,0,0,0,0,0,0,0,0,0,0,0,0,0,0,0,0,0,0,0,True,0.0,False,,,,,,,,,,,,,,,,,,,,,,,,,,,,,,,,,,,,,,,,,
4iTYdEqVLxRwTYJnBYocaY2wqdh4Gaxkvg9q3wFijjcK,old-holder,1783653769,2026-07-10T03:22:49+00:00,41.80211,1783653775,2026-07-10T03:22:55+00:00,60194.933,3,1,3975553.002111,3975553.002111,0.0,0.641975305,0.733203119,50.587654033999996,57.78373780839,padre,,,4,5.78970617099,0.0,0,0,0,0,0,0,0,0,0,0,0,0,0,0,0,0,0,0,0,0,0,0,0,0,False,0.0,False,,,,,,,,,,,,,,,,,,,,,,,,,,,,,,,,,,,,,,,,,
Bpbs4PbB9Rh1EH5cp3TxTWzeTUuV6ALB7KsqJnhSEZdS,old-holder,1783654292,2026-07-10T03:31:32+00:00,41.79605,1783679479,2026-07-10T10:31:19+00:00,59766.533,3,3,10433292.473743,10433292.473743,0.0,0.640194943,0.46547962,50.77705052409,36.846556523640004,paper_hands,top_holder,,6,-14.78762711739,0.0,0,0,0,0,0,0,0,0,0,0,0,0,0,0,0,0,0,0,0,0,0,0,0,0,False,0.0,False,,,,,,,,,,,,,,,,,,,,,,,,,,,,,,,,,,,,,,,,,
HJVVbPSmCZoE5i5ZYW8LXg4VDXD4EeLZMygFy6ujQ5hY,launch-window,1783652277,2026-07-10T02:57:57+00:00,41.81938,1783652277,2026-07-10T02:57:57+00:00,60219.9,1,1,4435663.747976,4435663.747976,0.0,0.637399244,0.354736362,50.42465419284,27.96741478008,,bundler,,2,-23.6744723727,0.0,0,0,0,0,0,0,0,0,0,0,0,0,0,0,0,0,0,0,0,0,0,0,0,0,True,0.0,False,,,,,,,,,,,,,,,,,,,,,,,,,,,,,,,,,,,,,,,,,
HK2v8KSfgy4P2fNQTqmEMYHMppwLNbZ64Z7MufLjSL1V,launch-window,1783652278,2026-07-10T02:57:58+00:00,41.81936,1783652278,2026-07-10T02:57:58+00:00,60219.883,1,1,4405299.703596,4405299.703596,0.0,0.636905215,0.715165042,50.38557155865,56.55525152136,,bundler,,2,4.8321063567,0.0,0,0,0,0,0,0,0,0,0,0,0,0,0,0,0,0,0,0,0,0,0,0,0,0,True,0.0,False,,,,,,,,,,,,,,,,,,,,,,,,,,,,,,,,,,,,,,,,,
57WkTbDxxu3tC9Nhve8hQms5KBRa7MFEPSnnEeThivvX,launch-window,1783652247,2026-07-10T02:57:27+00:00,41.81972,1783652266,2026-07-10T02:57:46+00:00,60220.083,2,1,6168299.744169,6168299.744169,0.0,0.634188258,0.832326816,50.1663909279,65.80375807296,axiom,bundler,,3,14.48113294949,0.0,0,0,0,0,0,0,0,0,0,0,0,0,0,0,0,0,0,0,0,0,0,0,0,0,True,0.0,False,,,,,,,,,,,,,,,,,,,,,,,,,,,,,,,,,,,,,,,,,
EaPFs9hbR4xewUWAYKb1hQUHg7xuNBD1AkJPVXwjLQUX,launch-window,1783652261,2026-07-10T02:57:41+00:00,41.81956,1783652261,2026-07-10T02:57:41+00:00,60220.167,1,1,4798469.410476,4798469.410476,0.0,0.634107535,0.452592773,50.16424709385,35.68241422332,,,,2,-15.55572825261,0.0,0,0,0,0,0,0,0,0,0,0,0,0,0,0,0,0,0,0,0,0,0,0,0,0,False,0.0,False,,,,,,,,,,,,,,,,,,,,,,,,,,,,,,,,,,,,,,,,,
9khkRvs76cmVAfRHswogDqBwikdHDKBH2e9zXLuaYrTn,launch-window,1783652247,2026-07-10T02:57:27+00:00,41.81972,1783652265,2026-07-10T02:57:45+00:00,60220.1,2,1,6341115.826786,6341115.826786,0.0,0.633667861,0.877991385,50.1245922447,69.4139988981,axiom,bundler,,3,18.09927222856,0.0,0,0,0,0,0,0,0,0,0,0,0,0,0,0,0,0,0,0,0,0,0,0,0,0,True,0.0,False,,,,,,,,,,,,,,,,,,,,,,,,,,,,,,,,,,,,,,,,,
D43RAZczATozXt6jbC9fmJu2xsFpXU2cnLS5dMJaHJLQ,launch-window,1783652252,2026-07-10T02:57:32+00:00,41.81966,1783652252,2026-07-10T02:57:32+00:00,60220.317,1,1,5587746.083747,5587746.083747,0.0,0.632941166,0.602136646,50.0656462306,47.47245317064,axiom,,,2,-3.81323138246,0.0,0,0,0,0,0,0,0,0,0,0,0,0,0,0,0,0,0,0,0,0,0,0,0,0,False,0.0,False,,,,,,,,,,,,,,,,,,,,,,,,,,,,,,,,,,,,,,,,,
2fR9oGXQrFej7EQyrZUZQJr4skrCbapgpBNheRte5YsE,old-holder,1783653830,2026-07-10T03:23:50+00:00,41.8014,1783653857,2026-07-10T03:24:17+00:00,60193.567,2,1,3658882.5440209997,3658882.544021,-4.656612873077393e-10,0.6321135920000001,0.245566945,49.818406846340004,19.3654092827,,,,3,-31.45614209555,0.0,0,0,0,0,0,0,0,0,0,0,0,0,0,0,0,0,0,0,0,0,0,0,0,0,False,0.0,False,,,,,,,,,,,,,,,,,,,,,,,,,,,,,,,,,,,,,,,,,
DgHtNC6DDp5dV3Gej8iU1LJrsFopBKcSNPyDRArZRb3b,old-holder,1783652900,2026-07-10T03:08:20+00:00,41.81216,1783652900,2026-07-10T03:08:20+00:00,60209.517,1,1,2830049.543824,2830049.543824,0.0,0.630999909,0.088664855,49.74172282647,6.9247251755,fresh_wallet,,,2,-43.57276474227,0.0,0,0,0,0,0,0,0,0,0,0,0,0,0,0,0,0,0,0,0,0,0,0,0,0,False,0.0,False,,,,,,,,,,,,,,,,,,,,,,,,,,,,,,,,,,,,,,,,,
HUWXMPmrnAkQQFS962K5NjSJARdqBnYBGXmVhrSqGw5v,old-holder,1783653386,2026-07-10T03:16:26+00:00,41.80654,1783653386,2026-07-10T03:16:26+00:00,60201.417,1,1,2293147.675017,2293147.675017,0.0,0.62492055,0.094947233,49.2374901345,7.5103261303,"fresh_wallet,gmgn",,,2,-50.81465179244,0.0,0,0,0,0,0,0,0,0,0,0,0,0,0,0,0,0,0,0,0,0,0,0,0,0,False,0.0,False,,,,,,,,,,,,,,,,,,,,,,,,,,,,,,,,,,,,,,,,,
BvoEUSckQoZ91rsJ2GZZGptJNQv6e97XmykTRRRsT1GQ,old-holder,1783652938,2026-07-10T03:08:58+00:00,41.81172,1783652938,2026-07-10T03:08:58+00:00,60208.883,1,0,2558313.713172,0,2558313.713172,0.621663487,0,48.99329941047,0,,,,1,0.0,0.0,0,0,0,0,0,0,0,0,0,0,0,0,0,0,0,0,0,0,0,0,0,0,0,0,False,0.0,False,,,,,,,,,,,,,,,,,,,,,,,,,,,,,,,,,,,,,,,,,
8VTpqbkWt3Z7FDKq1GQybLNURGGE397SHvL6cPxagxRZ,old-holder,1783653002,2026-07-10T03:10:02+00:00,41.81098,1783653002,2026-07-10T03:10:02+00:00,60207.817,1,1,2332602.645921,2332602.645921,0.0,0.620187683,0.548406163,48.87699129723,43.20892158277,fresh_wallet,,,2,-6.91133977715,0.0,0,0,0,0,0,0,0,0,0,0,0,0,0,0,0,0,0,0,0,0,0,0,0,0,False,0.0,False,,,,,,,,,,,,,,,,,,,,,,,,,,,,,,,,,,,,,,,,,
F4fWuqyAQQQK29iGCQHyzME47o4SUbuzfAybaoZJvwDT,launch-window,1783652288,2026-07-10T02:58:08+00:00,41.81925,1783652288,2026-07-10T02:58:08+00:00,60219.717,1,1,3773128.164771,3773128.164771,0.0,0.619464731,0.494795213,48.98727092748,39.04923820996,,,,2,-10.78701975432,0.0,0,0,0,0,0,0,0,0,0,0,0,0,0,0,0,0,0,0,0,0,0,0,0,0,False,0.0,False,,,,,,,,,,,,,,,,,,,,,,,,,,,,,,,,,,,,,,,,,
H1gHGTPyfb5ULe7PWxSQhdvUimYs13SrTMJRxyhbr4i3,old-holder,1783652954,2026-07-10T03:09:14+00:00,41.81154,1783654082,2026-07-10T03:28:02+00:00,60189.817,2,1,3708319.360943,3676798.646375,31520.71456799982,0.614680759,0.44408291,48.46317772262,35.08254989,,,,3,-13.774132468766876,0.0,0,0,0,0,0,0,0,0,0,0,0,0,0,0,0,0,0,0,0,0,0,0,0,0,False,0.0,False,,,,,,,,,,,,,,,,,,,,,,,,,,,,,,,,,,,,,,,,,
BHh4K4ttLi2m9gW5SHiAZNDp87P49zxG9GfRyN6nPZwb,old-holder,1783654604,2026-07-10T03:36:44+00:00,41.79244,1783654604,2026-07-10T03:36:44+00:00,60181.117,1,1,4126437.487706,4126437.487706,0.0,0.612345678,0.164018695,48.33856782132,12.97879933535,,,,2,-36.19412909046,0.0,0,0,0,0,0,0,0,0,0,0,0,0,0,0,0,0,0,0,0,0,0,0,0,0,False,0.0,False,,,,,,,,,,,,,,,,,,,,,,,,,,,,,,,,,,,,,,,,,
Em8J3gBWapfVBGVhVipwQnLrqCvnWBnLajw6XFsFECPF,launch-window,1783652762,2026-07-10T03:06:02+00:00,41.81376,1783652762,2026-07-10T03:06:02+00:00,60211.817,1,0,3588586.789304,0,3588586.789304,0.612186082,0,48.25862884406,0,bluechip_owner,,,119,1745.017244921187,0.0,0,0,0,0,0,0,0,0,0,0,0,0,0,0,0,0,0,0,0,0,0,0,0,0,False,0.0,False,,,,,,,,,,,,,,,,,,,,,,,,,,,,,,,,,,,,,,,,,
GbWD2z3XHrXfSZNGBroHnZQrrYE1oTeK1TZYpHd4v1ZK,launch-window,1783652275,2026-07-10T02:57:55+00:00,41.8194,1783652275,2026-07-10T02:57:55+00:00,60219.933,1,3,4410566.956825,4410566.956825,0.0,0.611489324,0.815247865,48.38103531488,64.27140970295,,,,4,14.35478694685,0.0,0,0,0,0,0,0,0,0,0,0,0,0,0,0,0,0,0,0,0,0,0,0,0,0,False,0.0,False,,,,,,,,,,,,,,,,,,,,,,,,,,,,,,,,,,,,,,,,,
Ddq4F59BL2cgiLiaHfdhuBn3MtSYwrPDT2bvoVDDfZEs,launch-window,1783652258,2026-07-10T02:57:38+00:00,41.81959,1783652258,2026-07-10T02:57:38+00:00,60220.217,1,1,4570346.511264,4570346.511264,0.0,0.606446976,0.753171906,47.97602027136,59.56836604554,,,,2,10.24722756161,0.0,0,0,0,0,0,0,0,0,0,0,0,0,0,0,0,0,0,0,0,0,0,0,0,0,False,0.0,False,,,,,,,,,,,,,,,,,,,,,,,,,,,,,,,,,,,,,,,,,
2N9au5CkfL7qEvUr5KbRn3gBTxFowzGAjf9hw7xqhQfL,old-holder,1783653527,2026-07-10T03:18:47+00:00,41.80491,1783653527,2026-07-10T03:18:47+00:00,60199.067,1,1,2123527.397985,2123527.397985,0.0,0.599232812,0.085302095,47.21355325748,6.73460040025,,,,2,-41.01700711745,0.0,0,0,0,0,0,0,0,0,0,0,0,0,0,0,0,0,0,0,0,0,0,0,0,0,False,0.0,False,,,,,,,,,,,,,,,,,,,,,,,,,,,,,,,,,,,,,,,,,
2fZQ2UdNwhpbVEb5KMfmRq8fmUvm5tJW5kg2j5ARLs77,launch-window,1783652483,2026-07-10T03:01:23+00:00,41.81699,1783653948,2026-07-10T03:25:48+00:00,60192.05,8,3,3820928.996386,3820928.996386,0.0,0.596444437,0.48438982199999997,47.0256154129,38.190727078529996,"fresh_wallet,photon",,,11,-27.80643022649,0.0,0,0,0,0,0,0,0,0,0,0,0,0,0,0,0,0,0,0,0,0,0,0,0,0,False,0.0,False,,,,,,,,,,,,,,,,,,,,,,,,,,,,,,,,,,,,,,,,,
BU8FZRQbF88NmTLiuBdSfSRYVdtVD5Cqqf9TirP1vRA5,launch-window,1783652267,2026-07-10T02:57:47+00:00,41.81949,1783652267,2026-07-10T02:57:47+00:00,60220.067,1,8,4776036.738633,4776036.738633,0.0,0.596358896,0.868662222,47.17795226256,68.46599784494,axiom,,,9,19.6996923342,0.0,0,0,0,0,0,0,0,0,0,0,0,0,0,0,0,0,0,0,0,0,0,0,0,0,False,0.0,False,,,,,,,,,,,,,,,,,,,,,,,,,,,,,,,,,,,,,,,,,
8qMTrdRRrWRdhYsAbRZhuxFnkk717atpydB9BDsFrmjw,old-holder,1783652926,2026-07-10T03:08:46+00:00,41.81186,1783653785,2026-07-10T03:23:05+00:00,60194.767,6,3,2730090.674694,2730090.674694,0.0,0.589629624,0.54002862,46.47657239576,42.567169035519996,,,,9,-5.10774814273,0.0,0,0,0,0,0,0,0,0,0,0,0,0,0,0,0,0,0,0,0,0,0,0,0,0,False,0.0,False,,,,,,,,,,,,,,,,,,,,,,,,,,,,,,,,,,,,,,,,,
5rSx255JSw8RYAzfhaT4KPUvBPcHYeikhWcYmWkajXqq,launch-window,1783652289,2026-07-10T02:58:09+00:00,41.81924,1783652289,2026-07-10T02:58:09+00:00,60219.7,1,1,3607326.721369,3607326.721369,0.0,0.586666666,0.585602302,46.39359994728,46.24501378894,axiom,,,2,-1.0310238024,0.0,0,0,0,0,0,0,0,0,0,0,0,0,0,0,0,0,0,0,0,0,0,0,0,0,False,0.0,False,,,,,,,,,,,,,,,,,,,,,,,,,,,,,,,,,,,,,,,,,
FAeYY2xGeD19ZRLFU75W3Kfi8eVXJhBs1YBfZdyiXb1G,launch-window,1783652450,2026-07-10T03:00:50+00:00,41.81737,1783653421,2026-07-10T03:17:01+00:00,60200.833,2,2,3796359.325654,3796359.325654,0.0,0.586666665,0.6514385779999999,46.341777646240004,51.43747722482,"axiom,fresh_wallet,paper_hands",bundler,,4,4.10822695861,0.0,0,0,0,0,0,0,0,0,0,0,0,0,0,0,0,0,0,0,0,0,0,0,0,0,True,0.0,False,,,,,,,,,,,,,,,,,,,,,,,,,,,,,,,,,,,,,,,,,
Fgej4SPuW282TdrQRfizRHAeRasNqCtAWZizL3jDqMdS,old-holder,1783654015,2026-07-10T03:26:55+00:00,41.79926,1783654455,2026-07-10T03:34:15+00:00,60183.6,3,1,5393283.814194,7249222.980183,-1855939.1659889994,0.562256075,0.39143745,44.345243428770004,30.939216048,bluechip_owner,,,88,-230.0445769391122,0.0,0,0,0,0,0,0,0,0,0,0,0,0,0,0,0,0,0,0,0,0,0,0,0,0,False,0.0,False,,,,,,,,,,,,,,,,,,,,,,,,,,,,,,,,,,,,,,,,,
HFtWZiFftwSvRC858gn3W4qxeC2Na2f6p5WucEQBPbAm,old-holder,1783653769,2026-07-10T03:22:49+00:00,41.80211,1783653769,2026-07-10T03:22:49+00:00,60195.033,1,1,3394983.680357,3394983.680357,0.0,0.55283988,0.639377493,43.563782544,50.39573399826,fomo,,,2,5.86768088684,0.0,0,0,0,0,0,0,0,0,0,0,0,0,0,0,0,0,0,0,0,0,0,0,0,0,False,0.0,False,,,,,,,,,,,,,,,,,,,,,,,,,,,,,,,,,,,,,,,,,
Db821QfZdWfJDip5vDspkWcz7ccasdSA786KfR3YPD6q,launch-window,1783652257,2026-07-10T02:57:37+00:00,41.81961,1783652257,2026-07-10T02:57:37+00:00,60220.233,1,1,4148603.332549,4148603.332549,0.0,0.552149636,0.416641561,43.68055770396,32.84802066924,,bundler,,2,-12.02647629222,0.0,0,0,0,0,0,0,0,0,0,0,0,0,0,0,0,0,0,0,0,0,0,0,0,0,True,0.0,False,,,,,,,,,,,,,,,,,,,,,,,,,,,,,,,,,,,,,,,,,
83PH5pFXG5yne6YiSHSKMLdSVG1e9uousuSXHNYdPXo4,launch-window,1783652241,2026-07-10T02:57:21+00:00,41.81979,1783652241,2026-07-10T02:57:21+00:00,60220.5,1,10,6167602.409482,6167602.409482,0.0,0.545751823,0.874893515,43.1689691993,69.16594761943,axiom,bundler,,11,22.05546804216,0.0,0,0,0,0,0,0,0,0,0,0,0,0,0,0,0,0,0,0,0,0,0,0,0,0,True,0.0,False,,,,,,,,,,,,,,,,,,,,,,,,,,,,,,,,,,,,,,,,,
43yvWjUHkC8zQxYKofvxbTFsk949gV14suBbUbrX7B35,old-holder,1783654678,2026-07-10T03:37:58+00:00,41.79159,1783655122,2026-07-10T03:45:22+00:00,60172.483,2,1,4012446.948845,4012446.948845,0.0,0.543209874,0.507595547,42.88888868805,40.100048213,,,,3,-3.8329966578,0.0,0,0,0,0,0,0,0,0,0,0,0,0,0,0,0,0,0,0,0,0,0,0,0,0,False,0.0,False,,,,,,,,,,,,,,,,,,,,,,,,,,,,,,,,,,,,,,,,,
sntBgfxjVmY2KiXmCbHkE4jENRbxLu144b8FyGZdhV6,launch-window,1783652668,2026-07-10T03:04:28+00:00,41.81485,1783673055,2026-07-10T08:44:15+00:00,59873.6,15,2,7505459.701017,7505459.701017,0.0,0.54320986,0.25443695,42.90459128588,19.944116357280002,,top_holder,,17,-24.49404492504,0.0,0,0,0,0,0,0,0,0,0,0,0,0,0,0,0,0,0,0,0,0,0,0,0,0,False,0.0,False,,,,,,,,,,,,,,,,,,,,,,,,,,,,,,,,,,,,,,,,,
GdRwVKqvVL4jFj3Efjvi4uEUTewPQmAHEDEWEq8BQqEh,old-holder,1783653283,2026-07-10T03:14:43+00:00,41.80773,1783653283,2026-07-10T03:14:43+00:00,60203.133,1,1,1964105.468547,1964105.468547,0.0,0.540972244,0.134060558,42.64484199452,10.5706749983,,bundler,,2,-32.865902901265,0.0,0,0,0,0,0,0,0,0,0,0,0,0,0,0,0,0,0,0,0,0,0,0,0,0,False,0.0,False,,,,,,,,,,,,,,,,,,,,,,,,,,,,,,,,,,,,,,,,,
3rEC2WVfnxHseZ2H6hZvRrfWcDjmsMYt1CKC3aG9YG4x,launch-window,1783652241,2026-07-10T02:57:21+00:00,41.81979,1783652241,2026-07-10T02:57:21+00:00,60220.5,1,10,5975917.983626,5975917.983626,0.0,0.539598986,0.8461965340000001,42.6822797926,66.89728251206,axiom,bundler,,11,20.29966818798,0.0,0,0,0,0,0,0,0,0,0,0,0,0,0,0,0,0,0,0,0,0,0,0,0,0,True,0.0,False,,,,,,,,,,,,,,,,,,,,,,,,,,,,,,,,,,,,,,,,,
EadTe37aHqENjgz4EtgRdyJcFubaj9KJUHinMaTiwted,old-holder,1783656062,2026-07-10T04:01:02+00:00,41.77557,1783656062,2026-07-10T04:01:02+00:00,60156.817,1,1,7871797.887528,7871797.887528,0.0,0.537777777,0.550235174,42.49519993854,43.50709520818,"axiom,padre,trojan",,,2,0.17827393941,0.0,0,0,0,0,0,0,0,0,0,0,0,0,0,0,0,0,0,0,0,0,0,0,0,0,False,0.0,False,,,,,,,,,,,,,,,,,,,,,,,,,,,,,,,,,,,,,,,,,
CF3QWYGerFTKak9g8L1miStN3A2KXMCejTHTp76LtTdh,old-holder,1783653116,2026-07-10T03:11:56+00:00,41.80966,1783653135,2026-07-10T03:12:15+00:00,60205.6,2,1,2552721.247793,2552721.247793,0.0,0.537777776,0.681440731,42.4037776376,53.69071519549,axiom,,,3,10.30477371866,0.0,0,0,0,0,0,0,0,0,0,0,0,0,0,0,0,0,0,0,0,0,0,0,0,0,False,0.0,False,,,,,,,,,,,,,,,,,,,,,,,,,,,,,,,,,,,,,,,,,
FU9skFzcu1y3LQoKf33F8SPp7NaUuPVCVDQSy8mJtzBr,launch-window,1783652241,2026-07-10T02:57:21+00:00,41.81979,1783652241,2026-07-10T02:57:21+00:00,60220.5,1,1,5701950.797363,5701950.797363,0.0,0.531140954,0.537835599,42.0132494614,42.5427958809,fresh_wallet,bundler,,2,-0.2952197094,0.0,0,0,0,0,0,0,0,0,0,0,0,0,0,0,0,0,0,0,0,0,0,0,0,0,True,0.0,False,,,,,,,,,,,,,,,,,,,,,,,,,,,,,,,,,,,,,,,,,
D8mQeMSxKG2vot5yuwhKcebq4WchZY9j7GgJ2ZJBzJ21,old-holder,1783654187,2026-07-10T03:29:47+00:00,41.79727,1783654440,2026-07-10T03:34:00+00:00,60183.85,3,1,4467344.208169,4467344.208169,0.0,0.528324892,0.133649801,41.648707991820004,10.01838908296,fomo,top_holder,,4,-32.17985525379,0.0,0,0,0,0,0,0,0,0,0,0,0,0,0,0,0,0,0,0,0,0,0,0,0,0,False,0.0,False,,,,,,,,,,,,,,,,,,,,,,,,,,,,,,,,,,,,,,,,,
G9jPAHv1gWQ5gXxkxe1UHnU4o4fm4fKJJzbjMQRBYazX,launch-window,1783652273,2026-07-10T02:57:53+00:00,41.81942,1783652273,2026-07-10T02:57:53+00:00,60219.967,1,1,4126467.950725,4126467.950725,0.0,0.522888727,0.360553656,41.37618496751,28.42605023904,,bundler,,2,-13.8234748134,0.0,0,0,0,0,0,0,0,0,0,0,0,0,0,0,0,0,0,0,0,0,0,0,0,0,True,0.0,False,,,,,,,,,,,,,,,,,,,,,,,,,,,,,,,,,,,,,,,,,
DJ9X6px6eLssNPDX3vwuWXz6KaE6i3NGz2tYsZXR6XwH,launch-window,1783652252,2026-07-10T02:57:32+00:00,41.81966,1783652252,2026-07-10T02:57:32+00:00,60220.317,1,1,4506479.72571,4506479.72571,0.0,0.519605795,0.725371219,41.1008183845,57.36235599852,,bundler,,2,15.02993462576,0.0,0,0,0,0,0,0,0,0,0,0,0,0,0,0,0,0,0,0,0,0,0,0,0,0,True,0.0,False,,,,,,,,,,,,,,,,,,,,,,,,,,,,,,,,,,,,,,,,,
6sViQ1oyvmb6cqB3Emh5Zs9LwV3f6cvVdbg16LHJNvWV,old-holder,1783656130,2026-07-10T04:02:10+00:00,41.77478,1783656130,2026-07-10T04:02:10+00:00,60155.683,1,1,6552055.493466,6552055.493466,0.0,0.514376784,0.516169299,40.64090970384,40.78253631399,fresh_wallet,bundler,,2,-0.65638932274,0.0,0,0,0,0,0,0,0,0,0,0,0,0,0,0,0,0,0,0,0,0,0,0,0,0,False,0.0,False,,,,,,,,,,,,,,,,,,,,,,,,,,,,,,,,,,,,,,,,,
3bQ4aH6nzAhNSg5Z82Pf1g2or6r45Z9xvbksWVVPoUBD,old-holder,1783652992,2026-07-10T03:09:52+00:00,41.8111,1783652992,2026-07-10T03:09:52+00:00,60207.983,1,1,2074284.249244,2074284.249244,0.0,0.504068141,0.508630575,39.72561019221,40.07500300425,,,,2,-0.96410301446,0.0,0,0,0,0,0,0,0,0,0,0,0,0,0,0,0,0,0,0,0,0,0,0,0,0,False,0.0,False,,,,,,,,,,,,,,,,,,,,,,,,,,,,,,,,,,,,,,,,,
GGrcscAqEq4qJ1apGnQMv3XkFL7Dp68C6Cm8wx4ytjuf,old-holder,1783656427,2026-07-10T04:07:07+00:00,41.77134,1783656427,2026-07-10T04:07:07+00:00,60150.733,1,1,9014704.186408,9014704.186408,0.0,0.500000001,0.479103839,39.53000007906,37.83003912744,trojan,bundler,,2,-3.2163829627,0.0,0,0,0,0,0,0,0,0,0,0,0,0,0,0,0,0,0,0,0,0,0,0,0,0,False,0.0,False,,,,,,,,,,,,,,,,,,,,,,,,,,,,,,,,,,,,,,,,,
DAHzW8Xz5q7QHrYjU4apBLUqfKrEAjUtfprPDzm8eS9T,old-holder,1783652930,2026-07-10T03:08:50+00:00,41.81182,1783652930,2026-07-10T03:08:50+00:00,60209.017,1,0,2155079.335818,0,2155079.335818,0.497367053,0,39.20247111746,0,,,,1,0.0,0.0,0,0,0,0,0,0,0,0,0,0,0,0,0,0,0,0,0,0,0,0,0,0,0,0,False,0.0,False,,,,,,,,,,,,,,,,,,,,,,,,,,,,,,,,,,,,,,,,,
Bua9z61GyhA2zF3M6BHUmnZz5udkVavFRfeGy8gAdM6V,launch-window,1783652459,2026-07-10T03:00:59+00:00,41.81727,1783652459,2026-07-10T03:00:59+00:00,60216.867,1,1,3354900.55511,3354900.55511,0.0,0.496087279,0.847193647,39.20577765937,66.75038744713,,,,2,26.531504109555,0.0,0,0,0,0,0,0,0,0,0,0,0,0,0,0,0,0,0,0,0,0,0,0,0,0,False,0.0,False,,,,,,,,,,,,,,,,,,,,,,,,,,,,,,,,,,,,,,,,,
AWrTFnoSjCbJ4KhTzCQsjHwWrCt8jhXNKQubjdT1ENWw,launch-window,1783652240,2026-07-10T02:57:20+00:00,41.8198,1783652240,2026-07-10T02:57:20+00:00,60220.517,1,1,6587959.114686,6587959.114686,0.0,0.493827159,0.828568848,39.05679000531,65.56465294224,,"bundler,top_holder",,2,25.48943697597,0.0,0,0,0,0,0,0,0,0,0,0,0,0,0,0,0,0,0,0,0,0,0,0,0,0,True,0.0,False,,,,,,,,,,,,,,,,,,,,,,,,,,,,,,,,,,,,,,,,,
GPkWhmnc9UmDzAcrnF8r2qQ5oms9WZL5M9WNx6TQGryB,launch-window,1783652251,2026-07-10T02:57:31+00:00,41.81968,1783652251,2026-07-10T02:57:31+00:00,60220.333,1,2,4366513.066056,4366513.066056,0.0,0.493827159,0.669829368,39.0617282769,52.79126465576,"axiom,launchpad_smart",bundler,,3,12.562968343,0.0,0,0,0,0,0,0,0,0,0,0,0,0,0,0,0,0,0,0,0,0,0,0,0,0,True,0.0,False,,,,,,,,,,,,,,,,,,,,,,,,,,,,,,,,,,,,,,,,,
3GA1UY8UgEJcpqGnypzAheid2SHWB36vGDNwdJQqjrP8,launch-window,1783652252,2026-07-10T02:57:32+00:00,41.81966,1783652252,2026-07-10T02:57:32+00:00,60220.317,1,1,4279344.528038,4279344.528038,0.0,0.493827159,0.659415494,39.0617282769,52.12020064576,gmgn,bundler,,2,3.37426629996,0.0,0,0,0,0,0,0,0,0,0,0,0,0,0,0,0,0,0,0,0,0,0,0,0,0,True,0.0,False,,,,,,,,,,,,,,,,,,,,,,,,,,,,,,,,,,,,,,,,,
BggnH7CGFp4XaWcYaxEt25rBAa2r7vnZ5NLQhXbk142Q,launch-window,1783652361,2026-07-10T02:59:21+00:00,41.8184,1783652361,2026-07-10T02:59:21+00:00,60218.5,1,1,3289598.347616,3289598.347616,0.0,0.493827159,0.50462873,39.03209864736,39.8606233827,gmgn,bundler,,2,-0.1742276287,0.0,0,0,0,0,0,0,0,0,0,0,0,0,0,0,0,0,0,0,0,0,0,0,0,0,True,0.0,False,,,,,,,,,,,,,,,,,,,,,,,,,,,,,,,,,,,,,,,,,
BRqkjihsV2VDmV9FnWfnRk7x1n9TuTY5cSzEExry745s,launch-window,1783652449,2026-07-10T03:00:49+00:00,41.81738,1783652449,2026-07-10T03:00:49+00:00,60217.033,1,1,3485758.250648,3485758.250648,0.0,0.493827159,0.490625722,39.02716037577,38.76924455244,,,,19,5.35157530724,0.0,0,0,0,0,0,0,0,0,0,0,0,0,0,0,0,0,0,0,0,0,0,0,0,0,False,0.0,False,,,,,,,,,,,,,,,,,,,,,,,,,,,,,,,,,,,,,,,,,
FUf396ZMoCsNNiRaoGKHyqfFrsZifdmBRjEwDTxh6bXP,launch-window,1783652698,2026-07-10T03:04:58+00:00,41.8145,1783652698,2026-07-10T03:04:58+00:00,60212.883,1,1,3621650.836018,3621650.836018,0.0,0.493827159,0.78481034,38.93827148715,61.8901434124,,,,2,21.59925613174,0.0,0,0,0,0,0,0,0,0,0,0,0,0,0,0,0,0,0,0,0,0,0,0,0,0,False,0.0,False,,,,,,,,,,,,,,,,,,,,,,,,,,,,,,,,,,,,,,,,,
GrF9sKhqUtLr5DzNSXfAsJaeyS2rZeLJqzgJnDAByUEB,launch-window,1783652700,2026-07-10T03:05:00+00:00,41.81448,1783652700,2026-07-10T03:05:00+00:00,60212.85,1,1,3568257.743659,3568257.743659,0.0,0.493827159,0.875118549,38.93827148715,69.00309758865,,,,2,28.6233042791,0.0,0,0,0,0,0,0,0,0,0,0,0,0,0,0,0,0,0,0,0,0,0,0,0,0,False,0.0,False,,,,,,,,,,,,,,,,,,,,,,,,,,,,,,,,,,,,,,,,,
2PvsXqtW3TQhLks5tY8vCVfeAuyZ9SUx3CyWYPgUMTdu,old-holder,1783652920,2026-07-10T03:08:40+00:00,41.81193,1783652920,2026-07-10T03:08:40+00:00,60209.183,1,1,2365323.5274,2365323.5274,0.0,0.493827159,0.535416114,38.92839494397,42.19614394434,fresh_wallet,,,2,2.16147262091,0.0,0,0,0,0,0,0,0,0,0,0,0,0,0,0,0,0,0,0,0,0,0,0,0,0,False,0.0,False,,,,,,,,,,,,,,,,,,,,,,,,,,,,,,,,,,,,,,,,,
7XuNeVd5cMmuTC6pZTiGgTS5Y9VhcUy9cErwhceHZc4W,old-holder,1783652984,2026-07-10T03:09:44+00:00,41.81119,1783652984,2026-07-10T03:09:44+00:00,60208.117,1,1,2162157.957724,2162157.957724,0.0,0.493827159,0.49983222,38.91851840079,39.386778936,"axiom,gmgn,padre",,,2,-3.3425003276,0.0,0,0,0,0,0,0,0,0,0,0,0,0,0,0,0,0,0,0,0,0,0,0,0,0,False,0.0,False,,,,,,,,,,,,,,,,,,,,,,,,,,,,,,,,,,,,,,,,,
BUAHcxPuJzM3KcpznGDd7zQPdKLznwqAEgacRDrkw7y2,old-holder,1783653028,2026-07-10T03:10:28+00:00,41.81068,1783653028,2026-07-10T03:10:28+00:00,60207.383,1,1,1713451.50455,1713451.50455,0.0,0.493827159,0.432467567,38.89382704284,34.06547025259,,,,2,-7.10064465915,0.0,0,0,0,0,0,0,0,0,0,0,0,0,0,0,0,0,0,0,0,0,0,0,0,0,False,0.0,False,,,,,,,,,,,,,,,,,,,,,,,,,,,,,,,,,,,,,,,,,
NiggaLo8cqEGwk7ZKhA3TA87CDPScMAzH8CShbNWJFg,old-holder,1783653028,2026-07-10T03:10:28+00:00,41.81068,1783653028,2026-07-10T03:10:28+00:00,60207.383,1,1,1731157.327862,1731157.327862,0.0,0.493827159,0.397041686,38.89876531443,31.28291443994,"axiom,gmgn,padre",,,2,-10.22002087117,0.0,0,0,0,0,0,0,0,0,0,0,0,0,0,0,0,0,0,0,0,0,0,0,0,0,False,0.0,False,,,,,,,,,,,,,,,,,,,,,,,,,,,,,,,,,,,,,,,,,
FdSShBiR1nBtxQzhwNMszyRdcvMVLiAeVraJLvERERZL,old-holder,1783653186,2026-07-10T03:13:06+00:00,41.80885,1783653186,2026-07-10T03:13:06+00:00,60204.75,1,3,2159978.640676,2159978.6406759997,4.656612873077393e-10,0.493827159,0.611548168,38.93333321556,48.19789871466,,,,4,8.16461462367,0.0,0,0,0,0,0,0,0,0,0,0,0,0,0,0,0,0,0,0,0,0,0,0,0,0,False,0.0,False,,,,,,,,,,,,,,,,,,,,,,,,,,,,,,,,,,,,,,,,,
Bq8brJ732Pi7yKK7W9YQarDSu5B97YByN1G8abhGNKRr,old-holder,1783653285,2026-07-10T03:14:45+00:00,41.80771,1783653285,2026-07-10T03:14:45+00:00,60203.1,1,1,1728817.372453,1728817.372453,0.0,0.493827159,0.063949138,38.92345667238,5.07180613478,fresh_wallet,,,2,-34.44924774837,0.0,0,0,0,0,0,0,0,0,0,0,0,0,0,0,0,0,0,0,0,0,0,0,0,0,False,0.0,False,,,,,,,,,,,,,,,,,,,,,,,,,,,,,,,,,,,,,,,,,
6LjrZYjXZ8qBm8RLHjFTCCYJpHEEvm4Xj8WgSKLU7wB5,old-holder,1783654247,2026-07-10T03:30:47+00:00,41.79657,1783654247,2026-07-10T03:30:47+00:00,60187.067,1,1,4420974.722382,4420974.722382,0.0,0.493827159,0.542703728,38.89876531443,42.86816747472,padre,,,2,1.17633481807,0.0,0,0,0,0,0,0,0,0,0,0,0,0,0,0,0,0,0,0,0,0,0,0,0,0,False,0.0,False,,,,,,,,,,,,,,,,,,,,,,,,,,,,,,,,,,,,,,,,,
DPHhg1TE2kBxFSFv2A85cQSYEQcyzaY57sDAGyk5HTQk,launch-window,1783652275,2026-07-10T02:57:55+00:00,41.8194,1783652275,2026-07-10T02:57:55+00:00,60219.933,2,1,3503654.558104,3503654.558104,0.0,0.493827158,0.526860273,39.07160474096,41.6746475943,gmgn,,,3,1.00389543634,0.0,0,0,0,0,0,0,0,0,0,0,0,0,0,0,0,0,0,0,0,0,0,0,0,0,False,0.0,False,,,,,,,,,,,,,,,,,,,,,,,,,,,,,,,,,,,,,,,,,
5L54eTgqEn5nk7BrHbPWJRNind74TL5nq4bqHfwaffuZ,old-holder,1783652845,2026-07-10T03:07:25+00:00,41.8128,1783652882,2026-07-10T03:08:02+00:00,60209.817,2,1,2471584.701425,2471584.701425,0.0,0.493827158,0.681568651,38.91950597629,53.66671557974,gmgn,,,3,12.93999728312,0.0,0,0,0,0,0,0,0,0,0,0,0,0,0,0,0,0,0,0,0,0,0,0,0,0,False,0.0,False,,,,,,,,,,,,,,,,,,,,,,,,,,,,,,,,,,,,,,,,,
CfBoFQ3tRrKhhjoXiocdVFJ9WkCzQNwbEK8uBZ6vRnrR,launch-window,1783652840,2026-07-10T03:07:20+00:00,41.81286,1783652974,2026-07-10T03:09:34+00:00,60208.283,4,3,2287761.700736,2287761.700736,0.0,0.493827156,0.53858457,38.92049347298,42.44174421932,,,,7,2.46883671409,0.0,0,0,0,0,0,0,0,0,0,0,0,0,0,0,0,0,0,0,0,0,0,0,0,0,False,0.0,False,,,,,,,,,,,,,,,,,,,,,,,,,,,,,,,,,,,,,,,,,
5e17Fr3J99TGK4VHMopvmq1Zuzpec1qaS8b2BPW8ySBF,launch-window,1783652698,2026-07-10T03:04:58+00:00,41.8145,1783652698,2026-07-10T03:04:58+00:00,60212.883,1,1,3657732.251739,3657732.251739,0.0,0.491358023,0.959861508,38.74358011355,75.64668544548,,,,2,35.41615590669,0.0,0,0,0,0,0,0,0,0,0,0,0,0,0,0,0,0,0,0,0,0,0,0,0,0,False,0.0,False,,,,,,,,,,,,,,,,,,,,,,,,,,,,,,,,,,,,,,,,,
BGf7tPomLdERtVdVmEnnYetiQaGC65TR8pRYa7g9aScR,old-holder,1783653115,2026-07-10T03:11:55+00:00,41.80968,1783653115,2026-07-10T03:11:55+00:00,60205.933,1,1,2367898.531043,2367898.531043,0.0,0.491358023,0.590376129,38.74358011355,46.52754272649,,,,2,6.8463347778,0.0,0,0,0,0,0,0,0,0,0,0,0,0,0,0,0,0,0,0,0,0,0,0,0,0,False,0.0,False,,,,,,,,,,,,,,,,,,,,,,,,,,,,,,,,,,,,,,,,,
F1iXPxcNs4y5bq2bpMhP4ZFFdgHqij3jEPM1nxpdDN2T,old-holder,1783653716,2026-07-10T03:21:56+00:00,41.80272,1783653716,2026-07-10T03:21:56+00:00,60195.917,1,1,2000738.432226,2000738.432226,0.0,0.491358023,0.167538666,38.7190122124,13.20874842744,,,,2,-26.14591017452,0.0,0,0,0,0,0,0,0,0,0,0,0,0,0,0,0,0,0,0,0,0,0,0,0,0,False,0.0,False,,,,,,,,,,,,,,,,,,,,,,,,,,,,,,,,,,,,,,,,,
9yR4shfXidWJHyGJdtFxxTnaLf1amdNaPDTDUnLJD7c5,old-holder,1783653832,2026-07-10T03:23:52+00:00,41.80138,1783653832,2026-07-10T03:23:52+00:00,60193.983,1,1,2705953.275908,2705953.275908,0.0,0.491358023,0.20830549,38.72392579263,16.4436353806,,,,2,-23.16562204608,0.0,0,0,0,0,0,0,0,0,0,0,0,0,0,0,0,0,0,0,0,0,0,0,0,0,False,0.0,False,,,,,,,,,,,,,,,,,,,,,,,,,,,,,,,,,,,,,,,,,
CXqgaez8aeGrXPFsWxcVL9gCjNtiEYarUd6y2fNC1jL6,launch-window,1783652245,2026-07-10T02:57:25+00:00,41.81975,1783652245,2026-07-10T02:57:25+00:00,60220.433,1,1,5218593.357526,5218593.357526,0.0,0.488888888,0.731716923,38.6711110408,57.86417427084,axiom,bundler,,2,18.24355105666,0.0,0,0,0,0,0,0,0,0,0,0,0,0,0,0,0,0,0,0,0,0,0,0,0,0,True,0.0,False,,,,,,,,,,,,,,,,,,,,,,,,,,,,,,,,,,,,,,,,,
FzzC37wxAHoaJmDtcTH3tPGaXpf2GjHdHxoFzV5qyMy9,launch-window,1783652279,2026-07-10T02:57:59+00:00,41.81935,1783652279,2026-07-10T02:57:59+00:00,60219.867,1,1,3247170.921981,3247170.921981,0.0,0.488888888,0.496940765,38.67599992968,39.2980756962,axiom,bundler,,2,-0.17325360447,0.0,0,0,0,0,0,0,0,0,0,0,0,0,0,0,0,0,0,0,0,0,0,0,0,0,True,0.0,False,,,,,,,,,,,,,,,,,,,,,,,,,,,,,,,,,,,,,,,,,
EcthH7q2fQuUWWknf1achQdTbNiduwkeK1g1WDXHPD1R,launch-window,1783652703,2026-07-10T03:05:03+00:00,41.81444,1783652703,2026-07-10T03:05:03+00:00,60212.8,1,1,3460766.696837,3460766.696837,0.0,0.488888888,0.501165342,38.53911104104,39.5168872167,axiom,,,11,-8.40237628336,0.0,0,0,0,0,0,0,0,0,0,0,0,0,0,0,0,0,0,0,0,0,0,0,0,0,False,0.0,False,,,,,,,,,,,,,,,,,,,,,,,,,,,,,,,,,,,,,,,,,
9KD8dhAP66zfvrVL1v3i7QEG2FcaBrfwEvayiv3ziVtv,launch-window,1783652811,2026-07-10T03:06:51+00:00,41.81319,1783652811,2026-07-10T03:06:51+00:00,60211.0,1,1,2844110.216529,2844110.216529,0.0,0.488888888,0.596695026,38.52933326328,47.03746889958,axiom,,,2,7.6887298848,0.0,0,0,0,0,0,0,0,0,0,0,0,0,0,0,0,0,0,0,0,0,0,0,0,0,False,0.0,False,,,,,,,,,,,,,,,,,,,,,,,,,,,,,,,,,,,,,,,,,
7XAEdis8bEGnCB1eev2oFTEvr4wksbuxyzF3qzaRmeLx,old-holder,1783652931,2026-07-10T03:08:51+00:00,41.81181,1783652931,2026-07-10T03:08:51+00:00,60209.0,1,1,2078706.796165,2078706.796165,0.0,0.488888888,0.241021553,38.52933326328,19.04311290253,axiom,,,2,-20.03552596325,0.0,0,0,0,0,0,0,0,0,0,0,0,0,0,0,0,0,0,0,0,0,0,0,0,0,False,0.0,False,,,,,,,,,,,,,,,,,,,,,,,,,,,,,,,,,,,,,,,,,
7ftdZdF2oMabTX7gBo4nZVsnpXuvUdPwDJKjneQA2a5u,old-holder,1783653116,2026-07-10T03:11:56+00:00,41.80966,1783653116,2026-07-10T03:11:56+00:00,60205.917,1,1,2326285.150727,2326285.150727,0.0,0.488888888,0.66331302,38.5488888188,52.2889653666,axiom,,,2,12.83099451413,0.0,0,0,0,0,0,0,0,0,0,0,0,0,0,0,0,0,0,0,0,0,0,0,0,0,False,0.0,False,,,,,,,,,,,,,,,,,,,,,,,,,,,,,,,,,,,,,,,,,
MjhfKYYbEtgGBjxVtBbjNBnGi9f68oVKaxEErGgkxnK,old-holder,1783653736,2026-07-10T03:22:16+00:00,41.80249,1783653736,2026-07-10T03:22:16+00:00,60195.583,1,1,2232443.322264,2232443.322264,0.0,0.488888888,0.329393053,38.53911104104,25.9561725764,"axiom,fresh_wallet",,,2,-13.23426313199,0.0,0,0,0,0,0,0,0,0,0,0,0,0,0,0,0,0,0,0,0,0,0,0,0,0,False,0.0,False,,,,,,,,,,,,,,,,,,,,,,,,,,,,,,,,,,,,,,,,,
26TVBuLV75vsYDWxCW3Vm6r9neGfDV9EMuoh84pQBroo,old-holder,1783679415,2026-07-10T10:30:15+00:00,41.50528,1783679415,2026-07-10T10:30:15+00:00,59767.6,1,1,10771154.463149,10771154.463149,0.0,0.488888888,0.502939151,38.93022215144,40.02389763658,axiom,top_holder,,2,0.34217230839,0.0,0,0,0,0,0,0,0,0,0,0,0,0,0,0,0,0,0,0,0,0,0,0,0,0,False,0.0,False,,,,,,,,,,,,,,,,,,,,,,,,,,,,,,,,,,,,,,,,,
F2YePNtMnUT7dhHMhwqQmeiPefECT38NxJuPo92EnEQY,old-holder,1783704826,2026-07-10T17:33:46+00:00,41.21117,1783704826,2026-07-10T17:33:46+00:00,59344.083,1,1,15454487.201884,15454487.201884,0.0,0.488888888,0.488888887,37.9866665976,37.98177763103,"axiom,fresh_wallet",top_holder,,2,-0.81200875149,0.0,0,0,0,0,0,0,0,0,0,0,0,0,0,0,0,0,0,0,0,0,0,0,0,0,False,0.0,False,,,,,,,,,,,,,,,,,,,,,,,,,,,,,,,,,,,,,,,,,
ExexX7CeLFAEB5HK9RatJa9r3G5p7XEuqnL6Nf7cRbRE,old-holder,1783653273,2026-07-10T03:14:33+00:00,41.80785,1783653273,2026-07-10T03:14:33+00:00,60203.3,1,0,1855939.165989,0,1855939.165989,0.482518518,0,38.0465851443,0,gmgn,,,1,0.0,0.0,0,0,0,0,0,0,0,0,0,0,0,0,0,0,0,0,0,0,0,0,0,0,0,0,False,0.0,False,,,,,,,,,,,,,,,,,,,,,,,,,,,,,,,,,,,,,,,,,
jeu5JNmTaAVVyWXfYu4y9gQqwzcgQ7wUpyEvpCmF9be,old-holder,1783652982,2026-07-10T03:09:42+00:00,41.81122,1783652982,2026-07-10T03:09:42+00:00,60208.15,1,1,2132328.20384,2132328.20384,0.0,0.481490442,0.256929113,37.94626173402,20.297399927,fomo,,,2,-18.25779508706,0.0,0,0,0,0,0,0,0,0,0,0,0,0,0,0,0,0,0,0,0,0,0,0,0,0,False,0.0,False,,,,,,,,,,,,,,,,,,,,,,,,,,,,,,,,,,,,,,,,,
A8Q7yGiaStqiwXZ7d8aQzbTyiF2QQKHhgbSQneDdmngp,old-holder,1783653012,2026-07-10T03:10:12+00:00,41.81087,1783653012,2026-07-10T03:10:12+00:00,60207.65,1,1,1839405.162198,1839405.162198,0.0,0.476887542,0.391104175,37.57396943418,30.83856419875,,,,2,-7.90663022703,0.0,0,0,0,0,0,0,0,0,0,0,0,0,0,0,0,0,0,0,0,0,0,0,0,0,False,0.0,False,,,,,,,,,,,,,,,,,,,,,,,,,,,,,,,,,,,,,,,,,
CpXhb7wby4Mv7rzaWcKebVtnmFVmVBSxHvjahvXQTr1y,launch-window,1783652251,2026-07-10T02:57:31+00:00,41.81968,1783652251,2026-07-10T02:57:31+00:00,60220.333,1,8,4272510.124907,4272510.124907,0.0,0.476439665,0.871263865,37.6863775015,68.66876834483,,,,9,29.43824068754,0.0,0,0,0,0,0,0,0,0,0,0,0,0,0,0,0,0,0,0,0,0,0,0,0,0,False,0.0,False,,,,,,,,,,,,,,,,,,,,,,,,,,,,,,,,,,,,,,,,,
ExLao2MoBk6AMjECFaB7bKwWPZW4WUz7M34MwW72G8Jb,launch-window,1783652240,2026-07-10T02:57:20+00:00,41.8198,1783652240,2026-07-10T02:57:20+00:00,60220.517,1,1,5646811.738201,5646811.738201,0.0,0.473869516,0.640883865,37.4830787156,50.70032256015,fresh_wallet,bundler,,2,12.36288991278,0.0,0,0,0,0,0,0,0,0,0,0,0,0,0,0,0,0,0,0,0,0,0,0,0,0,True,0.0,False,,,,,,,,,,,,,,,,,,,,,,,,,,,,,,,,,,,,,,,,,
5bb5kQKhp4zT3MYuFp7QSpkvJkghfLp6yjQbvTDLK2vy,launch-window,1783652240,2026-07-10T02:57:20+00:00,41.8198,1783652240,2026-07-10T02:57:20+00:00,60220.517,1,1,5732657.432754,5732657.432754,0.0,0.472355103,0.664755836,37.3632886473,52.58883418596,,bundler,,2,14.35438873635,0.0,0,0,0,0,0,0,0,0,0,0,0,0,0,0,0,0,0,0,0,0,0,0,0,0,True,0.0,False,,,,,,,,,,,,,,,,,,,,,,,,,,,,,,,,,,,,,,,,,
A6xVNUbguu7wVTMrusDKbBHiAYy7ZhongKGQhVhZ5Trv,launch-window,1783652405,2026-07-10T03:00:05+00:00,41.81789,1783655334,2026-07-10T03:48:54+00:00,60168.95,11,4,3351373.488805,3351373.488805,0.0,0.454320973,0.550345691,35.87338155959,43.38687105285,"gmgn,paper_hands,trojan",,,15,5.96056757,0.0,0,0,0,0,0,0,0,0,0,0,0,0,0,0,0,0,0,0,0,0,0,0,0,0,False,0.0,False,,,,,,,,,,,,,,,,,,,,,,,,,,,,,,,,,,,,,,,,,
Gsm1ExN2kswyUsy6TomaoNdR3iiGMjQnHhaVhDcU3fQR,launch-window,1783652249,2026-07-10T02:57:29+00:00,41.8197,1783654291,2026-07-10T03:31:31+00:00,60186.333,2,3,3570767.7313759997,3570767.7313759997,0.0,0.449091556,0.441469535,35.44691869588,34.79445148084,,bundler,,5,-1.36210131955,0.0,0,0,0,0,0,0,0,0,0,0,0,0,0,0,0,0,0,0,0,0,0,0,0,0,True,0.0,False,,,,,,,,,,,,,,,,,,,,,,,,,,,,,,,,,,,,,,,,,
GjMTEYXSYhGdErrskgvNidJbAkb3bCJX3rC3pcsbwX91,launch-window,1783652735,2026-07-10T03:05:35+00:00,41.81407,1783653496,2026-07-10T03:18:16+00:00,60199.583,4,1,1868927.6308590001,1868927.630859,2.3283064365386963e-10,0.44444444,0.075415632,35.02054285961,5.95632661536,fresh_wallet,,,5,-29.7136607463,0.0,0,0,0,0,0,0,0,0,0,0,0,0,0,0,0,0,0,0,0,0,0,0,0,0,False,0.0,False,,,,,,,,,,,,,,,,,,,,,,,,,,,,,,,,,,,,,,,,,
5Zjvs8QWAtCR32NEwnCy6n59xBLgXGetm8xpfc1GCbGt,old-holder,1783653035,2026-07-10T03:10:35+00:00,41.8106,1783653118,2026-07-10T03:11:58+00:00,60205.883,2,2,1795452.356462,1795452.356462,0.0,0.444082845,0.436734256,34.99132642245,34.412594549510004,,,,4,-1.65487331192,0.0,0,0,0,0,0,0,0,0,0,0,0,0,0,0,0,0,0,0,0,0,0,0,0,0,False,0.0,False,,,,,,,,,,,,,,,,,,,,,,,,,,,,,,,,,,,,,,,,,
8aACAJgBGHy69P8GGA4Se4nxXJFEgrobX6pR6pXBPgAW,launch-window,1783652840,2026-07-10T03:07:20+00:00,41.81286,1783652840,2026-07-10T03:07:20+00:00,60210.517,1,1,2285083.488929,2285083.488929,0.0,0.444,0.650866541,34.99608,51.27526609998,,,,2,15.3420379385,0.0,0,0,0,0,0,0,0,0,0,0,0,0,0,0,0,0,0,0,0,0,0,0,0,0,False,0.0,False,,,,,,,,,,,,,,,,,,,,,,,,,,,,,,,,,,,,,,,,,
33Wru1DUsBQoHjfNdYSJKDa1pWByqQXG7nWifLsN19wj,launch-window,1783652704,2026-07-10T03:05:04+00:00,41.81443,1783657176,2026-07-10T04:19:36+00:00,60138.25,16,1,5021924.458922,5005682.461186,16241.997735999525,0.428944943,0.260111431,33.85032204324,20.53579747745,gmgn,,,17,-13.996948744455374,0.0,0,0,0,0,0,0,0,0,0,0,0,0,0,0,0,0,0,0,0,0,0,0,0,0,False,0.0,False,,,,,,,,,,,,,,,,,,,,,,,,,,,,,,,,,,,,,,,,,
5SwBKASggA52FRNRZS6esVNRDNCgG18dAFcXbuAPhH7u,launch-window,1783652240,2026-07-10T02:57:20+00:00,41.8198,1783653857,2026-07-10T03:24:17+00:00,60193.567,4,1,10866629.909222,78.310908,10866551.598313998,0.420503894,6.222e-06,33.238884383350005,0.00049054248,,"bundler,creator,top_holder",,7,-1.1745997305243534,0.0,0,0,0,0,0,0,0,0,0,0,0,0,0,0,0,0,0,0,0,0,0,0,0,0,True,0.0,False,,,,,,,,,,,,,,,,,,,,,,,,,,,,,,,,,,,,,,,,,
AhKMhfkRR3wNXZUC9rCHKAcibZUcdErdnkmJ6ewoVmBL,launch-window,1783652240,2026-07-10T02:57:20+00:00,41.8198,1783652240,2026-07-10T02:57:20+00:00,60220.517,1,1,5270244.442363,5270244.442363,0.0,0.409045901,0.500092656,32.35144031009,39.5573290896,,bundler,,2,6.43867238508,0.0,0,0,0,0,0,0,0,0,0,0,0,0,0,0,0,0,0,0,0,0,0,0,0,0,True,0.0,False,,,,,,,,,,,,,,,,,,,,,,,,,,,,,,,,,,,,,,,,,
5a9iRAPhjkrtu5JZtfzpSL2VzViy5j4Uh8UNDgKMeF51,launch-window,1783652509,2026-07-10T03:01:49+00:00,41.81669,1783653319,2026-07-10T03:15:19+00:00,60202.533,4,1,2718438.062739,2718438.062739,0.0,0.405781179,0.110005884,32.06025865257,8.70916583628,fresh_wallet,,,5,-23.99057109851,0.0,0,0,0,0,0,0,0,0,0,0,0,0,0,0,0,0,0,0,0,0,0,0,0,0,False,0.0,False,,,,,,,,,,,,,,,,,,,,,,,,,,,,,,,,,,,,,,,,,
7a4XEWA6utPnJSrBBMPkSVVaNTcWhkheocX2koBz85Fc,launch-window,1783652269,2026-07-10T02:57:49+00:00,41.81947,1783652269,2026-07-10T02:57:49+00:00,60220.033,1,1,3173472.454764,3173472.454764,0.0,0.40204447,0.452323542,31.8057380217,35.70189717006,,bundler,,2,3.24662440401,0.0,0,0,0,0,0,0,0,0,0,0,0,0,0,0,0,0,0,0,0,0,0,0,0,0,True,0.0,False,,,,,,,,,,,,,,,,,,,,,,,,,,,,,,,,,,,,,,,,,
FVK6Jyc2xjAw3GEqu5GhRnwWVKAxGkERShDKpUsy7CPn,launch-window,1783652635,2026-07-10T03:03:55+00:00,41.81523,1783652635,2026-07-10T03:03:55+00:00,60213.933,1,3,3271026.900899,3271026.900899,0.0,0.400000001,0.40197618700000004,31.58000007895,31.690939777769998,"gmgn,trojan",,,4,-0.50748470448,0.0,0,0,0,0,0,0,0,0,0,0,0,0,0,0,0,0,0,0,0,0,0,0,0,0,False,0.0,False,,,,,,,,,,,,,,,,,,,,,,,,,,,,,,,,,,,,,,,,,
2sHVtgjK5anHxSjgkT4bvgdskx4WwXZjhRJMhHFQ4qXn,launch-window,1783652456,2026-07-10T03:00:56+00:00,41.8173,1783652456,2026-07-10T03:00:56+00:00,60216.917,1,1,2711243.698112,2711243.698112,0.0,0.395746295,0.759027147,31.2718722309,59.82651972654,fresh_wallet,,,2,27.09944831926,0.0,0,0,0,0,0,0,0,0,0,0,0,0,0,0,0,0,0,0,0,0,0,0,0,0,False,0.0,False,,,,,,,,,,,,,,,,,,,,,,,,,,,,,,,,,,,,,,,,,
Hx5mmTyz1fMycAKKBkSUpwJPKUbMP8d2YUKTufLLHKMR,old-holder,1783653908,2026-07-10T03:25:08+00:00,41.8005,1783653908,2026-07-10T03:25:08+00:00,60192.717,1,1,5413677.974137,5413677.974137,0.0,0.395061727,0.782106873,31.15061717395,61.73169548589,gmgn,,,2,24.74366387546,0.0,0,0,0,0,0,0,0,0,0,0,0,0,0,0,0,0,0,0,0,0,0,0,0,0,False,0.0,False,,,,,,,,,,,,,,,,,,,,,,,,,,,,,,,,,,,,,,,,,
4DLVmdx9cfvCrR1vcmYTcSkrkTEoBxa3bfrB2yJtnbTV,launch-window,1783652263,2026-07-10T02:57:43+00:00,41.81954,1783652263,2026-07-10T02:57:43+00:00,60220.133,1,1,3002834.201916,3002834.201916,0.0,0.392196559,0.421935281,31.02666978249,33.29913237652,,,,2,1.65315606343,0.0,0,0,0,0,0,0,0,0,0,0,0,0,0,0,0,0,0,0,0,0,0,0,0,0,False,0.0,False,,,,,,,,,,,,,,,,,,,,,,,,,,,,,,,,,,,,,,,,,
ESePcu6zgQ7TFCdjDn6trK1bTNhMhfNxJnYAh7vBqCCP,launch-window,1783652647,2026-07-10T03:04:07+00:00,41.81509,1783653177,2026-07-10T03:12:57+00:00,60204.9,2,1,2557788.0116459997,2557788.011646,-4.656612873077393e-10,0.391111109,0.473212377,30.854755388999997,37.29859955514,photon,,,3,4.57557640618,0.0,0,0,0,0,0,0,0,0,0,0,0,0,0,0,0,0,0,0,0,0,0,0,0,0,False,0.0,False,,,,,,,,,,,,,,,,,,,,,,,,,,,,,,,,,,,,,,,,,
KimcaJcwAFiy241Qu4L1XXiNzUGEnj7XLV9R92YmoeU,old-holder,1783654032,2026-07-10T03:27:12+00:00,41.79906,1783654262,2026-07-10T03:31:02+00:00,60186.817,3,2,3653094.214579,3653094.214579,0.0,0.390379629,0.423235872,30.78293659721,33.3773206281,"fomo,fresh_wallet",,,5,1.65952176842,0.0,0,0,0,0,0,0,0,0,0,0,0,0,0,0,0,0,0,0,0,0,0,0,0,0,False,0.0,False,,,,,,,,,,,,,,,,,,,,,,,,,,,,,,,,,,,,,,,,,
HV4ZT4QpEW54rywbnigQUadJ4aK1JgieQjXSZ6o7Jy1y,old-holder,1783656130,2026-07-10T04:02:10+00:00,41.77478,1783656130,2026-07-10T04:02:10+00:00,60155.683,1,1,4992119.82624,4992119.82624,0.0,0.384936864,0.400473401,30.41386162464,31.637398679,fresh_wallet,bundler,,2,0.60955841435,0.0,0,0,0,0,0,0,0,0,0,0,0,0,0,0,0,0,0,0,0,0,0,0,0,0,False,0.0,False,,,,,,,,,,,,,,,,,,,,,,,,,,,,,,,,,,,,,,,,,
F9kspWsAfiLAyxeQ9asm6rs23VWw5CPPCutso1fLT5Jp,old-holder,1783653187,2026-07-10T03:13:07+00:00,41.80884,1783654285,2026-07-10T03:31:25+00:00,60186.433,4,2,2160323.618857,2160323.618857,0.0,0.345679008,0.381269929,27.239505830309998,30.0689048445,"padre,paper_hands",,,6,1.44279851718,0.0,0,0,0,0,0,0,0,0,0,0,0,0,0,0,0,0,0,0,0,0,0,0,0,0,False,0.0,False,,,,,,,,,,,,,,,,,,,,,,,,,,,,,,,,,,,,,,,,,
B7hvfc5FyTvjKQJooyCZVADTPBFUUsbYdeVbcTr7W1KE,old-holder,1783656975,2026-07-10T04:16:15+00:00,41.765,1783656975,2026-07-10T04:16:15+00:00,60141.6,1,2,6451568.277232,6451568.277232001,-9.313225746154785e-10,0.343258451,0.24443236000000002,27.13801313606,19.310085041900003,,,,3,-8.28222821702,0.0,0,0,0,0,0,0,0,0,0,0,0,0,0,0,0,0,0,0,0,0,0,0,0,0,False,0.0,False,,,,,,,,,,,,,,,,,,,,,,,,,,,,,,,,,,,,,,,,,
c75auhMVhMhbvtzkvyqRiYfNmprPHE6JCJBB8vFprgd,old-holder,1783653272,2026-07-10T03:14:32+00:00,41.80786,1783653448,2026-07-10T03:17:28+00:00,60200.383,4,1,1266295.363971,1266295.363971,0.0,0.342222219,0.360026294,26.97248863491,28.35927117838,photon,,,5,0.09391676162,0.0,0,0,0,0,0,0,0,0,0,0,0,0,0,0,0,0,0,0,0,0,0,0,0,0,False,0.0,False,,,,,,,,,,,,,,,,,,,,,,,,,,,,,,,,,,,,,,,,,
97jv9pjCf5D7VUZEyj6XnXBC5JF23Vsagc3bvSF6GRmL,old-holder,1783679422,2026-07-10T10:30:22+00:00,41.5052,1783679422,2026-07-10T10:30:22+00:00,59767.483,1,1,6423138.608634,6423138.608634,0.0,0.34,0.23796987,27.0674,18.9400219533,,bundler,,2,-8.58377163316,0.0,0,0,0,0,0,0,0,0,0,0,0,0,0,0,0,0,0,0,0,0,0,0,0,0,False,0.0,False,,,,,,,,,,,,,,,,,,,,,,,,,,,,,,,,,,,,,,,,,
3s73Aj8vKREC3g6YAJuMEUQzroJwn2NVLWnPPLWa5h84,launch-window,1783652417,2026-07-10T03:00:17+00:00,41.81775,1783652528,2026-07-10T03:02:08+00:00,60215.717,2,2,2080204.857374,2080204.857374,0.0,0.328409608,0.33942628399999997,25.95067711562,26.78452315648,,,,4,-0.458643527,0.0,0,0,0,0,0,0,0,0,0,0,0,0,0,0,0,0,0,0,0,0,0,0,0,0,False,0.0,False,,,,,,,,,,,,,,,,,,,,,,,,,,,,,,,,,,,,,,,,,
HZdq2A8oE4HxPxSemNB6RzLLWvS3uUGy49961xtx9p5P,launch-window,1783652389,2026-07-10T02:59:49+00:00,41.81808,1783659865,2026-07-10T05:04:25+00:00,60093.433,4,4,3465401.252647,3465401.252647,0.0,0.325925922,0.370753612,25.72691327038,29.239123449530002,paper_hands,,,10,-15.08745462492,0.0,0,0,0,0,0,0,0,0,0,0,0,0,0,0,0,0,0,0,0,0,0,0,0,0,False,0.0,False,,,,,,,,,,,,,,,,,,,,,,,,,,,,,,,,,,,,,,,,,
CFDUtH9yxLUzoWRRb4ZzfsczBnWV6McaVU2G5FL9XtY,old-holder,1783652930,2026-07-10T03:08:50+00:00,41.81182,1783652930,2026-07-10T03:08:50+00:00,60209.017,1,1,1393728.83232,1389954.216089,3774.616231000051,0.324733103,0.04336075,25.59546317846,3.3869081825,trojan,,,2,-22.690564691093996,0.0,0,0,0,0,0,0,0,0,0,0,0,0,0,0,0,0,0,0,0,0,0,0,0,0,False,0.0,False,,,,,,,,,,,,,,,,,,,,,,,,,,,,,,,,,,,,,,,,,
G4MQZpoLvfRZDTdSbtbMDXf4J8GQ9VGMyzKysLhyfotL,old-holder,1783653260,2026-07-10T03:14:20+00:00,41.808,1783653260,2026-07-10T03:14:20+00:00,60203.517,1,1,1394584.298806,1394584.298806,0.0,0.322666666,0.371094336,25.43903994744,29.25707745024,"axiom,bullx,padre",,,2,3.27083027076,0.0,0,0,0,0,0,0,0,0,0,0,0,0,0,0,0,0,0,0,0,0,0,0,0,0,False,0.0,False,,,,,,,,,,,,,,,,,,,,,,,,,,,,,,,,,,,,,,,,,
EFuK1qUoiKYZPAG9dEL8G8MugchEtp8oueVLds5zUHNg,launch-window,1783652364,2026-07-10T02:59:24+00:00,41.81837,1783652364,2026-07-10T02:59:24+00:00,60218.45,1,1,2101211.142789,2101211.142789,0.0,0.322238317,0.360567072,25.46971657568,28.41629094432,,,,2,2.17503676291,0.0,0,0,0,0,0,0,0,0,0,0,0,0,0,0,0,0,0,0,0,0,0,0,0,0,False,0.0,False,,,,,,,,,,,,,,,,,,,,,,,,,,,,,,,,,,,,,,,,,
Bg3HeWVyQ7HhYziF8yrDBkTP7YK6kvgoqHGENGSY2HCP,old-holder,1783653507,2026-07-10T03:18:27+00:00,41.80514,1783653507,2026-07-10T03:18:27+00:00,60199.4,1,0,1114290.544425,0,1114290.544425,0.310103333,0,24.42373850708,0,fresh_wallet,,,2,148.51446955554093,0.0,0,0,0,0,0,0,0,0,0,0,0,0,0,0,0,0,0,0,0,0,0,0,0,0,False,0.0,False,,,,,,,,,,,,,,,,,,,,,,,,,,,,,,,,,,,,,,,,,
Du82T7Br9jcnuTmJkkXuXCQCynWT7tS3vVWyMtURTQEL,launch-window,1783652250,2026-07-10T02:57:30+00:00,41.81969,1783652250,2026-07-10T02:57:30+00:00,60220.35,1,2,2654736.418511,2654736.418511,0.0,0.303085836,0.39936622099999997,23.9740896276,31.520254364150002,,,,3,7.00404820342,0.0,0,0,0,0,0,0,0,0,0,0,0,0,0,0,0,0,0,0,0,0,0,0,0,0,False,0.0,False,,,,,,,,,,,,,,,,,,,,,,,,,,,,,,,,,,,,,,,,,
21GJ7Kzg3k3W3oWSdLLxMpVPd6yTGxdN1bT2ko9HhFP7,launch-window,1783652636,2026-07-10T03:03:56+00:00,41.81522,1783653940,2026-07-10T03:25:40+00:00,60192.183,2,1,2942264.246837,2942264.246837,0.0,0.297274082,0.299125716,23.46389247766,23.58307144944,,,,3,-0.3501267503,0.0,0,0,0,0,0,0,0,0,0,0,0,0,0,0,0,0,0,0,0,0,0,0,0,0,False,0.0,False,,,,,,,,,,,,,,,,,,,,,,,,,,,,,,,,,,,,,,,,,
7iVCXQn4u6tiTEfNVqbWSEsRdEi69E9oYsSMiepuECwi,old-holder,1783653087,2026-07-10T03:11:27+00:00,41.81,1783653087,2026-07-10T03:11:27+00:00,60206.4,1,0,1277502.954506,0,1277502.954506,0.297062216,0,23.41741448728,0,bluechip_owner,,,154,656.295001933936,0.0,0,0,0,0,0,0,0,0,0,0,0,0,0,0,0,0,0,0,0,0,0,0,0,0,False,0.0,False,,,,,,,,,,,,,,,,,,,,,,,,,,,,,,,,,,,,,,,,,
HjNF268L43NVn2Lx4zRBvmSpJpkXx7kb27ejSBGmSmJU,launch-window,1783652450,2026-07-10T03:00:50+00:00,41.81737,1783652450,2026-07-10T03:00:50+00:00,60217.017,1,1,2008639.257382,2008639.257382,0.0,0.296296296,0.245682818,23.41629627288,19.39174482474,padre,bundler,,2,-5.39449228078,0.0,0,0,0,0,0,0,0,0,0,0,0,0,0,0,0,0,0,0,0,0,0,0,0,0,True,0.0,False,,,,,,,,,,,,,,,,,,,,,,,,,,,,,,,,,,,,,,,,,
AmXiDef35rZPg7T9xfwYxxUrnTMdgd1unkA6TBCP2rX7,old-holder,1783653158,2026-07-10T03:12:38+00:00,41.80918,1783653158,2026-07-10T03:12:38+00:00,60205.217,1,1,1291919.626335,1291919.626335,0.0,0.296296296,0.240561074,23.35703701368,18.96102385268,gmgn,,,2,-5.02036231962,0.0,0,0,0,0,0,0,0,0,0,0,0,0,0,0,0,0,0,0,0,0,0,0,0,0,False,0.0,False,,,,,,,,,,,,,,,,,,,,,,,,,,,,,,,,,,,,,,,,,
2r5pu6C92UHoFgt1RZawHXXsjKMEtca1breoQVXKZR58,launch-window,1783652500,2026-07-10T03:01:40+00:00,41.81679,1783655055,2026-07-10T03:44:15+00:00,60173.6,2,2,2324548.0813990002,2324548.0813990002,0.0,0.296296294,0.340639568,23.407407226,26.870198956230002,"gmgn,paper_hands",,,4,2.37828986117,0.0,0,0,0,0,0,0,0,0,0,0,0,0,0,0,0,0,0,0,0,0,0,0,0,0,False,0.0,False,,,,,,,,,,,,,,,,,,,,,,,,,,,,,,,,,,,,,,,,,
A2GMh9qRkNR8vgwHK5R2ipgJotwpaFNAqfbBet19Wesy,old-holder,1783653314,2026-07-10T03:15:14+00:00,41.80737,1783653319,2026-07-10T03:15:19+00:00,60202.533,3,1,1026578.4081669999,1026578.408167,-1.1641532182693481e-10,0.296296293,0.267154638,23.35703677719,21.05445702078,,,,4,-2.87671191186,0.0,0,0,0,0,0,0,0,0,0,0,0,0,0,0,0,0,0,0,0,0,0,0,0,0,False,0.0,False,,,,,,,,,,,,,,,,,,,,,,,,,,,,,,,,,,,,,,,,,
2ekzTmkwo445MqpJvgr28tj6pu6xeH7MdssF4TRTvSkr,launch-window,1783652417,2026-07-10T03:00:17+00:00,41.81775,1783653888,2026-07-10T03:24:48+00:00,60193.05,2,2,2465510.009829,2465510.009829,0.0,0.295414061,0.32022280599999997,23.326444569419998,25.289157871630003,"axiom,bullx,gmgn,paper_hands",,,4,0.98581101085,0.0,0,0,0,0,0,0,0,0,0,0,0,0,0,0,0,0,0,0,0,0,0,0,0,0,False,0.0,False,,,,,,,,,,,,,,,,,,,,,,,,,,,,,,,,,,,,,,,,,
CdMpU9r78DKFMyRawZbPGGTvQFTCALCehACsceuHyfUv,launch-window,1783652695,2026-07-10T03:04:55+00:00,41.81454,1783656475,2026-07-10T04:07:55+00:00,60149.933,7,2,3085126.767106,3085126.7671060003,-4.656612873077393e-10,0.293867909,0.214268528,23.19651584218,16.9383114518,,,,9,-7.12104159533,0.0,0,0,0,0,0,0,0,0,0,0,0,0,0,0,0,0,0,0,0,0,0,0,0,0,False,0.0,False,,,,,,,,,,,,,,,,,,,,,,,,,,,,,,,,,,,,,,,,,
FwXAB1Ezsnc7oFKYAe64JG2HDsms1ZHcFJvMxwcDW35Q,launch-window,1783652276,2026-07-10T02:57:56+00:00,41.81939,1783652276,2026-07-10T02:57:56+00:00,60219.917,1,1,2059487.850396,2059487.850396,0.0,0.293333333,0.292467094,23.2026666403,23.08150305848,axiom,bundler,,2,-0.59642136848,0.0,0,0,0,0,0,0,0,0,0,0,0,0,0,0,0,0,0,0,0,0,0,0,0,0,True,0.0,False,,,,,,,,,,,,,,,,,,,,,,,,,,,,,,,,,,,,,,,,,
2fAXoG7mBS36GUEi45uh4TJ4e3JUwPsFGCVFS8q5oE2w,old-holder,1783653886,2026-07-10T03:24:46+00:00,41.80075,1783653886,2026-07-10T03:24:46+00:00,60193.083,1,1,4013910.591872,4013910.591872,0.0,0.293333333,0.271602906,23.12639997372,21.4158891381,axiom,,,10,-7.7634403993,0.0,0,0,0,0,0,0,0,0,0,0,0,0,0,0,0,0,0,0,0,0,0,0,0,0,False,0.0,False,,,,,,,,,,,,,,,,,,,,,,,,,,,,,,,,,,,,,,,,,
9FteuuzsdMHz1AfLfdFgat4r1bmn5m1DDHzqHLZpYT5c,launch-window,1783652322,2026-07-10T02:58:42+00:00,41.81885,1783652425,2026-07-10T03:00:25+00:00,60217.433,2,2,1808233.53428,1808233.53428,0.0,0.293333332,0.34450573900000003,23.18702211681,27.17933617617,photon,bundler,,4,2.56489844322,0.0,0,0,0,0,0,0,0,0,0,0,0,0,0,0,0,0,0,0,0,0,0,0,0,0,True,0.0,False,,,,,,,,,,,,,,,,,,,,,,,,,,,,,,,,,,,,,,,,,
GwfSixWar6TCwHmyj7HZjmVWfZs9n18wmZTn3B5rw74W,old-holder,1783653065,2026-07-10T03:11:05+00:00,41.81025,1783653085,2026-07-10T03:11:25+00:00,60206.433,2,1,1227238.785896,1227238.785896,0.0,0.293333332,0.29761265,23.10586656164,23.457829073,axiom,,,3,-0.09393816822,0.0,0,0,0,0,0,0,0,0,0,0,0,0,0,0,0,0,0,0,0,0,0,0,0,0,False,0.0,False,,,,,,,,,,,,,,,,,,,,,,,,,,,,,,,,,,,,,,,,,
5yDtAC6D1A8Bx48Ne3WGJoJ27t6D9AEDqgZKtrJhye2n,old-holder,1783653248,2026-07-10T03:14:08+00:00,41.80814,1783653393,2026-07-10T03:16:33+00:00,60201.3,2,2,1209586.610718,1209586.610718,0.0,0.293333332,0.305376137,23.123466561569998,24.06488042255,axiom,,,4,0.46002323231,0.0,0,0,0,0,0,0,0,0,0,0,0,0,0,0,0,0,0,0,0,0,0,0,0,0,False,0.0,False,,,,,,,,,,,,,,,,,,,,,,,,,,,,,,,,,,,,,,,,,
HHFLtcAVGE8JZ6VJNT9rEunZ4xFF2scEDXz3pPg3xySs,old-holder,1783653851,2026-07-10T03:24:11+00:00,41.80116,1783653965,2026-07-10T03:26:05+00:00,60191.767,2,1,2480431.7012219997,2480431.701222,-4.656612873077393e-10,0.293333332,0.170760972,23.12737767263,13.50377766576,photon,,,3,-10.4812049194,0.0,0,0,0,0,0,0,0,0,0,0,0,0,0,0,0,0,0,0,0,0,0,0,0,0,False,0.0,False,,,,,,,,,,,,,,,,,,,,,,,,,,,,,,,,,,,,,,,,,
79U8GwLhPXcnuUpBVeZ1rSEfVoota888W3qJik48BxoD,launch-window,1783652382,2026-07-10T02:59:42+00:00,41.81816,1783653886,2026-07-10T03:24:46+00:00,60193.083,3,4,2638888.8372339997,2638888.8372339997,0.0,0.293333331,0.32429362500000003,23.15475537137,25.57029535277,axiom,bundler,,7,1.94839265829,0.0,0,0,0,0,0,0,0,0,0,0,0,0,0,0,0,0,0,0,0,0,0,0,0,0,True,0.0,False,,,,,,,,,,,,,,,,,,,,,,,,,,,,,,,,,,,,,,,,,
HMvx4TBtxu9hPKA1daYFf34twj6F4rLZ63rydTLRhUbN,launch-window,1783652423,2026-07-10T03:00:23+00:00,41.81769,1783655739,2026-07-10T03:55:39+00:00,60162.2,10,6,2826065.0520140002,2826065.052014,4.656612873077393e-10,0.290018627,0.23684459,22.89295759011,18.64866856889,,,,16,-5.50179557176,0.0,0,0,0,0,0,0,0,0,0,0,0,0,0,0,0,0,0,0,0,0,0,0,0,0,False,0.0,False,,,,,,,,,,,,,,,,,,,,,,,,,,,,,,,,,,,,,,,,,
DAJ9zQqBPqohMfwwbmhGHABVEShs3Ln89WruAaVwBAMU,old-holder,1783656024,2026-07-10T04:00:24+00:00,41.77601,1783656024,2026-07-10T04:00:24+00:00,60157.45,1,1,3549565.174046,3549565.174046,0.0,0.286419752,0.240354279,22.64720979064,18.99519866937,,,,2,-4.14652018573,0.0,0,0,0,0,0,0,0,0,0,0,0,0,0,0,0,0,0,0,0,0,0,0,0,0,False,0.0,False,,,,,,,,,,,,,,,,,,,,,,,,,,,,,,,,,,,,,,,,,
5BNmBc1x4GpthMQw8fKuenNrQ6mB1rATdNCECyN7URrf,launch-window,1783652419,2026-07-10T03:00:19+00:00,41.81773,1783652854,2026-07-10T03:07:34+00:00,60210.283,3,3,1728974.1959250001,1728974.1959250001,0.0,0.285997588,0.3087809,22.56719390958,24.35630130544,,bundler,,6,1.30547345263,0.0,0,0,0,0,0,0,0,0,0,0,0,0,0,0,0,0,0,0,0,0,0,0,0,0,True,0.0,False,,,,,,,,,,,,,,,,,,,,,,,,,,,,,,,,,,,,,,,,,
4kjAjAdA5w9YHyVWjr4v3GPPiFwfMr7eFW9sze5qomVj,launch-window,1783652255,2026-07-10T02:57:35+00:00,41.81963,1783652255,2026-07-10T02:57:35+00:00,60220.267,1,1,2403857.395161,2403857.395161,0.0,0.285335768,0.364893433,22.57291260648,28.83752800999,"axiom,fresh_wallet",bundler,,2,5.73668077097,0.0,0,0,0,0,0,0,0,0,0,0,0,0,0,0,0,0,0,0,0,0,0,0,0,0,True,0.0,False,,,,,,,,,,,,,,,,,,,,,,,,,,,,,,,,,,,,,,,,,
5JtTxicM9xH267ZdRdR57KgvHHaYuaJRM21DC57NC18M,old-holder,1783653191,2026-07-10T03:13:11+00:00,41.8088,1783653191,2026-07-10T03:13:11+00:00,60204.667,1,1,1206565.738373,1206565.738373,0.0,0.281731526,0.061784198,22.20889619458,4.88156948398,,,,2,-17.75829404598,0.0,0,0,0,0,0,0,0,0,0,0,0,0,0,0,0,0,0,0,0,0,0,0,0,0,False,0.0,False,,,,,,,,,,,,,,,,,,,,,,,,,,,,,,,,,,,,,,,,,
N9nd1bZ25jzVAwc7ypJuf111KLEwovnnetovkh3wocH,old-holder,1783653900,2026-07-10T03:25:00+00:00,41.80059,1783653900,2026-07-10T03:25:00+00:00,60192.85,1,1,3830333.955608,3830333.955608,0.0,0.274351532,0.254316501,21.62713126756,20.05539926886,fresh_wallet,,,2,-2.25521750497,0.0,0,0,0,0,0,0,0,0,0,0,0,0,0,0,0,0,0,0,0,0,0,0,0,0,False,0.0,False,,,,,,,,,,,,,,,,,,,,,,,,,,,,,,,,,,,,,,,,,
2LSnPtfH8G1i72Wujq1tuebQwXX2yDwqdQVQ9tmZGh6r,launch-window,1783652405,2026-07-10T03:00:05+00:00,41.81789,1783652512,2026-07-10T03:01:52+00:00,60215.983,2,2,1736373.5804650001,1736373.5804650001,0.0,0.259945092,0.281843355,20.54331366736,22.263680647850002,,,,4,0.5515989529,0.0,0,0,0,0,0,0,0,0,0,0,0,0,0,0,0,0,0,0,0,0,0,0,0,0,False,0.0,False,,,,,,,,,,,,,,,,,,,,,,,,,,,,,,,,,,,,,,,,,
D9D1HV13vUR7spVqT89yYrrWThxJqQVmU6tJYcgaH1sF,old-holder,1783673684,2026-07-10T08:54:44+00:00,41.57161,1783673684,2026-07-10T08:54:44+00:00,59863.117,1,1,6245709.471864,6245709.471864,0.0,0.251748383,0.227415603,19.9636467719,18.10000784277,gmgn,top_holder,,2,-2.24354786604,0.0,0,0,0,0,0,0,0,0,0,0,0,0,0,0,0,0,0,0,0,0,0,0,0,0,False,0.0,False,,,,,,,,,,,,,,,,,,,,,,,,,,,,,,,,,,,,,,,,,
4it82qhUgBjRDYhhdVsajJzfFEYKjUFJqa8L9uuJqWFW,old-holder,1783653283,2026-07-10T03:14:43+00:00,41.80773,1783653796,2026-07-10T03:23:16+00:00,60194.583,4,3,1086326.882814,1086326.882814,0.0,0.246913576,0.192976181,19.46143176401,15.21044613989,padre,bundler,,7,-5.3606702314,0.0,0,0,0,0,0,0,0,0,0,0,0,0,0,0,0,0,0,0,0,0,0,0,0,0,False,0.0,False,,,,,,,,,,,,,,,,,,,,,,,,,,,,,,,,,,,,,,,,,
3Jqfe6E1Dc9b27KBWmzgyu7hQHspBy9WrbqgB4GG4Gy9,launch-window,1783652481,2026-07-10T03:01:21+00:00,41.81701,1783652481,2026-07-10T03:01:21+00:00,60216.5,1,1,1563772.496099,1563772.496099,0.0,0.246478587,0.401086579,19.47920273061,31.58155723046,,,,2,11.37179943794,0.0,0,0,0,0,0,0,0,0,0,0,0,0,0,0,0,0,0,0,0,0,0,0,0,0,False,0.0,False,,,,,,,,,,,,,,,,,,,,,,,,,,,,,,,,,,,,,,,,,
4AciCt6nGP3Zg93iogZ9pjvLtay6tnenNaKX4mo5P6Gf,old-holder,1783652904,2026-07-10T03:08:24+00:00,41.81212,1783652904,2026-07-10T03:08:24+00:00,60209.45,1,1,1090548.921054,1090548.921054,0.0,0.245679011,0.307547813,19.36687643713,24.24091862066,,,,2,4.3950918585,0.0,0,0,0,0,0,0,0,0,0,0,0,0,0,0,0,0,0,0,0,0,0,0,0,0,False,0.0,False,,,,,,,,,,,,,,,,,,,,,,,,,,,,,,,,,,,,,,,,,
76NmiUxPMjPJxMuKd7q8RspzEjSpXKpF66pkif5fNaPq,old-holder,1783653551,2026-07-10T03:19:11+00:00,41.80463,1783653551,2026-07-10T03:19:11+00:00,60198.667,1,1,902960.341733,902960.341733,0.0,0.24565883,0.218101875,19.3530026274,17.18424673125,fresh_wallet,,,2,-2.63613980833,0.0,0,0,0,0,0,0,0,0,0,0,0,0,0,0,0,0,0,0,0,0,0,0,0,0,False,0.0,False,,,,,,,,,,,,,,,,,,,,,,,,,,,,,,,,,,,,,,,,,
3NKMEdGGSJw45acURtLq55zaJaCKA8YCYjyjaZL1X8rr,old-holder,1783653750,2026-07-10T03:22:30+00:00,41.80233,1783655471,2026-07-10T03:51:11+00:00,60166.667,4,1,1951271.3598469999,1934685.553289,16585.806557999924,0.244814807,0.104669518,19.31001271682,8.27621878826,fresh_wallet,,,5,-11.163779816374467,0.0,0,0,0,0,0,0,0,0,0,0,0,0,0,0,0,0,0,0,0,0,0,0,0,0,False,0.0,False,,,,,,,,,,,,,,,,,,,,,,,,,,,,,,,,,,,,,,,,,
5MPGfe1NfLA83KE5o3Kec7waUR1h4t4cwRB4Dgprnn6Y,launch-window,1783652405,2026-07-10T03:00:05+00:00,41.81789,1783652405,2026-07-10T03:00:05+00:00,60217.767,1,1,1632665.67149,1632665.67149,0.0,0.244444444,0.212335538,19.31844440932,16.77875421276,axiom,,,2,-2.89920892601,0.0,0,0,0,0,0,0,0,0,0,0,0,0,0,0,0,0,0,0,0,0,0,0,0,0,False,0.0,False,,,,,,,,,,,,,,,,,,,,,,,,,,,,,,,,,,,,,,,,,
EAuMKgn4wy7DomDJ4o4nUnEXoPGoKTeSQsE4SsmUo4Lk,launch-window,1783652429,2026-07-10T03:00:29+00:00,41.81762,1783652429,2026-07-10T03:00:29+00:00,60217.367,1,1,1426803.89273,1426803.89273,0.0,0.244444444,0.173353587,19.31599996488,13.68279862191,axiom,,,2,-5.9475586653,0.0,0,0,0,0,0,0,0,0,0,0,0,0,0,0,0,0,0,0,0,0,0,0,0,0,False,0.0,False,,,,,,,,,,,,,,,,,,,,,,,,,,,,,,,,,,,,,,,,,
EWxjvJyZyC7tCtJyZK4mSjLdytS8pkG5zRkdr6xxtYn6,launch-window,1783652449,2026-07-10T03:00:49+00:00,41.81738,1783652449,2026-07-10T03:00:49+00:00,60217.033,1,1,1744451.839555,1744451.839555,0.0,0.244444444,0.258824902,19.31844440932,20.45234375604,axiom,,,2,0.73948151329,0.0,0,0,0,0,0,0,0,0,0,0,0,0,0,0,0,0,0,0,0,0,0,0,0,0,False,0.0,False,,,,,,,,,,,,,,,,,,,,,,,,,,,,,,,,,,,,,,,,,
EaQQSkqdUpVjjzxktRovNZfbJkf6trvJzhtUPE38HWVv,old-holder,1783653018,2026-07-10T03:10:18+00:00,41.8108,1783653116,2026-07-10T03:11:56+00:00,60205.917,4,1,971856.709947,971856.709947,0.0,0.24444444099999998,0.260375914,19.25879972861,20.52803705976,axiom,,,9,1.50734358271,0.0,0,0,0,0,0,0,0,0,0,0,0,0,0,0,0,0,0,0,0,0,0,0,0,0,False,0.0,False,,,,,,,,,,,,,,,,,,,,,,,,,,,,,,,,,,,,,,,,,
AAC8K1zrE7XDHiQikhWYaANNTrYfqBg8HLmCkoYB19Xg,old-holder,1783653275,2026-07-10T03:14:35+00:00,41.80782,1783655679,2026-07-10T03:54:39+00:00,60163.2,7,2,2101179.254224,2101179.254224,0.0,0.24444443899999999,0.245501572,19.29791068177,19.37256391199,"paper_hands,photon",,,9,-0.94288991022,0.0,0,0,0,0,0,0,0,0,0,0,0,0,0,0,0,0,0,0,0,0,0,0,0,0,False,0.0,False,,,,,,,,,,,,,,,,,,,,,,,,,,,,,,,,,,,,,,,,,
7JCe3GHwkEr3feHgtLXnmuJ1yB3A7coSeyynxTBgdG8k,old-holder,1783654663,2026-07-10T03:37:43+00:00,41.79176,1783654663,2026-07-10T03:37:43+00:00,60180.133,1,0,1804078.498106,0,1804078.498106,0.242873715,0,19.17487979925,0,bluechip_owner,,,173,597.7139567914893,0.0,0,0,0,0,0,0,0,0,0,0,0,0,0,0,0,0,0,0,0,0,0,0,0,0,False,0.0,False,,,,,,,,,,,,,,,,,,,,,,,,,,,,,,,,,,,,,,,,,
2rbMKosejvRr2BVVHGWbHdaCzbTw12MrXHthhq1vmmXA,old-holder,1783653323,2026-07-10T03:15:23+00:00,41.80727,1783653323,2026-07-10T03:15:23+00:00,60202.467,1,1,829087.818174,829087.818174,0.0,0.238770543,0.204936273,18.82228190469,16.1489783124,"fomo,fresh_wallet",,,2,-3.0226623167766666,0.0,0,0,0,0,0,0,0,0,0,0,0,0,0,0,0,0,0,0,0,0,0,0,0,0,False,0.0,False,,,,,,,,,,,,,,,,,,,,,,,,,,,,,,,,,,,,,,,,,
8Tk9fxqoXnxMSV4JpNrQPjZvDW6uu1zb9PSEWN6h1FdY,old-holder,1783653082,2026-07-10T03:11:22+00:00,41.81006,1783653082,2026-07-10T03:11:22+00:00,60206.483,1,1,1034696.15098,1034696.15098,0.0,0.235851851,0.271773443,18.5851258588,21.41302957397,,,,2,2.42683922526,0.0,0,0,0,0,0,0,0,0,0,0,0,0,0,0,0,0,0,0,0,0,0,0,0,0,False,0.0,False,,,,,,,,,,,,,,,,,,,,,,,,,,,,,,,,,,,,,,,,,
D2CU7ziXFZVhmfuV2uRHe1Un2YrmpowY1s58EqYACgHB,launch-window,1783652381,2026-07-10T02:59:41+00:00,41.81817,1783653976,2026-07-10T03:26:16+00:00,60191.583,2,2,2263227.225103,2263227.225103,0.0,0.235016116,0.250016566,18.56157284644,19.75768564042,paper_hands,,,4,0.73170719422,0.0,0,0,0,0,0,0,0,0,0,0,0,0,0,0,0,0,0,0,0,0,0,0,0,0,False,0.0,False,,,,,,,,,,,,,,,,,,,,,,,,,,,,,,,,,,,,,,,,,
2dAThBmD616Z1J9ggWg45Mv2Tf73aAMQAzryAo3W6F5h,old-holder,1783653380,2026-07-10T03:16:20+00:00,41.80661,1783653851,2026-07-10T03:24:11+00:00,60193.667,6,2,1085809.566403,1085809.5664030001,-2.3283064365386963e-10,0.234693327,0.133144599,18.494310533,10.49692777697,gmgn,,,8,-8.57206822299,0.0,0,0,0,0,0,0,0,0,0,0,0,0,0,0,0,0,0,0,0,0,0,0,0,0,False,0.0,False,,,,,,,,,,,,,,,,,,,,,,,,,,,,,,,,,,,,,,,,,
53jW4ktPBYS2sPuyFPPiVM92aZYWyXaesZvULrm1u3oX,old-holder,1783653212,2026-07-10T03:13:32+00:00,41.80855,1783653228,2026-07-10T03:13:48+00:00,60204.05,2,1,992900.303527,992900.303527,0.0,0.231653924,0.267239876,18.26316855884,21.06117462756,,,,3,2.16811086065,0.0,0,0,0,0,0,0,0,0,0,0,0,0,0,0,0,0,0,0,0,0,0,0,0,0,False,0.0,False,,,,,,,,,,,,,,,,,,,,,,,,,,,,,,,,,,,,,,,,,
J78zTwu29J5EDnXRVaUHgeEp3UQLRcrgvoFNv8mdWjJH,old-holder,1783653404,2026-07-10T03:16:44+00:00,41.80633,1783653404,2026-07-10T03:16:44+00:00,60201.117,1,0,881375.836288,0,881375.836288,0.229462019,0,18.0816070972,0,,,,1,0.0,0.0,0,0,0,0,0,0,0,0,0,0,0,0,0,0,0,0,0,0,0,0,0,0,0,0,False,0.0,False,,,,,,,,,,,,,,,,,,,,,,,,,,,,,,,,,,,,,,,,,
DFWWgWbFF6yHCTKsbSFbb12FPbeMZVhejm4wkfy2xYmr,launch-window,1783652770,2026-07-10T03:06:10+00:00,41.81367,1783653845,2026-07-10T03:24:05+00:00,60193.767,7,2,1131853.523534,1131853.523534,0.0,0.22750968900000001,0.12972824,17.93102602906,10.224555371600001,,,,9,-8.12250226353,0.0,0,0,0,0,0,0,0,0,0,0,0,0,0,0,0,0,0,0,0,0,0,0,0,0,False,0.0,False,,,,,,,,,,,,,,,,,,,,,,,,,,,,,,,,,,,,,,,,,
FgVZnsNsRwyKvxm2GQMfWUZddizsZZzM9DTW14kRMqs3,old-holder,1783653184,2026-07-10T03:13:04+00:00,41.80888,1783653184,2026-07-10T03:13:04+00:00,60204.783,1,1,1001987.02745,1001987.02745,0.0,0.227160493,0.114720628,17.90933326812,9.04457431152,,,,2,-9.24952787928,0.0,0,0,0,0,0,0,0,0,0,0,0,0,0,0,0,0,0,0,0,0,0,0,0,0,False,0.0,False,,,,,,,,,,,,,,,,,,,,,,,,,,,,,,,,,,,,,,,,,
8XiKybGFT4hqNBqTv485PHAT3CV7KRFUsdLwGUpsntYe,old-holder,1783654190,2026-07-10T03:29:50+00:00,41.79723,1783654190,2026-07-10T03:29:50+00:00,60188.017,1,1,2226064.105383,2226064.105383,0.0,0.22602469,0.118670837,17.8197865596,9.38092966485,,,,2,-8.81131488249,0.0,0,0,0,0,0,0,0,0,0,0,0,0,0,0,0,0,0,0,0,0,0,0,0,0,False,0.0,False,,,,,,,,,,,,,,,,,,,,,,,,,,,,,,,,,,,,,,,,,
7ZCoCC1iFbJk3FSepH4E3Q5d7zSJ9m9n7N6a2RgKKWUv,launch-window,1783652435,2026-07-10T03:00:35+00:00,41.81755,1783652749,2026-07-10T03:05:49+00:00,60212.033,5,1,1436855.372815,1436855.372815,0.0,0.225823404,0.223782156,17.81744242158,17.63850953592,,,,6,-0.81629709796,0.0,0,0,0,0,0,0,0,0,0,0,0,0,0,0,0,0,0,0,0,0,0,0,0,0,False,0.0,False,,,,,,,,,,,,,,,,,,,,,,,,,,,,,,,,,,,,,,,,,
AWxJMq46qYrf8Eeyq3P2AmFHn71Lqtz4eQMHypNkamz6,launch-window,1783652255,2026-07-10T02:57:35+00:00,41.81963,1783652255,2026-07-10T02:57:35+00:00,60220.267,1,1,1824230.978583,1824230.978583,0.0,0.218302955,0.279468307,17.26994677005,22.08638030221,"axiom,fresh_wallet",bundler,,2,4.403012945,0.0,0,0,0,0,0,0,0,0,0,0,0,0,0,0,0,0,0,0,0,0,0,0,0,0,True,0.0,False,,,,,,,,,,,,,,,,,,,,,,,,,,,,,,,,,,,,,,,,,
DfTwgP8dLZrcvhSmLoADjC3APQ3Z9FpJRxfuRQqvM9Gx,old-holder,1783653648,2026-07-10T03:20:48+00:00,41.80351,1783653648,2026-07-10T03:20:48+00:00,60197.05,1,0,814924.78753,0,814924.78753,0.213913775,0,16.85640547,0,,,,4,46.52502629426571,0.0,0,0,0,0,0,0,0,0,0,0,0,0,0,0,0,0,0,0,0,0,0,0,0,0,False,0.0,False,,,,,,,,,,,,,,,,,,,,,,,,,,,,,,,,,,,,,,,,,
Ce1USwdeYNgJLYQg2AHswoALPiyqUNsCJKAKzUwkRRkL,old-holder,1783655066,2026-07-10T03:44:26+00:00,41.78709,1783709077,2026-07-10T18:44:37+00:00,59273.233,4,3,4074606.852527,4074605.0,1.8525270000100136,0.200493527,0.191015195,15.75174412174,15.00212010869,"fresh_wallet,paper_hands",top_holder,,7,-1.3079732974050409,0.0,0,0,0,0,0,0,0,0,0,0,0,0,0,0,0,0,0,0,0,0,0,0,0,0,False,0.0,False,,,,,,,,,,,,,,,,,,,,,,,,,,,,,,,,,,,,,,,,,
CCucnfZbbUCncYsngEBuRDxRNWgiedbc9TAkDhuZTxDf,old-holder,1783652906,2026-07-10T03:08:26+00:00,41.81209,1783652906,2026-07-10T03:08:26+00:00,60209.417,1,1,890179.640289,890179.640289,0.0,0.200000001,0.033385041,15.76600007883,2.63908749105,"fresh_wallet,trojan",,,2,-13.49370600689,0.0,0,0,0,0,0,0,0,0,0,0,0,0,0,0,0,0,0,0,0,0,0,0,0,0,False,0.0,False,,,,,,,,,,,,,,,,,,,,,,,,,,,,,,,,,,,,,,,,,
9UzUgZsVnedFZLJY9ejJyeeWSH3iRb8d3yLvEutVuV4H,old-holder,1783655086,2026-07-10T03:44:46+00:00,41.78686,1783655086,2026-07-10T03:44:46+00:00,60173.083,1,1,1601791.623127,1601791.623127,0.0,0.200000001,0.143097103,15.79800007899,11.31611890524,"fresh_wallet,trojan",,,2,-5.01851026833,0.0,0,0,0,0,0,0,0,0,0,0,0,0,0,0,0,0,0,0,0,0,0,0,0,0,False,0.0,False,,,,,,,,,,,,,,,,,,,,,,,,,,,,,,,,,,,,,,,,,
FruB7V7uWtnLiJMw3qZLwdu2oJVQoq2JtwchGMm7p8yh,old-holder,1783653170,2026-07-10T03:12:50+00:00,41.80904,1783653170,2026-07-10T03:12:50+00:00,60205.017,1,1,839080.615246,839080.615246,0.0,0.197695455,0.225982063,15.5863096722,17.81642584692,,,,2,1.49643342108,0.0,0,0,0,0,0,0,0,0,0,0,0,0,0,0,0,0,0,0,0,0,0,0,0,0,False,0.0,False,,,,,,,,,,,,,,,,,,,,,,,,,,,,,,,,,,,,,,,,,
H9cYuY2nEUr4WexD8njYcnVmyDWN19KGL9UCpkUHAGiy,launch-window,1783652361,2026-07-10T02:59:21+00:00,41.8184,1783652361,2026-07-10T02:59:21+00:00,60218.5,1,1,1407059.704659,1407059.704659,0.0,0.197530863,0.195046441,15.61283941152,15.41452023223,"fresh_wallet,padre",,,2,-0.91498390815,0.0,0,0,0,0,0,0,0,0,0,0,0,0,0,0,0,0,0,0,0,0,0,0,0,0,False,0.0,False,,,,,,,,,,,,,,,,,,,,,,,,,,,,,,,,,,,,,,,,,
BTuwvbrW8BFEEvnAJM1bpukGVD67piyMHQZ5ifNMVQtp,launch-window,1783652702,2026-07-10T03:05:02+00:00,41.81446,1783652702,2026-07-10T03:05:02+00:00,60212.817,1,1,1412616.73158,1412616.73158,0.0,0.197530863,0.041363544,15.57530854755,3.18127016904,,top_holder,,2,-12.67846851191,0.0,0,0,-1412616.73158,0,0,0,0,0,0,0,0,0,0,0,0,0,0,0,0,0,0,0,0,0,False,0.0,False,,,,,,,,,,,,,,,,,,,,,,,,,,,,,,,,,,,,,,,,,
D1GaR2q9FtM7tm7XeB4cuHFbSUg8XuYXVZe7zNfxTqUS,launch-window,1783652731,2026-07-10T03:05:31+00:00,41.81412,1783652731,2026-07-10T03:05:31+00:00,60212.333,1,1,1189275.605513,1189275.605513,0.0,0.197530863,0.086962033,15.57530854755,6.85608668172,,,,2,-10.24995837696,0.0,0,0,0,0,0,0,0,0,0,0,0,0,0,0,0,0,0,0,0,0,0,0,0,0,False,0.0,False,,,,,,,,,,,,,,,,,,,,,,,,,,,,,,,,,,,,,,,,,
FYubGetUMdWNpJRGrCbWjQgs3xVAVQ17dipWDqRtthwn,launch-window,1783652782,2026-07-10T03:06:22+00:00,41.81353,1783652782,2026-07-10T03:06:22+00:00,60211.483,1,1,1156773.920483,1156773.920483,0.0,0.197530863,0.259417529,15.56938262166,20.44469546049,padre,,,2,3.58937161554,0.0,0,0,0,0,0,0,0,0,0,0,0,0,0,0,0,0,0,0,0,0,0,0,0,0,False,0.0,False,,,,,,,,,,,,,,,,,,,,,,,,,,,,,,,,,,,,,,,,,
48Frh1AdVTsiavMp7a2b47dTRcsKBQABjnxXf2RonfBs,launch-window,1783652266,2026-07-10T02:57:46+00:00,41.8195,1783652350,2026-07-10T02:59:10+00:00,60218.683,2,2,1410637.654546,1410637.654546,0.0,0.197530862,0.210148377,15.622715875579999,16.60532608388,"fresh_wallet,padre",,,4,0.14073628932,0.0,0,0,0,0,0,0,0,0,0,0,0,0,0,0,0,0,0,0,0,0,0,0,0,0,False,0.0,False,,,,,,,,,,,,,,,,,,,,,,,,,,,,,,,,,,,,,,,,,
CWvxnxagQQuJ2jteAo6JUpCCBYmLddLSeaRLXkw6iWYw,launch-window,1783652738,2026-07-10T03:05:38+00:00,41.81404,1783652891,2026-07-10T03:08:11+00:00,60209.667,2,1,1036040.5701339999,1027234.225288,8806.344845999964,0.197530862,0.054175594,15.57333316008,4.28312246164,,,,3,-11.486160445232128,0.0,0,0,0,0,0,0,0,0,0,0,0,0,0,0,0,0,0,0,0,0,0,0,0,0,False,0.0,False,,,,,,,,,,,,,,,,,,,,,,,,,,,,,,,,,,,,,,,,,
4LJFfiJNe4F7poKhHHuKQcmccHbJxXFXFnQHg9y91Tab,launch-window,1783652793,2026-07-10T03:06:33+00:00,41.8134,1783652804,2026-07-10T03:06:44+00:00,60211.117,2,1,1152026.4904419999,1152026.490442,-2.3283064365386963e-10,0.197530862,0.244177499,15.56938254284,19.24607047118,,,,3,3.23439336052,0.0,0,0,0,0,0,0,0,0,0,0,0,0,0,0,0,0,0,0,0,0,0,0,0,0,False,0.0,False,,,,,,,,,,,,,,,,,,,,,,,,,,,,,,,,,,,,,,,,,
8C7r7ZBmJtKFG6ZHH7gA2LcFcJmbAqSvQp927Sp7HkVh,old-holder,1783654515,2026-07-10T03:35:15+00:00,41.79347,1783654729,2026-07-10T03:38:49+00:00,60179.033,2,1,1400362.454283,1400362.454283,0.0,0.197530862,0.128842997,15.586172666109999,10.18375048288,"fresh_wallet,gmgn",,,3,-5.95416529787,0.0,0,0,0,0,0,0,0,0,0,0,0,0,0,0,0,0,0,0,0,0,0,0,0,0,False,0.0,False,,,,,,,,,,,,,,,,,,,,,,,,,,,,,,,,,,,,,,,,,
4yKxMpr4VY9nz8wE8PQEqJ7WWSQ68H5L6Kmar2KGdqYW,old-holder,1783653290,2026-07-10T03:14:50+00:00,41.80765,1783653290,2026-07-10T03:14:50+00:00,60203.017,1,1,676247.80218,676247.80218,0.0,0.196543209,0.190711911,15.49350116547,15.02619146769,fresh_wallet,,,2,-0.94376796331,0.0,0,0,0,0,0,0,0,0,0,0,0,0,0,0,0,0,0,0,0,0,0,0,0,0,False,0.0,False,,,,,,,,,,,,,,,,,,,,,,,,,,,,,,,,,,,,,,,,,
EMj62xR2MUUUsm16MXAPT45dhS7pvKmmHUAivzwdAyWn,launch-window,1783652390,2026-07-10T02:59:50+00:00,41.81807,1783652390,2026-07-10T02:59:50+00:00,60218.017,1,4,1211538.197938,1211538.197938,0.0,0.195555555,0.19737043099999999,15.4606221783,15.55668685839,axiom,bundler,,5,-0.20451442392,0.0,0,0,0,0,0,0,0,0,0,0,0,0,0,0,0,0,0,0,0,0,0,0,0,0,True,0.0,False,,,,,,,,,,,,,,,,,,,,,,,,,,,,,,,,,,,,,,,,,
7C2P5TupWYSZEwUyMYmxVcF6bDn34g4Qc7QGw288bLfH,launch-window,1783652429,2026-07-10T03:00:29+00:00,41.81762,1783652429,2026-07-10T03:00:29+00:00,60217.367,1,1,1134202.879528,1134202.879528,0.0,0.195555555,0.150217739,15.45475551165,11.85518396188,axiom,,,2,-3.89771378059,0.0,0,0,0,0,0,0,0,0,0,0,0,0,0,0,0,0,0,0,0,0,0,0,0,0,False,0.0,False,,,,,,,,,,,,,,,,,,,,,,,,,,,,,,,,,,,,,,,,,
9pMPijVvm4tmppnSh6864NBywmh3pjbnEaWVUk1pYwkm,launch-window,1783652648,2026-07-10T03:04:08+00:00,41.81508,1783652648,2026-07-10T03:04:08+00:00,60213.717,1,1,1485533.047787,1485533.047787,0.0,0.195555555,0.107766403,15.4332444006,8.49738087655,photon,,,2,-7.49340067035,0.0,0,0,0,0,0,0,0,0,0,0,0,0,0,0,0,0,0,0,0,0,0,0,0,0,False,0.0,False,,,,,,,,,,,,,,,,,,,,,,,,,,,,,,,,,,,,,,,,,
7oAnRfx72u1ozeCa4Qon6SV7Eer5ELNxJXo8a8ayrqKg,launch-window,1783652730,2026-07-10T03:05:30+00:00,41.81413,1783652730,2026-07-10T03:05:30+00:00,60212.35,1,3,1183313.673195,1183313.673195,0.0,0.195555555,0.299673393,15.4215110673,23.61324756273,"axiom,fresh_wallet",,,4,7.78779963128,0.0,0,0,0,0,0,0,0,0,0,0,0,0,0,0,0,0,0,0,0,0,0,0,0,0,False,0.0,False,,,,,,,,,,,,,,,,,,,,,,,,,,,,,,,,,,,,,,,,,
3VEFxt519tTsd7LWtFy19c6BoPJroPDSziudscChbTCB,old-holder,1783652861,2026-07-10T03:07:41+00:00,41.81262,1783652861,2026-07-10T03:07:41+00:00,60210.167,1,1,889798.602262,889798.602262,0.0,0.195555555,0.198713791,15.41173328955,15.66659528244,axiom,,,2,-0.04274697417,0.0,0,0,0,0,0,0,0,0,0,0,0,0,0,0,0,0,0,0,0,0,0,0,0,0,False,0.0,False,,,,,,,,,,,,,,,,,,,,,,,,,,,,,,,,,,,,,,,,,
7StVY7KQo2gPkHNjZj5GBPYfMLXP1nFzauhHbALbdoi5,old-holder,1783653484,2026-07-10T03:18:04+00:00,41.80541,1783653484,2026-07-10T03:18:04+00:00,60199.783,1,1,721745.539656,721745.539656,0.0,0.195555555,0.093005492,15.40782217845,7.33162293436,"axiom,fresh_wallet",,,2,-8.3308409557,0.0,0,0,0,0,0,0,0,0,0,0,0,0,0,0,0,0,0,0,0,0,0,0,0,0,False,0.0,False,,,,,,,,,,,,,,,,,,,,,,,,,,,,,,,,,,,,,,,,,
Fxg21ZodKBiKPw2c1sv8swBSPrAUCuMmaimnnWVpfjhJ,old-holder,1783653541,2026-07-10T03:19:01+00:00,41.80475,1783653541,2026-07-10T03:19:01+00:00,60198.833,1,1,731741.82761,731741.82761,0.0,0.195555555,0.133322327,15.4058666229,10.50846581414,axiom,,,2,-5.16407965526,0.0,0,0,0,0,0,0,0,0,0,0,0,0,0,0,0,0,0,0,0,0,0,0,0,0,False,0.0,False,,,,,,,,,,,,,,,,,,,,,,,,,,,,,,,,,,,,,,,,,
99Dz2YAhiJoEPe8vsFbrajUmhiwfXJaEHeHZQfh3HPSN,old-holder,1783654754,2026-07-10T03:39:14+00:00,41.79071,1783654754,2026-07-10T03:39:14+00:00,60178.617,1,1,1306274.26287,1306274.26287,0.0,0.195555555,0.06996176,15.43128884505,5.5297775104,axiom,,,2,-10.13933925511,0.0,0,0,0,0,0,0,0,0,0,0,0,0,0,0,0,0,0,0,0,0,0,0,0,0,False,0.0,False,,,,,,,,,,,,,,,,,,,,,,,,,,,,,,,,,,,,,,,,,
72ydAf8pY8kf1fvRg5de9dGojgEdmaY88pjBudVonpJR,old-holder,1783653784,2026-07-10T03:23:04+00:00,41.80193,1783654385,2026-07-10T03:33:05+00:00,60184.767,4,1,1177807.900558,1177807.900558,0.0,0.187887403,0.044073742,14.807642319300001,3.47389234444,,,,5,-11.59498829984,0.0,0,0,0,0,0,0,0,0,0,0,0,0,0,0,0,0,0,0,0,0,0,0,0,0,False,0.0,False,,,,,,,,,,,,,,,,,,,,,,,,,,,,,,,,,,,,,,,,,
FmVBoFovUUnc3kCdcPCWDtWXMswRVkfnja8w8U4wULhh,launch-window,1783652542,2026-07-10T03:02:22+00:00,41.81631,1783652542,2026-07-10T03:02:22+00:00,60215.483,1,1,1183690.880268,1183690.880268,0.0,0.182415339,0.11282788,14.40898762761,8.902119732,,,,2,-5.72980985193,0.0,0,0,0,0,0,0,0,0,0,0,0,0,0,0,0,0,0,0,0,0,0,0,0,0,False,0.0,False,,,,,,,,,,,,,,,,,,,,,,,,,,,,,,,,,,,,,,,,,
DxwmauNynsZ7f6E6vxiTusGqawoeyHwBpp4urFUbwe3U,launch-window,1783652736,2026-07-10T03:05:36+00:00,41.81406,1783652736,2026-07-10T03:05:36+00:00,60212.25,1,1,1089752.130254,1089752.130254,0.0,0.182390115,0.032820699,14.38146056775,2.54491700046,,top_holder,,2,-12.06460062123,0.0,0,0,0,0,0,0,0,0,0,0,0,0,0,0,0,0,0,0,0,0,0,0,0,0,False,0.0,False,,,,,,,,,,,,,,,,,,,,,,,,,,,,,,,,,,,,,,,,,
G7e2RkxkCpMkZ9pf98qWZEsQp2tYy8y2A3XZsnN75L1Q,old-holder,1783653305,2026-07-10T03:15:05+00:00,41.80748,1783653305,2026-07-10T03:15:05+00:00,60202.767,1,1,629281.963146,629281.963146,0.0,0.177222675,0.15578533,13.97046347025,12.2743261507,fresh_wallet,,,2,-2.03674246995,0.0,0,0,0,0,0,0,0,0,0,0,0,0,0,0,0,0,0,0,0,0,0,0,0,0,False,0.0,False,,,,,,,,,,,,,,,,,,,,,,,,,,,,,,,,,,,,,,,,,
35caaJFwzSNaFwFmP1f33wDP9cUFEXTLDsFnjna7kAjs,launch-window,1783652240,2026-07-10T02:57:20+00:00,41.8198,1783652240,2026-07-10T02:57:20+00:00,60220.517,1,1,2303078.285652,2303078.285652,0.0,0.176665566,0.345160214,13.97247961494,27.29526972312,padre,bundler,,2,12.89476220327,0.0,0,0,0,0,0,0,0,0,0,0,0,0,0,0,0,0,0,0,0,0,0,0,0,0,True,0.0,False,,,,,,,,,,,,,,,,,,,,,,,,,,,,,,,,,,,,,,,,,
FkBnhqBh4JbBwJgugjhAXBa3gx9hutRViYfDcSbE1PYg,launch-window,1783652277,2026-07-10T02:57:57+00:00,41.81938,1783652360,2026-07-10T02:59:20+00:00,60218.517,2,1,1136377.43477,1136377.43477,0.0,0.175999998,0.060383504,13.91788428631,4.77452366128,photon,bundler,,3,-9.57640407756,0.0,0,0,0,0,0,0,0,0,0,0,0,0,0,0,0,0,0,0,0,0,0,0,0,0,True,0.0,False,,,,,,,,,,,,,,,,,,,,,,,,,,,,,,,,,,,,,,,,,
8ZwQLWzM8i5o4fjus5m8XVD4HEU48UGCnSoaEvjuJoxQ,launch-window,1783652360,2026-07-10T02:59:20+00:00,41.81841,1783652360,2026-07-10T02:59:20+00:00,60218.517,1,1,1254860.617918,1254860.617918,0.0,0.175682546,0.329876346,13.88594843584,25.99755482826,"fomo,fresh_wallet",,,2,11.07045961182,0.0,0,0,0,0,0,0,0,0,0,0,0,0,0,0,0,0,0,0,0,0,0,0,0,0,False,0.0,False,,,,,,,,,,,,,,,,,,,,,,,,,,,,,,,,,,,,,,,,,
HndhX3CX6px1Tmi7o7H5ViMUCSbj1eDKviYaYmUZdnkc,old-holder,1783653884,2026-07-10T03:24:44+00:00,41.80078,1783655338,2026-07-10T03:48:58+00:00,60168.883,2,2,1788868.159438,1788868.159438,0.0,0.175171094,0.17896014799999999,13.828997050889999,14.130661917760001,,,,4,0.02183084118,0.0,0,0,0,0,0,0,0,0,0,0,0,0,0,0,0,0,0,0,0,0,0,0,0,0,False,0.0,False,,,,,,,,,,,,,,,,,,,,,,,,,,,,,,,,,,,,,,,,,
dmVg4QDfs5uLf1AYDbBbBRS6z6nZLkoxKcTSuHxPUmj,old-holder,1783652929,2026-07-10T03:08:49+00:00,41.81183,1783653678,2026-07-10T03:21:18+00:00,60196.55,2,2,739923.394549,739923.3945490001,-1.1641532182693481e-10,0.174765429,0.095130708,13.77095333607,7.49682502116,gmgn,bundler,,4,-6.69152553681,0.0,0,0,0,0,0,0,0,0,0,0,0,0,0,0,0,0,0,0,0,0,0,0,0,0,False,0.0,False,,,,,,,,,,,,,,,,,,,,,,,,,,,,,,,,,,,,,,,,,
CA7tPLjFpNBSjWfubUBzoe6HeVF9aQKi33BbtzmJcsE1,old-holder,1784063040,2026-07-14T21:04:00+00:00,37.06517,1784063040,2026-07-14T21:04:00+00:00,53373.85,1,0,5798598.685539,0,5798598.685539,0.173700427,0,13.40272494732,0,,,,1,0.0,0.0,0,0,0,0,0,0,0,0,0,0,0,0,0,0,0,0,0,0,0,0,0,0,0,0,False,0.0,False,,,,,,,,,,,,,,,,,,,,,,,,,,,,,,,,,,,,,,,,,
5a9xZorgkmAXz1Z5GT15DrSitCa77aViVXdbC2tKkY3L,old-holder,1783679411,2026-07-10T10:30:11+00:00,41.50532,1783679411,2026-07-10T10:30:11+00:00,59767.667,1,1,3833772.457854,3833772.457854,0.0,0.168155037,0.193606171,13.38850404594,15.40717908818,axiom,,,2,1.74338783094,0.0,0,0,0,0,0,0,0,0,0,0,0,0,0,0,0,0,0,0,0,0,0,0,0,0,False,0.0,False,,,,,,,,,,,,,,,,,,,,,,,,,,,,,,,,,,,,,,,,,
BPk2ya1nmSgVkv2RVG7vh8qiuR9awmNGTG9gDAP41U5Y,old-holder,1783653104,2026-07-10T03:11:44+00:00,41.8098,1783653104,2026-07-10T03:11:44+00:00,60206.117,1,1,679178.833167,679178.833167,0.0,0.167901234,0.136007035,13.2390123009,10.72415470975,"gmgn,padre",,,2,-3.5303608274,0.0,0,0,0,0,0,0,0,0,0,0,0,0,0,0,0,0,0,0,0,0,0,0,0,0,False,0.0,False,,,,,,,,,,,,,,,,,,,,,,,,,,,,,,,,,,,,,,,,,
B6p2D1zJ8GMLj9R1KDj3wiLZT3BTw6b1sKmXxpTzk29c,old-holder,1783653450,2026-07-10T03:17:30+00:00,41.8058,1783656483,2026-07-10T04:08:03+00:00,60149.8,7,7,1599298.782963,1599298.782963,0.0,0.167233734,0.157203386,13.19869550897,12.40799743673,"fresh_wallet,paper_hands",,,14,-1.08707769587,0.0,0,0,0,0,0,0,0,0,0,0,0,0,0,0,0,0,0,0,0,0,0,0,0,0,False,0.0,False,,,,,,,,,,,,,,,,,,,,,,,,,,,,,,,,,,,,,,,,,
Aer349Teymw2sFWNqEq7vjf6m8VAePDScnb55Qwu75M8,old-holder,1783654172,2026-07-10T03:29:32+00:00,41.79744,1783654172,2026-07-10T03:29:32+00:00,60188.317,1,0,1603077.953766,0,1603077.953766,0.164397948,0,12.97593003564,0,,,,1,0.0,0.0,0,0,0,0,0,0,0,0,0,0,0,0,0,0,0,0,0,0,0,0,0,0,0,0,False,0.0,False,,,,,,,,,,,,,,,,,,,,,,,,,,,,,,,,,,,,,,,,,
ENnHKGGMAcbRkLyyt1aJRZ93qJzVo5aVHdnXCXSmyodN,old-holder,1783653254,2026-07-10T03:14:14+00:00,41.80807,1783653254,2026-07-10T03:14:14+00:00,60203.617,1,1,712289.186102,712289.186102,0.0,0.163875833,0.031126338,12.91997067372,2.46147080904,,,,2,-10.6221847554,0.0,0,0,0,0,0,0,0,0,0,0,0,0,0,0,0,0,0,0,0,0,0,0,0,0,False,0.0,False,,,,,,,,,,,,,,,,,,,,,,,,,,,,,,,,,,,,,,,,,
2MRAHhVhbhHm6tPTDjByUnPjeCdDocxryT1zEfnc3FrE,launch-window,1783652430,2026-07-10T03:00:30+00:00,41.8176,1783652430,2026-07-10T03:00:30+00:00,60217.35,1,1,941946.58273,941946.58273,0.0,0.163190445,0.172347349,12.8953089639,13.58441804818,"fomo,fresh_wallet",,,4,-12.27519005438,0.0,0,0,0,0,0,0,0,0,0,0,0,0,0,0,0,0,0,0,0,0,0,0,0,0,False,0.0,False,,,,,,,,,,,,,,,,,,,,,,,,,,,,,,,,,,,,,,,,,
Ez4k1gfMH8SWDzmeVSyHQXTTdheNnSyybN3DTFzaW8rH,old-holder,1783679411,2026-07-10T10:30:11+00:00,41.50532,1783679411,2026-07-10T10:30:11+00:00,59767.667,1,1,3653036.091839,3653036.091839,0.0,0.16163711,0.167640514,12.8695466982,13.34083210412,axiom,,,2,0.22055858194,0.0,0,0,0,0,0,0,0,0,0,0,0,0,0,0,0,0,0,0,0,0,0,0,0,0,False,0.0,False,,,,,,,,,,,,,,,,,,,,,,,,,,,,,,,,,,,,,,,,,
EpcxVYcVWSPS5eLAFvs6VtTVXUBeVPkjktYCTy62xWjD,old-holder,1783679411,2026-07-10T10:30:11+00:00,41.50532,1783679411,2026-07-10T10:30:11+00:00,59767.667,1,1,3565259.008944,3565259.008944,0.0,0.159096743,0.154177245,12.66728267766,12.2694251571,axiom,,,2,-0.6364845135,0.0,0,0,0,0,0,0,0,0,0,0,0,0,0,0,0,0,0,0,0,0,0,0,0,0,False,0.0,False,,,,,,,,,,,,,,,,,,,,,,,,,,,,,,,,,,,,,,,,,
7dJX6goWgebfiWNNFqh8JKmz7Wk5HCoZpEwAJTRDMubX,old-holder,1783653491,2026-07-10T03:18:11+00:00,41.80532,1783653491,2026-07-10T03:18:11+00:00,60199.667,1,1,556251.214585,556251.214585,0.0,0.15802469,0.075092774,12.4476048313,5.932329146,"axiom,padre",bundler,,2,-7.404479156,0.0,0,0,0,0,0,0,0,0,0,0,0,0,0,0,0,0,0,0,0,0,0,0,0,0,False,0.0,False,,,,,,,,,,,,,,,,,,,,,,,,,,,,,,,,,,,,,,,,,
2q4kr8wUnJfs8wvBuC8LjpQmA9iBLhgx5pr6cNrQ1GnW,old-holder,1783654048,2026-07-10T03:27:28+00:00,41.79888,1783654048,2026-07-10T03:27:28+00:00,60190.383,1,1,1657464.766056,1657464.766056,0.0,0.157328371,0.164284343,12.41163518819,12.94724907183,,,,2,-0.03709084618,0.0,0,0,0,0,0,0,0,0,0,0,0,0,0,0,0,0,0,0,0,0,0,0,0,0,False,0.0,False,,,,,,,,,,,,,,,,,,,,,,,,,,,,,,,,,,,,,,,,,
4Pe9QixQkUvhmeooxZdAgxZJwPQooShhfWxEuWuYYmzM,old-holder,1783653203,2026-07-10T03:13:23+00:00,41.80866,1783653203,2026-07-10T03:13:23+00:00,60204.467,1,1,691033.72445,669744.251358,21289.473092,0.157286882,0.162469709,12.40049777688,12.80098837211,,,,2,0.540429537842759,0.0,0,0,0,0,0,0,0,0,0,0,0,0,0,0,0,0,0,0,0,0,0,0,0,0,False,0.0,False,,,,,,,,,,,,,,,,,,,,,,,,,,,,,,,,,,,,,,,,,
GQVfg8d9npbcWRspEhw9EHwMpXUZRHQT4vWLMWanqY33,launch-window,1783652630,2026-07-10T03:03:50+00:00,41.81529,1783652630,2026-07-10T03:03:50+00:00,60214.017,1,2,1264489.294036,1264489.294036,0.0,0.153980466,0.182118154,12.15521798604,14.35587463732,,,,3,1.92339667153,0.0,0,0,0,0,0,0,0,0,0,0,0,0,0,0,0,0,0,0,0,0,0,0,0,0,False,0.0,False,,,,,,,,,,,,,,,,,,,,,,,,,,,,,,,,,,,,,,,,,
9HjP5Udc1noTPS4waXtiE2oxbopAZqGHRWaBycG8vmTk,old-holder,1783653697,2026-07-10T03:21:37+00:00,41.80294,1783653752,2026-07-10T03:22:32+00:00,60195.317,2,1,624865.1537499999,624865.15375,-1.1641532182693481e-10,0.15120745400000002,0.049006662,11.91655760732,3.87446669772,,,,3,-8.26543309356,0.0,0,0,0,0,0,0,0,0,0,0,0,0,0,0,0,0,0,0,0,0,0,0,0,0,False,0.0,False,,,,,,,,,,,,,,,,,,,,,,,,,,,,,,,,,,,,,,,,,
F5MYFKgmGP1dGgSYuJQ8Crr2jkayxbeC7ArDMyU2tAjv,launch-window,1783652255,2026-07-10T02:57:35+00:00,41.81963,1783652255,2026-07-10T02:57:35+00:00,60220.267,1,1,1236571.0,1236571.0,0.0,0.150447979,0.152209758,11.90193961869,12.01543829652,,,,2,-0.1541067998,0.0,0,0,0,0,0,0,0,0,0,0,0,0,0,0,0,0,0,0,0,0,0,0,0,0,False,0.0,False,,,,,,,,,,,,,,,,,,,,,,,,,,,,,,,,,,,,,,,,,
5guD29yQJATXgXnqq1T4Tx5DqTKmEKhX7inoGLgVUGDo,old-holder,1783653911,2026-07-10T03:25:11+00:00,41.80046,1783653911,2026-07-10T03:25:11+00:00,60192.667,1,1,2061048.103866,2061048.103866,0.0,0.150000001,0.209594263,11.82750007885,16.52650763755,trojan,,,2,3.90876568335,0.0,0,0,0,0,0,0,0,0,0,0,0,0,0,0,0,0,0,0,0,0,0,0,0,0,False,0.0,False,,,,,,,,,,,,,,,,,,,,,,,,,,,,,,,,,,,,,,,,,
AmEbL82LhQa36NYDEMd3ooD5TjeLPytPuWHyNTXXvCWh,launch-window,1783652254,2026-07-10T02:57:34+00:00,41.81964,1783652254,2026-07-10T02:57:34+00:00,60220.283,1,1,1276981.0,1276981.0,0.0,0.14945674,0.176033042,11.8235227014,13.91189130926,gmgn,,,2,1.8034732019,0.0,0,0,0,0,0,0,0,0,0,0,0,0,0,0,0,0,0,0,0,0,0,0,0,0,False,0.0,False,,,,,,,,,,,,,,,,,,,,,,,,,,,,,,,,,,,,,,,,,
4iP15FotX95nEnrjfi8tUCqfK5tTdhWwyciCAQuSLzc3,old-holder,1783662206,2026-07-10T05:43:26+00:00,41.70446,1783662216,2026-07-10T05:43:36+00:00,60054.25,2,3,3595574.452032,3595574.452032,0.0,0.149305621,0.149305618,11.82450749675,11.82450319207,fresh_wallet,,,5,-0.41845181427,0.0,0,0,0,0,0,0,0,0,0,0,0,0,0,0,0,0,0,0,0,0,0,0,0,0,False,0.0,False,,,,,,,,,,,,,,,,,,,,,,,,,,,,,,,,,,,,,,,,,
92pY1qXJAakyGp6UZ5tEDMnk8MkLRkwhb2LbpkJTdbWq,launch-window,1783652255,2026-07-10T02:57:35+00:00,41.81963,1783652255,2026-07-10T02:57:35+00:00,60220.267,1,1,1236571.0,1236571.0,0.0,0.149249575,0.153444065,11.80713387825,12.1128744911,gmgn,,,2,0.04529369213,0.0,0,0,0,0,0,0,0,0,0,0,0,0,0,0,0,0,0,0,0,0,0,0,0,0,False,0.0,False,,,,,,,,,,,,,,,,,,,,,,,,,,,,,,,,,,,,,,,,,
AowrJaw84rGhmFFYRTqs3diCHwg8Q5zjMVWmWSfNkQJU,launch-window,1783652252,2026-07-10T02:57:32+00:00,41.81966,1783652252,2026-07-10T02:57:32+00:00,60220.317,1,1,1302063.0,1302063.0,0.0,0.14875262,0.136308561,11.766332242,10.75883471973,,,,2,-1.25468927806,0.0,0,0,0,0,0,0,0,0,0,0,0,0,0,0,0,0,0,0,0,0,0,0,0,0,False,0.0,False,,,,,,,,,,,,,,,,,,,,,,,,,,,,,,,,,,,,,,,,,
GJbUPSRG46jYWdXUmRXW9G2P8J6qAZ815AHUp4xQPRt6,launch-window,1783652254,2026-07-10T02:57:34+00:00,41.81964,1783652254,2026-07-10T02:57:34+00:00,60220.283,1,1,1276981.0,1276981.0,0.0,0.148731551,0.175106351,11.76615299961,13.83865491953,gmgn,,,2,1.78884728295,0.0,0,0,0,0,0,0,0,0,0,0,0,0,0,0,0,0,0,0,0,0,0,0,0,0,False,0.0,False,,,,,,,,,,,,,,,,,,,,,,,,,,,,,,,,,,,,,,,,,
JDqGV3kCbLwEibyXwr4fu3tMjieKp1UKVZQdbEqQ3g9B,old-holder,1783653080,2026-07-10T03:11:20+00:00,41.81008,1783654617,2026-07-10T03:36:57+00:00,60180.9,2,2,732186.373925,732186.373925,0.0,0.148155616,0.049574098000000004,11.678857734040001,3.9144073211399997,paper_hands,,,4,-7.99797922696,0.0,0,0,0,0,0,0,0,0,0,0,0,0,0,0,0,0,0,0,0,0,0,0,0,0,False,0.0,False,,,,,,,,,,,,,,,,,,,,,,,,,,,,,,,,,,,,,,,,,
4uR3i2EfzGBMDoNUKGnnzdCvKa3cn49UJQwBt4YaqHc9,launch-window,1783652240,2026-07-10T02:57:20+00:00,41.8198,1783652240,2026-07-10T02:57:20+00:00,60220.517,1,1,1950764.499237,1950764.499237,0.0,0.148148147,0.18485456,11.71703694623,14.621995696,,bundler,,2,2.64208288815,0.0,0,0,0,0,0,0,0,0,0,0,0,0,0,0,0,0,0,0,0,0,0,0,0,0,True,0.0,False,,,,,,,,,,,,,,,,,,,,,,,,,,,,,,,,,,,,,,,,,
8kLKsGS5qfydG7pfFbJSRAdx8CBhaePSHTr1yFh44bZ9,launch-window,1783652240,2026-07-10T02:57:20+00:00,41.8198,1783652240,2026-07-10T02:57:20+00:00,60220.517,1,1,1939126.539872,1939126.539872,0.0,0.148148147,0.182531482,11.71703694623,14.4382402262,,bundler,,2,2.46007307625,0.0,0,0,0,0,0,0,0,0,0,0,0,0,0,0,0,0,0,0,0,0,0,0,0,0,True,0.0,False,,,,,,,,,,,,,,,,,,,,,,,,,,,,,,,,,,,,,,,,,
5HsChPkobFXfABqQgf223a4sdsyYuWecUG2VJXfCxE3r,launch-window,1783652241,2026-07-10T02:57:21+00:00,41.81979,1783652241,2026-07-10T02:57:21+00:00,60220.5,1,1,1696179.360843,1696179.360843,0.0,0.148148147,0.157615945,11.7185184277,12.4674212495,,bundler,,2,0.5064803058,0.0,0,0,0,0,0,0,0,0,0,0,0,0,0,0,0,0,0,0,0,0,0,0,0,0,True,0.0,False,,,,,,,,,,,,,,,,,,,,,,,,,,,,,,,,,,,,,,,,,
ESJYxHNvEpqDMywGUD6Feo5JtQqBR6gHoainv1axUC8s,launch-window,1783652242,2026-07-10T02:57:22+00:00,41.81978,1783652242,2026-07-10T02:57:22+00:00,60220.483,1,1,1570831.835748,1570831.835748,0.0,0.148148147,0.151263016,11.7185184277,11.9649045656,,,,2,0.0087375442,0.0,0,0,0,0,0,0,0,0,0,0,0,0,0,0,0,0,0,0,0,0,0,0,0,0,False,0.0,False,,,,,,,,,,,,,,,,,,,,,,,,,,,,,,,,,,,,,,,,,
C3DzwFnpw9nwwRf4Xr8j4V8DrwfjawnuGXUPgYJJx6te,launch-window,1783652242,2026-07-10T02:57:22+00:00,41.81978,1783652242,2026-07-10T02:57:22+00:00,60220.483,1,1,1562418.587177,1562418.587177,0.0,0.148148147,0.151271523,11.7185184277,11.9655774693,axiom,,,2,0.0094040408,0.0,0,0,0,0,0,0,0,0,0,0,0,0,0,0,0,0,0,0,0,0,0,0,0,0,False,0.0,False,,,,,,,,,,,,,,,,,,,,,,,,,,,,,,,,,,,,,,,,,
FgUacZHoumCzRETviinAo97zztxwqS8VqJRaF3NWGuP7,launch-window,1783652331,2026-07-10T02:58:51+00:00,41.81875,1783652331,2026-07-10T02:58:51+00:00,60219.0,1,3,913804.739841,913804.739841,0.0,0.148148147,0.142234902,11.71555546476,11.2427464008,gmgn,bundler,,4,-0.86089581307,0.0,0,0,0,0,0,0,0,0,0,0,0,0,0,0,0,0,0,0,0,0,0,0,0,0,True,0.0,False,,,,,,,,,,,,,,,,,,,,,,,,,,,,,,,,,,,,,,,,,
3MxMkjvbhGnNGbHaXcc9G6GZ8tTaR8PvSArXooZXTimJ,old-holder,1783653738,2026-07-10T03:22:18+00:00,41.80247,1783653738,2026-07-10T03:22:18+00:00,60195.55,1,1,671138.617566,671138.617566,0.0,0.148148147,0.056591917,11.67851842801,4.46170673628,fresh_wallet,,,2,-7.51080162972,0.0,0,0,0,0,0,0,0,0,0,0,0,0,0,0,0,0,0,0,0,0,0,0,0,0,False,0.0,False,,,,,,,,,,,,,,,,,,,,,,,,,,,,,,,,,,,,,,,,,
5YRfKE92rtCsbkVTSYNBtS9pzDSri5RAYLF9bx2qz9z6,launch-window,1783652275,2026-07-10T02:57:55+00:00,41.8194,1783652313,2026-07-10T02:58:33+00:00,60219.3,2,2,1056215.315932,1056215.315932,0.0,0.148148146,0.1782084,11.71999983007,14.09269151253,gmgn,,,4,1.86410441775,0.0,0,0,0,0,0,0,0,0,0,0,0,0,0,0,0,0,0,0,0,0,0,0,0,0,False,0.0,False,,,,,,,,,,,,,,,,,,,,,,,,,,,,,,,,,,,,,,,,,
3pzGHton9d2hr2grPavffpoxShGEXAH5nTbno3rGQaHL,launch-window,1783652261,2026-07-10T02:57:41+00:00,41.81956,1783652261,2026-07-10T02:57:41+00:00,60220.167,1,1,1101078.893216,1101078.893216,0.0,0.146666666,0.159867449,11.60279994726,12.64231786692,axiom,,,2,0.78427272864,0.0,0,0,0,0,0,0,0,0,0,0,0,0,0,0,0,0,0,0,0,0,0,0,0,0,False,0.0,False,,,,,,,,,,,,,,,,,,,,,,,,,,,,,,,,,,,,,,,,,
A4vXxZjzWfgTspAbbZ2KYUkjNfZavAzEntqdbgCUspCy,launch-window,1783652512,2026-07-10T03:01:52+00:00,41.81666,1783652512,2026-07-10T03:01:52+00:00,60215.983,1,2,971179.915573,971179.915573,0.0,0.146666666,0.155173317,11.58959994732,12.232332641169998,axiom,,,3,0.36593189257,0.0,0,0,0,0,0,0,0,0,0,0,0,0,0,0,0,0,0,0,0,0,0,0,0,0,False,0.0,False,,,,,,,,,,,,,,,,,,,,,,,,,,,,,,,,,,,,,,,,,
6jJxXxJVhRgDicxiKYkezSwmDMaYFAmPmasyHkDSWNT7,old-holder,1783653065,2026-07-10T03:11:05+00:00,41.81025,1783654312,2026-07-10T03:31:52+00:00,60185.983,2,1,749960.272145,749960.272145,0.0,0.146666665,0.039827415,11.5485332021,3.14835715575,photon,,,3,-12.0475500322,0.0,0,0,0,0,0,0,0,0,0,0,0,0,0,0,0,0,0,0,0,0,0,0,0,0,False,0.0,False,,,,,,,,,,,,,,,,,,,,,,,,,,,,,,,,,,,,,,,,,
9mtPX6T545gnaTz9kuwwBMhK3FJfU2ecuF1XSgw24n91,old-holder,1783653299,2026-07-10T03:14:59+00:00,41.80755,1783653779,2026-07-10T03:22:59+00:00,60194.867,2,1,585944.902397,585944.902397,0.0,0.146666665,0.080003487,11.56124431307,6.31707533352,axiom,,,3,-5.47355523896,0.0,0,0,0,0,0,0,0,0,0,0,0,0,0,0,0,0,0,0,0,0,0,0,0,0,False,0.0,False,,,,,,,,,,,,,,,,,,,,,,,,,,,,,,,,,,,,,,,,,
ALutSGmkGtaFg4jmah75drqMMKvQnytcDVpoXLxuUyer,old-holder,1783653846,2026-07-10T03:24:06+00:00,41.80122,1783653936,2026-07-10T03:25:36+00:00,60192.25,5,1,1249125.295584,1249125.295584,0.0,0.14666666,0.101376027,11.561977252190001,7.99755477003,padre,,,6,-4.01316036532,0.0,0,0,0,0,0,0,0,0,0,0,0,0,0,0,0,0,0,0,0,0,0,0,0,0,False,0.0,False,,,,,,,,,,,,,,,,,,,,,,,,,,,,,,,,,,,,,,,,,
6rkazk1D6FAYykdnrNSVBjhDU6zApH8uKC5EfbRzrrAt,launch-window,1783652302,2026-07-10T02:58:22+00:00,41.81909,1783652302,2026-07-10T02:58:22+00:00,60219.483,1,1,953786.830026,953786.830026,0.0,0.138438518,0.141436525,10.94771800344,11.1763142055,fresh_wallet,,,2,-0.05790488616,0.0,0,0,0,0,0,0,0,0,0,0,0,0,0,0,0,0,0,0,0,0,0,0,0,0,False,0.0,False,,,,,,,,,,,,,,,,,,,,,,,,,,,,,,,,,,,,,,,,,
A5BNnNjqFHAGBfdvBWj9VPzAcbHFx25sjcGi7B5y1st8,launch-window,1783652393,2026-07-10T02:59:53+00:00,41.81803,1783652393,2026-07-10T02:59:53+00:00,60217.967,1,1,844716.135193,844716.135193,0.0,0.136888888,0.061450863,10.82243548528,4.84417153029,"axiom,padre",,,2,-6.12788627941,0.0,0,0,0,0,0,0,0,0,0,0,0,0,0,0,0,0,0,0,0,0,0,0,0,0,False,0.0,False,,,,,,,,,,,,,,,,,,,,,,,,,,,,,,,,,,,,,,,,,
FvroytTXQTRZXPysmqrCQYLScoZQHh2bk8QMNCnaTsCV,old-holder,1783654521,2026-07-10T03:35:21+00:00,41.7934,1783654521,2026-07-10T03:35:21+00:00,60182.5,1,1,967104.15422,967104.15422,0.0,0.130000001,0.124798172,10.25570007889,9.85655962456,trojan,,,2,-0.91413912581,0.0,0,0,0,0,0,0,0,0,0,0,0,0,0,0,0,0,0,0,0,0,0,0,0,0,False,0.0,False,,,,,,,,,,,,,,,,,,,,,,,,,,,,,,,,,,,,,,,,,
D8gAET1Mpm8JeLk9keJxSJkryE8KEoWZid25Hg33wTGM,old-holder,1783653283,2026-07-10T03:14:43+00:00,41.80773,1783653296,2026-07-10T03:14:56+00:00,60202.917,2,1,460868.54086400004,460868.540864,5.820766091346741e-11,0.128945885,0.124100408,10.165258943880001,9.7791121504,,,,11,-11.193645984484796,0.0,0,0,0,0,0,0,0,0,0,0,0,0,0,0,0,0,0,0,0,0,0,0,0,0,False,0.0,False,,,,,,,,,,,,,,,,,,,,,,,,,,,,,,,,,,,,,,,,,
2YMEgxJxJM7FNvJAnykQC9dDBvmKi5Bsy3BnJGHMifi6,old-holder,1783653820,2026-07-10T03:23:40+00:00,41.80152,1783653820,2026-07-10T03:23:40+00:00,60194.183,1,1,681937.970852,681937.970852,0.0,0.12839506,0.055551461,10.1188146786,4.3830102729,,,,2,-6.0093377637,0.0,0,0,0,0,0,0,0,0,0,0,0,0,0,0,0,0,0,0,0,0,0,0,0,0,False,0.0,False,,,,,,,,,,,,,,,,,,,,,,,,,,,,,,,,,,,,,,,,,
5m7RcTHnnTw8n2V9wuNvXE5eFExKReZM2bxpVU8NFVPf,old-holder,1783653884,2026-07-10T03:24:44+00:00,41.80078,1783653884,2026-07-10T03:24:44+00:00,60193.117,1,1,1275882.662345,1275882.662345,0.0,0.12839506,0.165335746,10.1226665304,13.05821721908,gmgn,,,2,1.84685593192,0.0,0,0,0,0,0,0,0,0,0,0,0,0,0,0,0,0,0,0,0,0,0,0,0,0,False,0.0,False,,,,,,,,,,,,,,,,,,,,,,,,,,,,,,,,,,,,,,,,,
vgMxcJmsibnY5qUbBthnZ9inPdmBgAAecNDbJE9cvsD,old-holder,1783654983,2026-07-10T03:43:03+00:00,41.78806,1783654983,2026-07-10T03:43:03+00:00,60174.8,1,1,1004171.2925,1004171.2925,0.0,0.127799608,0.037827848,10.09361303984,2.98688687808,,,,2,-7.36736339994,0.0,0,0,0,0,0,0,0,0,0,0,0,0,0,0,0,0,0,0,0,0,0,0,0,0,False,0.0,False,,,,,,,,,,,,,,,,,,,,,,,,,,,,,,,,,,,,,,,,,
DZBK4vWXiHSHneEpWJC6dbCr1qzHPFj472Hz2Px1fr9A,old-holder,1783653373,2026-07-10T03:16:13+00:00,41.80669,1783653373,2026-07-10T03:16:13+00:00,60201.633,1,1,484989.395056,484989.395056,0.0,0.12762469,0.069016184,10.0581018189,5.4384752992,,,,2,-4.9559709472,0.0,0,0,0,0,0,0,0,0,0,0,0,0,0,0,0,0,0,0,0,0,0,0,0,0,False,0.0,False,,,,,,,,,,,,,,,,,,,,,,,,,,,,,,,,,,,,,,,,,
BE8Gcd32Zvi8DyX6v4nf5Rz16UhanV6xPumZ2494zTm8,old-holder,1783654979,2026-07-10T03:42:59+00:00,41.7881,1783655381,2026-07-10T03:49:41+00:00,60168.167,2,1,1090812.620812,1090812.620812,0.0,0.12711111,0.05763826,10.04285324554,4.5551516878,axiom,,,3,-5.62804231246,0.0,0,0,0,0,0,0,0,0,0,0,0,0,0,0,0,0,0,0,0,0,0,0,0,0,False,0.0,False,,,,,,,,,,,,,,,,,,,,,,,,,,,,,,,,,,,,,,,,,
Cq5DwqH28mtHS6VfM89u9BVQRCK4HzMgThx437qrxBCt,old-holder,1783653779,2026-07-10T03:22:59+00:00,41.80199,1783653779,2026-07-10T03:22:59+00:00,60194.867,1,2,680951.437526,680951.437526,0.0,0.12638976,0.033233328,9.9620408832,2.62144491264,fresh_wallet,,,3,-7.63628911114,0.0,0,0,0,0,0,0,0,0,0,0,0,0,0,0,0,0,0,0,0,0,0,0,0,0,False,0.0,False,,,,,,,,,,,,,,,,,,,,,,,,,,,,,,,,,,,,,,,,,
GtQPmXnBuD7f2D4Ue5BTbQDbjp4nCtCzY4KNnaBEnSii,old-holder,1783652972,2026-07-10T03:09:32+00:00,41.81133,1783652972,2026-07-10T03:09:32+00:00,60208.317,1,1,563938.299818,563938.299818,0.0,0.125577868,0.137432892,9.89679177708,10.83383487636,,,,2,0.36184194788,0.0,0,0,0,0,0,0,0,0,0,0,0,0,0,0,0,0,0,0,0,0,0,0,0,0,False,0.0,False,,,,,,,,,,,,,,,,,,,,,,,,,,,,,,,,,,,,,,,,,
GDSzMk6y3PkfojXFTSUSFsBs7NLkngKc3cnSNbto5nKz,old-holder,1783653127,2026-07-10T03:12:07+00:00,41.80954,1783653127,2026-07-10T03:12:07+00:00,60205.733,1,1,580261.531984,580261.531984,0.0,0.124002113,0.141246813,9.77880663118,11.12883639627,,,,2,0.99645878607,0.0,0,0,0,0,0,0,0,0,0,0,0,0,0,0,0,0,0,0,0,0,0,0,0,0,False,0.0,False,,,,,,,,,,,,,,,,,,,,,,,,,,,,,,,,,,,,,,,,,
JCBv9UoYLtMVHqx5SPevNan2HekkyWDKf5RvwxbVEPad,launch-window,1783652312,2026-07-10T02:58:32+00:00,41.81897,1783652312,2026-07-10T02:58:32+00:00,60219.317,1,1,875909.21614,875909.21614,0.0,0.123410004,0.142096111,9.76049721636,11.22985565233,fresh_wallet,,,2,0.88994814345,0.0,0,0,0,0,0,0,0,0,0,0,0,0,0,0,0,0,0,0,0,0,0,0,0,0,False,0.0,False,,,,,,,,,,,,,,,,,,,,,,,,,,,,,,,,,,,,,,,,,
2n1UR8u6jmCpeWiu7ciC65VbteAN1FNpEjic5FdHcf7U,launch-window,1783652794,2026-07-10T03:06:34+00:00,41.81339,1783652794,2026-07-10T03:06:34+00:00,60211.283,1,1,715254.759139,715254.759139,0.0,0.122479004,0.140255829,9.65379509528,11.05356188349,,,,2,1.11051089325,0.0,0,0,0,0,0,0,0,0,0,0,0,0,0,0,0,0,0,0,0,0,0,0,0,0,False,0.0,False,,,,,,,,,,,,,,,,,,,,,,,,,,,,,,,,,,,,,,,,,
BDHPwyEoj8wNWBbydnDiDH4tEYjtknkfaX6vgF5vUS13,launch-window,1783652714,2026-07-10T03:05:14+00:00,41.81432,1783652714,2026-07-10T03:05:14+00:00,60212.617,1,1,794152.525759,794152.525759,0.0,0.118518518,0.234442579,9.3451851443,18.46235309625,,,,2,8.73060318205,0.0,0,0,0,0,0,0,0,0,0,0,0,0,0,0,0,0,0,0,0,0,0,0,0,0,False,0.0,False,,,,,,,,,,,,,,,,,,,,,,,,,,,,,,,,,,,,,,,,,
8n9Lo55RxgcBUaj7JRGJZP8dvNzdfJkedznkiT35cmW5,launch-window,1783652349,2026-07-10T02:59:09+00:00,41.81854,1783652349,2026-07-10T02:59:09+00:00,60218.7,1,0,740038.73012,0,740038.73012,0.117333333,0,9.27754664031,0,"axiom,fresh_wallet",,,1,0.0,0.0,0,0,0,0,0,0,0,0,0,0,0,0,0,0,0,0,0,0,0,0,0,0,0,0,False,0.0,False,,,,,,,,,,,,,,,,,,,,,,,,,,,,,,,,,,,,,,,,,
EqQPaL3pMpu7bjUe49N8HVDTJTdEr7EpfEQsSNZzzcsQ,launch-window,1783652679,2026-07-10T03:04:39+00:00,41.81472,1783652679,2026-07-10T03:04:39+00:00,60213.2,1,1,859195.202851,859195.202851,0.0,0.113394072,0.195735716,8.94452439936,15.4239744208,"fomo,fresh_wallet",,,2,5.51832454192,0.0,0,0,0,0,0,0,0,0,0,0,0,0,0,0,0,0,0,0,0,0,0,0,0,0,False,0.0,False,,,,,,,,,,,,,,,,,,,,,,,,,,,,,,,,,,,,,,,,,
BWx6mLVDcQWdqyGqZAYxmGw7QxzTab4deepvqSQsEaYp,old-holder,1783653770,2026-07-10T03:22:50+00:00,41.80209,1783653770,2026-07-10T03:22:50+00:00,60195.017,1,1,661105.924816,661105.924816,0.0,0.108641975,0.020882672,8.56098763,1.62488070832,fresh_wallet,,,2,-7.15504727503,0.0,0,0,0,0,0,0,0,0,0,0,0,0,0,0,0,0,0,0,0,0,0,0,0,0,False,0.0,False,,,,,,,,,,,,,,,,,,,,,,,,,,,,,,,,,,,,,,,,,
J3t1k2STc8WnNCvJ4wfrQ4gzwpgRTrpPAxS1pceq2xby,old-holder,1783655202,2026-07-10T03:46:42+00:00,41.78552,1783655202,2026-07-10T03:46:42+00:00,60171.15,1,1,930337.195664,930337.195664,0.0,0.108098764,0.045301805,8.54196433128,3.5752184506,,,,2,-5.14031207704,0.0,0,0,0,0,0,0,0,0,0,0,0,0,0,0,0,0,0,0,0,0,0,0,0,0,False,0.0,False,,,,,,,,,,,,,,,,,,,,,,,,,,,,,,,,,,,,,,,,,
5vh9Mrpm1UDoEqGmjWVd6yR6xLkqRokmKjBjtMz7Vqca,old-holder,1783652919,2026-07-10T03:08:39+00:00,41.81194,1783652926,2026-07-10T03:08:46+00:00,60209.083,2,1,515335.127239,515335.127239,0.0,0.107555554,0.122530206,8.478506544050001,9.65783083692,axiom,,,3,0.93727091568,0.0,0,0,0,0,0,0,0,0,0,0,0,0,0,0,0,0,0,0,0,0,0,0,0,0,False,0.0,False,,,,,,,,,,,,,,,,,,,,,,,,,,,,,,,,,,,,,,,,,
nya666pQkP3PzWxi7JngU3rRMHuc7zbLK8c8wxQ4qpT,launch-window,1783652241,2026-07-10T02:57:21+00:00,41.81979,1783652241,2026-07-10T02:57:21+00:00,60220.5,1,1,1175721.191622,1175721.191622,0.0,0.107442938,0.17588684,8.4987363958,13.9091313072,app_smart_money,bundler,,2,5.02437780594,0.0,0,0,0,0,0,0,0,0,0,0,0,0,0,0,0,0,0,0,0,0,0,0,0,0,True,0.0,False,,,,,,,,,,,,,,,,,,,,,,,,,,,,,,,,,,,,,,,,,
9pP8SRaU7G4gP2aAckggBBLXmGT266LyrdQuA4Q1CB5h,launch-window,1783652255,2026-07-10T02:57:35+00:00,41.81963,1783652255,2026-07-10T02:57:35+00:00,60220.267,1,1,824380.0,824380.0,0.0,0.101678936,0.106378032,8.04382062696,8.40599208864,gmgn,,,2,0.18059316921,0.0,0,0,0,0,0,0,0,0,0,0,0,0,0,0,0,0,0,0,0,0,0,0,0,0,False,0.0,False,,,,,,,,,,,,,,,,,,,,,,,,,,,,,,,,,,,,,,,,,
FfmhBJzW7YZ1vh9Apcar7QqoHyZzHDNBQ59aSvXVkjtk,launch-window,1783652255,2026-07-10T02:57:35+00:00,41.81963,1783652255,2026-07-10T02:57:35+00:00,60220.267,1,1,824380.0,824380.0,0.0,0.101351573,0.11289865,8.01792294003,8.921251323,,,,2,0.70983121968,0.0,0,0,0,0,0,0,0,0,0,0,0,0,0,0,0,0,0,0,0,0,0,0,0,0,False,0.0,False,,,,,,,,,,,,,,,,,,,,,,,,,,,,,,,,,,,,,,,,,
g8J7SWGYyAKFKfXGjbR2oormaG5s942wKE5mhvf4MtV,launch-window,1783652255,2026-07-10T02:57:35+00:00,41.81963,1783652255,2026-07-10T02:57:35+00:00,60220.267,1,1,824380.0,824380.0,0.0,0.101025788,0.113283575,7.99215008868,8.9516680965,,,,2,0.76533572286,0.0,0,0,0,0,0,0,0,0,0,0,0,0,0,0,0,0,0,0,0,0,0,0,0,0,False,0.0,False,,,,,,,,,,,,,,,,,,,,,,,,,,,,,,,,,,,,,,,,,
CWvyyHFxzApoJ6j4FV7oaYrm92pJzK6yA9WU7PfkKCTV,launch-window,1783652255,2026-07-10T02:57:35+00:00,41.81963,1783652255,2026-07-10T02:57:35+00:00,60220.267,1,1,824380.0,824380.0,0.0,0.100701572,0.10271107,7.96650136092,8.1080118658,gmgn,,,2,-0.04440424996,0.0,0,0,0,0,0,0,0,0,0,0,0,0,0,0,0,0,0,0,0,0,0,0,0,0,False,0.0,False,,,,,,,,,,,,,,,,,,,,,,,,,,,,,,,,,,,,,,,,,
5QHXcqFJH6fTsK7mQtuC4fxXujZM3hWWjtp5LhSRNwbk,launch-window,1783652293,2026-07-10T02:58:13+00:00,41.81919,1783652293,2026-07-10T02:58:13+00:00,60219.633,1,1,669606.682234,669606.682234,0.0,0.100000001,0.095072819,7.90800007908,7.51550634195,,,,2,-0.57222825021,0.0,0,0,0,0,0,0,0,0,0,0,0,0,0,0,0,0,0,0,0,0,0,0,0,0,False,0.0,False,,,,,,,,,,,,,,,,,,,,,,,,,,,,,,,,,,,,,,,,,
ETKn5XFS9cQU7H1QyFTM99264tTLPLB3fmXPSXS9apMe,launch-window,1783652584,2026-07-10T03:03:04+00:00,41.81582,1783652584,2026-07-10T03:03:04+00:00,60214.783,1,1,588373.096751,588373.096751,0.0,0.100000001,0.130874401,7.89600007896,10.31421154281,trojan,,,2,1.82566823781,0.0,0,0,0,0,0,0,0,0,0,0,0,0,0,0,0,0,0,0,0,0,0,0,0,0,False,0.0,False,,,,,,,,,,,,,,,,,,,,,,,,,,,,,,,,,,,,,,,,,
7SDG2vyv3avA6te2BzUAZ2pSzRRrMKeazaueAyy6q9na,launch-window,1783652255,2026-07-10T02:57:35+00:00,41.81963,1783652255,2026-07-10T02:57:35+00:00,60220.267,1,1,824380.0,824380.0,0.0,0.099897826,0.124543294,7.90291701486,9.8451473907,,,,2,1.73321064828,0.0,0,0,0,0,0,0,0,0,0,0,0,0,0,0,0,0,0,0,0,0,0,0,0,0,False,0.0,False,,,,,,,,,,,,,,,,,,,,,,,,,,,,,,,,,,,,,,,,,
33dJaZUmstkqZ1JmawbiQ8xoryc5ZkjWswg99dKxLWTS,old-holder,1783654160,2026-07-10T03:29:20+00:00,41.79758,1783654160,2026-07-10T03:29:20+00:00,60188.517,1,1,973190.307385,973190.307385,0.0,0.09934459,0.133304822,7.8412684887,10.5244156969,,,,2,2.4960426043,0.0,0,0,0,0,0,0,0,0,0,0,0,0,0,0,0,0,0,0,0,0,0,0,0,0,False,0.0,False,,,,,,,,,,,,,,,,,,,,,,,,,,,,,,,,,,,,,,,,,
Dq3jd3ZpPHzspQWhnoi6hFELVyTcpRDHTMduaPvXpjZ8,launch-window,1783652255,2026-07-10T02:57:35+00:00,41.81963,1783652255,2026-07-10T02:57:35+00:00,60220.267,1,1,824380.0,824380.0,0.0,0.099103665,0.101883196,7.84009093815,8.04265949224,gmgn,,,2,0.01129201215,0.0,0,0,0,0,0,0,0,0,0,0,0,0,0,0,0,0,0,0,0,0,0,0,0,0,False,0.0,False,,,,,,,,,,,,,,,,,,,,,,,,,,,,,,,,,,,,,,,,,
A155GZTHxHwNFSYVXxhVh4w4B67VnMkypotdKKK9DAfh,launch-window,1783652250,2026-07-10T02:57:30+00:00,41.81969,1783652250,2026-07-10T02:57:30+00:00,60220.35,1,1,873706.0,873706.0,0.0,0.099089135,0.091107419,7.8379505785,7.19110858167,,bundler,,2,-0.82282072509,0.0,0,0,0,0,0,0,0,0,0,0,0,0,0,0,0,0,0,0,0,0,0,0,0,0,True,0.0,False,,,,,,,,,,,,,,,,,,,,,,,,,,,,,,,,,,,,,,,,,
GW9XLf7RgMoE4gsxn5J3sirHKmSomY3ar8aeR8NzvrXE,launch-window,1783652240,2026-07-10T02:57:20+00:00,41.8198,1783652240,2026-07-10T02:57:20+00:00,60220.517,1,1,1259667.20661,1259667.20661,0.0,0.098765431,0.179029696,7.81135793779,14.15766835968,gmgn,bundler,,2,5.93119071977,0.0,0,0,0,0,0,0,0,0,0,0,0,0,0,0,0,0,0,0,0,0,0,0,0,0,True,0.0,False,,,,,,,,,,,,,,,,,,,,,,,,,,,,,,,,,,,,,,,,,
BEMSPT77kR92qxNzqhF6dc5w2nT2uKWAm7cc1N8rzbNa,launch-window,1783652282,2026-07-10T02:58:02+00:00,41.81932,1783652282,2026-07-10T02:58:02+00:00,60219.817,1,1,660847.311982,660847.311982,0.0,0.098765431,0.163408957,7.8123455921,12.8766258116,fresh_wallet,,,2,4.7548841316,0.0,0,0,0,0,0,0,0,0,0,0,0,0,0,0,0,0,0,0,0,0,0,0,0,0,False,0.0,False,,,,,,,,,,,,,,,,,,,,,,,,,,,,,,,,,,,,,,,,,
B5RjqtvC5xRHUZPcwqArTxJPTArg7Hk1pqYn9HCqDKrm,launch-window,1783652314,2026-07-10T02:58:34+00:00,41.81895,1783652314,2026-07-10T02:58:34+00:00,60219.283,1,1,697664.046375,697664.046375,0.0,0.098765431,0.09282695,7.81135793779,7.3379703975,,,,2,-0.66675004478,0.0,0,0,0,0,0,0,0,0,0,0,0,0,0,0,0,0,0,0,0,0,0,0,0,0,False,0.0,False,,,,,,,,,,,,,,,,,,,,,,,,,,,,,,,,,,,,,,,,,
RUbKYj2Z6SRRc1ckEm52fXahdhK5AUvdpnajB598888,launch-window,1783652323,2026-07-10T02:58:43+00:00,41.81884,1783652323,2026-07-10T02:58:43+00:00,60219.133,1,1,671106.866258,671106.866258,0.0,0.098765431,0.110336406,7.81037028348,8.72540298648,gmgn,,,2,0.5887454598,0.0,0,0,0,0,0,0,0,0,0,0,0,0,0,0,0,0,0,0,0,0,0,0,0,0,False,0.0,False,,,,,,,,,,,,,,,,,,,,,,,,,,,,,,,,,,,,,,,,,
DqgGPRtAHiM1UFWijbLXBcMJuc1KsfhYAQUrBStXJfMB,launch-window,1783652479,2026-07-10T03:01:19+00:00,41.81704,1783652479,2026-07-10T03:01:19+00:00,60216.533,1,1,629659.518443,629659.518443,0.0,0.098765431,0.087998296,7.80543201193,6.94570550328,,,,2,-1.13652243919,0.0,0,0,0,0,0,0,0,0,0,0,0,0,0,0,0,0,0,0,0,0,0,0,0,0,False,0.0,False,,,,,,,,,,,,,,,,,,,,,,,,,,,,,,,,,,,,,,,,,
6DPuSdK1VrgAPtBQWW35HEUZofh6cLFwDQWyLsdDazLT,launch-window,1783652829,2026-07-10T03:07:09+00:00,41.81299,1783652829,2026-07-10T03:07:09+00:00,60210.7,1,1,509284.860178,509284.860178,0.0,0.098765431,0.02239498,7.78370361711,1.7689794702,,,,2,-6.19877343474,0.0,0,0,0,0,0,0,0,0,0,0,0,0,0,0,0,0,0,0,0,0,0,0,0,0,False,0.0,False,,,,,,,,,,,,,,,,,,,,,,,,,,,,,,,,,,,,,,,,,
CpqeNWdtFg9aZTWbriMrNTKdPjXVF6HEHKa3n78KyLN9,old-holder,1783652881,2026-07-10T03:08:01+00:00,41.81238,1783652881,2026-07-10T03:08:01+00:00,60209.833,1,1,451483.635496,451483.635496,0.0,0.098765431,0.074623001,7.78469127142,5.8802924788,photon,,,2,-2.1674189944,0.0,0,0,0,0,0,0,0,0,0,0,0,0,0,0,0,0,0,0,0,0,0,0,0,0,False,0.0,False,,,,,,,,,,,,,,,,,,,,,,,,,,,,,,,,,,,,,,,,,
EKzGSYsUJhFrZNSVK8h4f3dPfNQyfoCKMcMrBkaXVtTk,old-holder,1783652886,2026-07-10T03:08:06+00:00,41.81233,1783652886,2026-07-10T03:08:06+00:00,60209.75,1,1,449365.59756,449365.59756,0.0,0.098765431,0.112298215,7.78469127142,8.84797635985,fresh_wallet,,,2,0.80593068976,0.0,0,0,0,0,0,0,0,0,0,0,0,0,0,0,0,0,0,0,0,0,0,0,0,0,False,0.0,False,,,,,,,,,,,,,,,,,,,,,,,,,,,,,,,,,,,,,,,,,
58rDi4mHQPwPNAk5NYjuVkuSA8BwxTHVZPQP2Xj9AmAm,old-holder,1783652952,2026-07-10T03:09:12+00:00,41.81156,1783652952,2026-07-10T03:09:12+00:00,60208.65,1,1,426477.770596,426477.770596,0.0,0.098765431,0.12178622,7.78469127142,9.5991898604,fresh_wallet,,,2,1.50498048862,0.0,0,0,0,0,0,0,0,0,0,0,0,0,0,0,0,0,0,0,0,0,0,0,0,0,False,0.0,False,,,,,,,,,,,,,,,,,,,,,,,,,,,,,,,,,,,,,,,,,
HnZ5fUWWZtwJLNNsEh3XH89eu8JvMNMRRZNHToZGfC2i,old-holder,1783652978,2026-07-10T03:09:38+00:00,41.81126,1783652978,2026-07-10T03:09:38+00:00,60208.217,1,1,440303.212937,440303.212937,0.0,0.098765431,0.128059477,7.78370361711,10.09364797714,,,,2,1.99426370624,0.0,0,0,0,0,0,0,0,0,0,0,0,0,0,0,0,0,0,0,0,0,0,0,0,0,False,0.0,False,,,,,,,,,,,,,,,,,,,,,,,,,,,,,,,,,,,,,,,,,
ULcF5vpWUAMmG9LMir8B6oN1fkdqbRUYrUBRGun4t9A,old-holder,1783653073,2026-07-10T03:11:13+00:00,41.81016,1783653073,2026-07-10T03:11:13+00:00,60206.633,1,1,387877.707824,387877.707824,0.0,0.098765431,0.110468081,7.78172830849,8.70267542118,,,,2,0.7100295131,0.0,0,0,0,0,0,0,0,0,0,0,0,0,0,0,0,0,0,0,0,0,0,0,0,0,False,0.0,False,,,,,,,,,,,,,,,,,,,,,,,,,,,,,,,,,,,,,,,,,
ERFrLAqf8wz75BeLftSo2efNQB9SicBJMP9f7DJk941J,old-holder,1783653273,2026-07-10T03:14:33+00:00,41.80785,1783653273,2026-07-10T03:14:33+00:00,60203.3,1,2,382310.075392,382310.075392,0.0,0.098765431,0.10241183,7.78765423435,8.06416922162,,,,3,-0.05989203973,0.0,0,0,0,0,0,0,0,0,0,0,0,0,0,0,0,0,0,0,0,0,0,0,0,0,False,0.0,False,,,,,,,,,,,,,,,,,,,,,,,,,,,,,,,,,,,,,,,,,
6qKJYs7zdu9MM3Y1SD2z6pePAXSpd8jQCVHbVGqEyXsN,old-holder,1783653822,2026-07-10T03:23:42+00:00,41.80149,1783653822,2026-07-10T03:23:42+00:00,60194.15,1,1,522777.944257,522777.944257,0.0,0.098765431,0.039321265,7.78370361711,3.10834599825,padre,,,2,-5.7114911292,0.0,0,0,0,0,0,0,0,0,0,0,0,0,0,0,0,0,0,0,0,0,0,0,0,0,False,0.0,False,,,,,,,,,,,,,,,,,,,,,,,,,,,,,,,,,,,,,,,,,
35ckQhC7GZLysXw6ZhqN8LfcKHTk6GD8c4jRf4ihyMiz,old-holder,1783655092,2026-07-10T03:44:52+00:00,41.78679,1783655092,2026-07-10T03:44:52+00:00,60172.983,1,1,787292.165427,787292.165427,0.0,0.098765431,0.062743921,7.80049374038,4.95363256295,,,,2,-3.09867697205,0.0,0,0,0,0,0,0,0,0,0,0,0,0,0,0,0,0,0,0,0,0,0,0,0,0,False,0.0,False,,,,,,,,,,,,,,,,,,,,,,,,,,,,,,,,,,,,,,,,,
2J33fEjF5H2JaGn5mgnu6PKj54VR1NPcatUrwvvUgE3z,old-holder,1783655591,2026-07-10T03:53:11+00:00,41.78102,1783655591,2026-07-10T03:53:11+00:00,60164.667,1,1,869716.491043,869716.491043,0.0,0.098765431,0.088515566,7.79950608607,6.98741878004,gmgn,,,2,-1.13290542753,0.0,0,0,0,0,0,0,0,0,0,0,0,0,0,0,0,0,0,0,0,0,0,0,0,0,False,0.0,False,,,,,,,,,,,,,,,,,,,,,,,,,,,,,,,,,,,,,,,,,
4pEL3ZgkxaGruqD9ycTjtznYJHPuL5sFRjjAA8SH2D8q,old-holder,1783653824,2026-07-10T03:23:44+00:00,41.80147,1783653828,2026-07-10T03:23:48+00:00,60194.05,2,1,542075.8405830001,542075.840583,1.1641532182693481e-10,0.09876543,0.053139164,7.7846911926,4.19214864796,fresh_wallet,,,3,-3.88062337453,0.0,0,0,0,0,0,0,0,0,0,0,0,0,0,0,0,0,0,0,0,0,0,0,0,0,False,0.0,False,,,,,,,,,,,,,,,,,,,,,,,,,,,,,,,,,,,,,,,,,
EDgJBiTNxNEKF4YyoJKBFuDUEmhCFLNUCjU9VRQHH8pQ,old-holder,1783653018,2026-07-10T03:10:18+00:00,41.8108,1783653018,2026-07-10T03:10:18+00:00,60207.55,1,1,346439.792086,346439.792086,0.0,0.098271604,0.025630407,7.74085424708,2.02198280823,,,,2,-6.15701534886,0.0,0,0,0,0,0,0,0,0,0,0,0,0,0,0,0,0,0,0,0,0,0,0,0,0,False,0.0,False,,,,,,,,,,,,,,,,,,,,,,,,,,,,,,,,,,,,,,,,,
34vW2S8hX4mL4ETEabiDE7N3GtcPUxz3JhQAi2TMiAta,launch-window,1783652295,2026-07-10T02:58:15+00:00,41.81917,1783652295,2026-07-10T02:58:15+00:00,60219.6,1,1,652862.886952,652862.886952,0.0,0.097777777,0.097241993,7.73226660516,7.69086922637,"axiom,gmgn",,,2,-0.20452503382,0.0,0,0,0,0,0,0,0,0,0,0,0,0,0,0,0,0,0,0,0,0,0,0,0,0,False,0.0,False,,,,,,,,,,,,,,,,,,,,,,,,,,,,,,,,,,,,,,,,,
FS8xLqFAF86eFbvBSmTxF3Maxtcwibob3bmm2geT6i8a,launch-window,1783652573,2026-07-10T03:02:53+00:00,41.81595,1783652573,2026-07-10T03:02:53+00:00,60214.967,1,1,606807.525571,606807.525571,0.0,0.097777777,0.133664571,7.72151104969,10.53410484051,"axiom,bullx",,,2,2.60050928515,0.0,0,0,0,0,0,0,0,0,0,0,0,0,0,0,0,0,0,0,0,0,0,0,0,0,False,0.0,False,,,,,,,,,,,,,,,,,,,,,,,,,,,,,,,,,,,,,,,,,
84yA12GGSzxH5kRJKPVspdty45wZbKew4pVTe5aq54gU,old-holder,1783653009,2026-07-10T03:10:09+00:00,41.8109,1783653009,2026-07-10T03:10:09+00:00,60207.7,1,1,377343.343376,377343.343376,0.0,0.097777777,0.044378343,7.7048888276,3.49834477869,axiom,,,2,-4.35277648596,0.0,0,0,0,0,0,0,0,0,0,0,0,0,0,0,0,0,0,0,0,0,0,0,0,0,False,0.0,False,,,,,,,,,,,,,,,,,,,,,,,,,,,,,,,,,,,,,,,,,
58px5sEuwqmssfPuAjm8ALSE3gfiXLLaeC4LTGP1rdAu,old-holder,1783653121,2026-07-10T03:12:01+00:00,41.80961,1783653121,2026-07-10T03:12:01+00:00,60205.833,1,1,447514.84713,447514.84713,0.0,0.097777777,0.054892015,7.71075549422,4.32713754245,axiom,,,2,-3.51492961256,0.0,0,0,0,0,0,0,0,0,0,0,0,0,0,0,0,0,0,0,0,0,0,0,0,0,False,0.0,False,,,,,,,,,,,,,,,,,,,,,,,,,,,,,,,,,,,,,,,,,
HAXPiAuYfvaymypj1MGM9E5aw6SfSkMHSEbw6DsmqWKk,old-holder,1783653143,2026-07-10T03:12:23+00:00,41.80935,1783653143,2026-07-10T03:12:23+00:00,60205.467,1,1,457900.655291,457900.655291,0.0,0.097777777,0.109709775,7.70879993868,8.649518661,axiom,,,2,0.78444719892,0.0,0,0,0,0,0,0,0,0,0,0,0,0,0,0,0,0,0,0,0,0,0,0,0,0,False,0.0,False,,,,,,,,,,,,,,,,,,,,,,,,,,,,,,,,,,,,,,,,,
J5ZMciRpMsd4RmNXSVQq9zeoeFQP4J1b6reMrs6DbRTg,old-holder,1783653386,2026-07-10T03:16:26+00:00,41.80654,1783653386,2026-07-10T03:16:26+00:00,60201.417,1,1,361576.505176,361576.505176,0.0,0.097777777,0.058672646,7.70391104983,4.62281777834,axiom,,,2,-3.23680437269,0.0,0,0,0,0,0,0,0,0,0,0,0,0,0,0,0,0,0,0,0,0,0,0,0,0,False,0.0,False,,,,,,,,,,,,,,,,,,,,,,,,,,,,,,,,,,,,,,,,,
75xCtYfPQb4ouzCdp1n8xZoveVZfngj28cnF1zY7p6bc,old-holder,1783653766,2026-07-10T03:22:46+00:00,41.80214,1783653766,2026-07-10T03:22:46+00:00,60195.083,1,1,639040.416414,639040.416414,0.0,0.097777777,0.119545511,7.7048888276,9.42257717702,"axiom,bullx,gmgn,padre,photon,trojan",,,2,1.5085933459,0.0,0,0,0,0,0,0,0,0,0,0,0,0,0,0,0,0,0,0,0,0,0,0,0,0,False,0.0,False,,,,,,,,,,,,,,,,,,,,,,,,,,,,,,,,,,,,,,,,,
4h84iS6TUmsxGkPgHAV3TAWB468wtggpaHp3kNhattU8,old-holder,1783653885,2026-07-10T03:24:45+00:00,41.80076,1783653885,2026-07-10T03:24:45+00:00,60193.1,1,1,1493865.442008,1493865.442008,0.0,0.097777777,0.110757116,7.70879993868,8.75978030444,axiom,bundler,,2,0.85544176263,0.0,0,0,0,0,0,0,0,0,0,0,0,0,0,0,0,0,0,0,0,0,0,0,0,0,False,0.0,False,,,,,,,,,,,,,,,,,,,,,,,,,,,,,,,,,,,,,,,,,
26aghMXxdpkhJbhZ23ABnsJjF3WbEBmz3nKSGa9tDdaJ,launch-window,1783652266,2026-07-10T02:57:46+00:00,41.8195,1783652311,2026-07-10T02:58:31+00:00,60219.333,2,1,738305.0456310001,738305.045631,1.1641532182693481e-10,0.097777776,0.095563725,7.7342220816000005,7.5514455495,axiom,,,3,-0.33491056222,0.0,0,0,0,0,0,0,0,0,0,0,0,0,0,0,0,0,0,0,0,0,0,0,0,0,False,0.0,False,,,,,,,,,,,,,,,,,,,,,,,,,,,,,,,,,,,,,,,,,
6iwVDep9uV8e1fW3ucCad9XryVeyHbv57TZPgcaubWEg,old-holder,1783653086,2026-07-10T03:11:26+00:00,41.81001,1783653145,2026-07-10T03:12:25+00:00,60205.433,2,1,436731.83767100004,436731.837671,5.820766091346741e-11,0.097777776,0.115500512,7.7083109709599995,9.1072153712,"axiom,fresh_wallet",,,3,1.17372055034,0.0,0,0,0,0,0,0,0,0,0,0,0,0,0,0,0,0,0,0,0,0,0,0,0,0,False,0.0,False,,,,,,,,,,,,,,,,,,,,,,,,,,,,,,,,,,,,,,,,,
5GpVCJoc3c3SGioRG6q93Atx267sJ1GCbBnnAQaD85Bs,old-holder,1783652925,2026-07-10T03:08:45+00:00,41.81188,1783652925,2026-07-10T03:08:45+00:00,60209.1,1,1,446782.673011,446782.673011,0.0,0.0976478,0.122103782,7.695623118,9.62666217288,,,,2,1.70132558679,0.0,0,0,0,0,0,0,0,0,0,0,0,0,0,0,0,0,0,0,0,0,0,0,0,0,False,0.0,False,,,,,,,,,,,,,,,,,,,,,,,,,,,,,,,,,,,,,,,,,
5XntbP9P7GRv8k3nuXXuyBUMCwkheVuSFctShLfHJSLL,old-holder,1783679422,2026-07-10T10:30:22+00:00,41.5052,1783679422,2026-07-10T10:30:22+00:00,59767.483,1,1,1787857.300356,1787857.300356,0.0,0.09564066,0.065657679,7.6139529426,5.22569467161,gmgn,bundler,,2,-2.52726938538,0.0,0,0,0,0,0,0,0,0,0,0,0,0,0,0,0,0,0,0,0,0,0,0,0,0,False,0.0,False,,,,,,,,,,,,,,,,,,,,,,,,,,,,,,,,,,,,,,,,,
8Q34wfkbppdM9iumPvgYxrXW66gprYv3auyGTZne1dZu,launch-window,1783652255,2026-07-10T02:57:35+00:00,41.81963,1783652255,2026-07-10T02:57:35+00:00,60220.267,1,1,848673.037105,848673.037105,0.0,0.095455415,0.121153328,7.55147788065,9.58080517824,,bundler,,2,1.80250358406,0.0,0,0,0,0,0,0,0,0,0,0,0,0,0,0,0,0,0,0,0,0,0,0,0,0,True,0.0,False,,,,,,,,,,,,,,,,,,,,,,,,,,,,,,,,,,,,,,,,,
95cS1UrM5TbvsT4pEvdN5UAz3s4XVNiuXXxRQTakf8f3,launch-window,1783652267,2026-07-10T02:57:47+00:00,41.81949,1783652267,2026-07-10T02:57:47+00:00,60220.067,1,1,753434.727925,753434.727925,0.0,0.094587689,0.105859601,7.48283207679,8.35549830693,,bundler,,2,0.71398981359,0.0,0,0,0,0,0,0,0,0,0,0,0,0,0,0,0,0,0,0,0,0,0,0,0,0,True,0.0,False,,,,,,,,,,,,,,,,,,,,,,,,,,,,,,,,,,,,,,,,,
4gT3NDMFkuhmRpdrMSVvqTnftUN8mxG1Gc9Qx61CwKd9,launch-window,1783652273,2026-07-10T02:57:53+00:00,41.81942,1783653115,2026-07-10T03:11:55+00:00,60205.933,3,3,571169.297124,571169.297124,0.0,0.093175435,0.091364023,7.3623590208900005,7.21554961338,paper_hands,,,6,-0.33619324995,0.0,0,0,0,0,0,0,0,0,0,0,0,0,0,0,0,0,0,0,0,0,0,0,0,0,False,0.0,False,,,,,,,,,,,,,,,,,,,,,,,,,,,,,,,,,,,,,,,,,
26RZ4Xrd4sqa3Jm3kWkiTYa1s9GzZu8srZ6EG7WEzBTg,old-holder,1783653878,2026-07-10T03:24:38+00:00,41.80084,1783653878,2026-07-10T03:24:38+00:00,60193.217,1,1,616278.601881,616278.601881,0.0,0.091070026,0.046399702,7.17905014958,3.66047249078,,,,2,-3.66037760553,0.0,0,0,0,0,0,0,0,0,0,0,0,0,0,0,0,0,0,0,0,0,0,0,0,0,False,0.0,False,,,,,,,,,,,,,,,,,,,,,,,,,,,,,,,,,,,,,,,,,
5dMZauzF92W8qcieCSs9cG9xsqZ5K3jsyS8uH4ZaPS1y,old-holder,1783653098,2026-07-10T03:11:38+00:00,41.80987,1783653098,2026-07-10T03:11:38+00:00,60206.217,1,1,356992.737924,356992.737924,0.0,0.088,0.01134752,6.93792,0.8900994688,axiom,,,7,-48.38948151265,0.0,0,0,0,0,0,0,0,0,0,0,0,0,0,0,0,0,0,0,0,0,0,0,0,0,False,0.0,False,,,,,,,,,,,,,,,,,,,,,,,,,,,,,,,,,,,,,,,,,
D2EMtpL4NvmPxoR1qEan394k2K22qPG2nc6awYTyj9N6,old-holder,1783653128,2026-07-10T03:12:08+00:00,41.80953,1783653128,2026-07-10T03:12:08+00:00,60205.717,1,1,410823.716266,410823.713769,0.0024969999794848263,0.088,0.095303671,6.9388,7.51374142164,axiom,,,2,0.4359866108177842,0.0,0,0,0,0,0,0,0,0,0,0,0,0,0,0,0,0,0,0,0,0,0,0,0,0,False,0.0,False,,,,,,,,,,,,,,,,,,,,,,,,,,,,,,,,,,,,,,,,,
FCW9vTsYBzF2fLm5F3adtiRo1BDQtVjKJ5S7fwT3N99n,old-holder,1783654743,2026-07-10T03:39:03+00:00,41.79083,1783659884,2026-07-10T05:04:44+00:00,60093.117,4,0,1179903.541455,0,1179903.541455,0.08632871,0,6.81888238465,0,fresh_wallet,,,42,262.5505411606062,0.0,0,0,0,0,0,0,0,0,0,0,0,0,0,0,0,0,0,0,0,0,0,0,0,0,False,0.0,False,,,,,,,,,,,,,,,,,,,,,,,,,,,,,,,,,,,,,,,,,
BWarCL6BDvaWkPE7VwTkQJbuupVW6ULLFUYHnvYDFE8x,launch-window,1783652397,2026-07-10T02:59:57+00:00,41.81799,1783652670,2026-07-10T03:04:30+00:00,60213.35,2,3,534390.138774,534390.138774,0.0,0.078222222,0.094490144,6.177991093559999,7.45106266027,"axiom,fresh_wallet",,,5,1.10216235698,0.0,0,0,0,0,0,0,0,0,0,0,0,0,0,0,0,0,0,0,0,0,0,0,0,0,False,0.0,False,,,,,,,,,,,,,,,,,,,,,,,,,,,,,,,,,,,,,,,,,
GPNasA5C5BE64Vquf5Rk2qZ86T8jTp8gQM3uJPFHPadD,launch-window,1783652660,2026-07-10T03:04:20+00:00,41.81494,1783654302,2026-07-10T03:31:42+00:00,60186.15,2,2,568250.7514869999,566783.644921,1467.106565999915,0.07454331,0.051348115,5.87872784465,4.05315248935,,,,8,-1.893883506661829,0.0,0,0,0,0,0,0,0,0,0,0,0,0,0,0,0,0,0,0,0,0,0,0,0,0,False,0.0,False,,,,,,,,,,,,,,,,,,,,,,,,,,,,,,,,,,,,,,,,,
zFASXrsoHZQJqPekUwHp4YS35XBWUiNDvmdo24nYKZp,old-holder,1783653033,2026-07-10T03:10:33+00:00,41.81063,1783653033,2026-07-10T03:10:33+00:00,60207.3,1,0,246273.232148,0,246273.232148,0.072582003,0,5.71583273625,0,,,,1,0.0,0.0,0,0,0,0,0,0,0,0,0,0,0,0,0,0,0,0,0,0,0,0,0,0,0,0,False,0.0,False,,,,,,,,,,,,,,,,,,,,,,,,,,,,,,,,,,,,,,,,,
AAXcjwxqkEy54otZpKbXexQ2yiQcuSeDVEsFiKDB5Ugc,old-holder,1783659952,2026-07-10T05:05:52+00:00,41.73054,1783659952,2026-07-10T05:05:52+00:00,60091.983,1,1,1473779.917867,1473779.917867,0.0,0.071705092,0.046931548,5.66326816616,3.70712297652,,,,2,-2.09504985995,0.0,0,0,0,0,0,0,0,0,0,0,0,0,0,0,0,0,0,0,0,0,0,0,0,0,False,0.0,False,,,,,,,,,,,,,,,,,,,,,,,,,,,,,,,,,,,,,,,,,
9aitUhKGzisVtZcg2kQd6hTmAq8mfbMtN2cJe6Jn6g1M,launch-window,1783652311,2026-07-10T02:58:31+00:00,41.81898,1783652900,2026-07-10T03:08:20+00:00,60209.517,6,3,418499.069489,418499.069489,0.0,0.070399998,0.070984098,5.5592531754,5.60316346416,axiom,,,9,-0.07279206306,0.0,0,0,0,0,0,0,0,0,0,0,0,0,0,0,0,0,0,0,0,0,0,0,0,0,False,0.0,False,,,,,,,,,,,,,,,,,,,,,,,,,,,,,,,,,,,,,,,,,
7VfwmDjupqmU6zCaa8rT5PahhiZC7bwzT2Tn9YqkYcLx,old-holder,1783652877,2026-07-10T03:07:57+00:00,41.81243,1783653618,2026-07-10T03:20:18+00:00,60197.55,4,1,284663.245933,284663.245933,0.0,0.068444443,0.023057615,5.39501588616,1.81901524735,"axiom,padre",,,5,-3.64650494884,0.0,0,0,0,0,0,0,0,0,0,0,0,0,0,0,0,0,0,0,0,0,0,0,0,0,False,0.0,False,,,,,,,,,,,,,,,,,,,,,,,,,,,,,,,,,,,,,,,,,
7JZcLK71pc6FE8utoM4NnSGzjKRRtNwTNvuPyyrLEiUR,old-holder,1783653094,2026-07-10T03:11:34+00:00,41.80992,1783653769,2026-07-10T03:22:49+00:00,60195.033,7,0,314184.10059399996,0,314184.10059399996,0.068444439,0,5.39547512637,0,axiom,,,44,163.8565811211762,0.0,0,0,0,0,0,0,0,0,0,0,0,0,0,0,0,0,0,0,0,0,0,0,0,0,False,0.0,False,,,,,,,,,,,,,,,,,,,,,,,,,,,,,,,,,,,,,,,,,
4dVoG61s4rsf2p8wS2kz18zUCQdaQLymh2rYRZJSRuYE,old-holder,1783653400,2026-07-10T03:16:40+00:00,41.80638,1783653400,2026-07-10T03:16:40+00:00,60201.183,1,1,237397.109011,237397.109011,0.0,0.062908866,0.021245928,4.9572186408,1.6805529048,,,,2,-3.5006715359,0.0,0,0,0,0,0,0,0,0,0,0,0,0,0,0,0,0,0,0,0,0,0,0,0,0,False,0.0,False,,,,,,,,,,,,,,,,,,,,,,,,,,,,,,,,,,,,,,,,,
B7NcrnJ2tKGxzPP3vfNSsGfXNm2wZXo4WAShrfDdwK91,old-holder,1783801744,2026-07-11T20:29:04+00:00,40.08943,1783801744,2026-07-11T20:29:04+00:00,57728.783,1,1,1826861.938819,1826861.938819,0.0,0.062644008,0.054205779,4.89938786568,4.18685436996,fresh_wallet,top_holder,,2,-0.80550607356,0.0,0,0,0,0,0,0,0,0,0,0,0,0,0,0,0,0,0,0,0,0,0,0,0,0,False,0.0,False,,,,,,,,,,,,,,,,,,,,,,,,,,,,,,,,,,,,,,,,,
FTgKuyMoLcv4SZEsBLmnHTeV7oYcwxYyHv7yy3ZKdWNG,old-holder,1783653048,2026-07-10T03:10:48+00:00,41.81045,1783653048,2026-07-10T03:10:48+00:00,60207.05,1,1,221193.637973,221193.637973,0.0,0.062228319,0.007752499,4.89985783806,0.61446307074,,,,2,-4.34427842086,0.0,0,0,0,0,0,0,0,0,0,0,0,0,0,0,0,0,0,0,0,0,0,0,0,0,False,0.0,False,,,,,,,,,,,,,,,,,,,,,,,,,,,,,,,,,,,,,,,,,
AGbqwcKyEwmQ1qZzybEzZN9R2YnHQ9FrFbMjstCsC6xU,launch-window,1783652248,2026-07-10T02:57:28+00:00,41.81971,1783653889,2026-07-10T03:24:49+00:00,60193.033,2,3,644861.236813,644861.236813,0.0,0.061081533,0.065568482,4.8235824783600005,5.16866406278,,,,5,0.20780232491,0.0,0,0,0,0,0,0,0,0,0,0,0,0,0,0,0,0,0,0,0,0,0,0,0,0,False,0.0,False,,,,,,,,,,,,,,,,,,,,,,,,,,,,,,,,,,,,,,,,,
2EBrCnTvUzvMKnMrNZPtDMFcLYeikJsHpJBUFjP98Pwd,old-holder,1783679266,2026-07-10T10:27:46+00:00,41.507,1783679266,2026-07-10T10:27:46+00:00,59770.083,1,1,1703250.0616,1703250.0616,0.0,0.060603883,0.052594567,4.82103889265,4.11184324806,,,,2,-0.9846627649,0.0,0,0,0,0,0,0,0,0,0,0,0,0,0,0,0,0,0,0,0,0,0,0,0,0,False,0.0,False,,,,,,,,,,,,,,,,,,,,,,,,,,,,,,,,,,,,,,,,,
7nUGn4xQmK2yMvqj4F85P6y8ojn7KGJuFvDJBVpC6mMJ,launch-window,1783652733,2026-07-10T03:05:33+00:00,41.8141,1783652733,2026-07-10T03:05:33+00:00,60212.3,1,1,359090.538415,359090.538415,0.0,0.059757162,0.066744316,4.7118522237,5.26011954396,,,,2,0.42036542129,0.0,0,0,0,0,0,0,0,0,0,0,0,0,0,0,0,0,0,0,0,0,0,0,0,0,False,0.0,False,,,,,,,,,,,,,,,,,,,,,,,,,,,,,,,,,,,,,,,,,
3pMCmFe98jH4c4ShL9S4z6g1dWspsiwbBQPH8aQz6mg8,launch-window,1783652776,2026-07-10T03:06:16+00:00,41.8136,1783653772,2026-07-10T03:22:52+00:00,60194.983,6,1,329380.838079,329380.838079,0.0,0.059259252,0.032551726,4.67041918096,2.56800566414,axiom,,,7,-2.51567996908,0.0,0,0,0,0,0,0,0,0,0,0,0,0,0,0,0,0,0,0,0,0,0,0,0,0,False,0.0,False,,,,,,,,,,,,,,,,,,,,,,,,,,,,,,,,,,,,,,,,,
HzpqZ6hawJrBvigACpGsivvdH3JbwSnhEtgKped2PE5B,old-holder,1783660142,2026-07-10T05:09:02+00:00,41.72834,1783660142,2026-07-10T05:09:02+00:00,60088.817,1,1,1181990.028429,1181990.028429,0.0,0.058903702,0.05479905,4.65280342098,4.3274809785,trojan,,,2,-0.58053000283,0.0,0,0,0,0,0,0,0,0,0,0,0,0,0,0,0,0,0,0,0,0,0,0,0,0,False,0.0,False,,,,,,,,,,,,,,,,,,,,,,,,,,,,,,,,,,,,,,,,,
pn5cdDRZV5oop1XYamW5BC47sNdeH2e67DCxXdhD9Zs,launch-window,1783652243,2026-07-10T02:57:23+00:00,41.81977,1783652243,2026-07-10T02:57:23+00:00,60220.467,1,1,628457.416683,628457.416683,0.0,0.058666666,0.094177609,4.6405332806,7.45039064799,axiom,bundler,,2,2.68550043031,0.0,0,0,0,0,0,0,0,0,0,0,0,0,0,0,0,0,0,0,0,0,0,0,0,0,True,0.0,False,,,,,,,,,,,,,,,,,,,,,,,,,,,,,,,,,,,,,,,,,
5veTCy9eDaL66LqABfpywN6jr1s7zaXP4uit8sMRAaHA,launch-window,1783652251,2026-07-10T02:57:31+00:00,41.81968,1783656428,2026-07-10T04:07:08+00:00,60150.717,8,8,538570.735159,538570.735159,0.0,0.058285330999999996,0.05955169,4.60053402311,4.70149154216,"gmgn,paper_hands",,,16,-0.05608325829,0.0,0,0,0,0,0,0,0,0,0,0,0,0,0,0,0,0,0,0,0,0,0,0,0,0,False,0.0,False,,,,,,,,,,,,,,,,,,,,,,,,,,,,,,,,,,,,,,,,,
FZ8yTKQxBYf29VELRWxAkd8avHPB1wFxtfwvKbH9SGur,launch-window,1783652240,2026-07-10T02:57:20+00:00,41.8198,1783652240,2026-07-10T02:57:20+00:00,60220.517,1,3,635821.892941,635821.892941,0.0,0.05390123,0.085788679,4.263587293,6.78577676069,,bundler,,4,2.38400466172,0.0,0,0,0,0,0,0,0,0,0,0,0,0,0,0,0,0,0,0,0,0,0,0,0,0,True,0.0,False,,,,,,,,,,,,,,,,,,,,,,,,,,,,,,,,,,,,,,,,,
FLu2p3t2rdTJ43bDXq39wkmRoGVHz4uyxGB2xPMTb7wQ,old-holder,1783654292,2026-07-10T03:31:32+00:00,41.79605,1783654292,2026-07-10T03:31:32+00:00,60186.317,1,1,373124.0606,373124.0606,0.0,0.051423633,0.040756809,4.05063957141,3.22060304718,fresh_wallet,,,2,-0.90732672228,0.0,0,0,0,0,0,0,0,0,0,0,0,0,0,0,0,0,0,0,0,0,0,0,0,0,False,0.0,False,,,,,,,,,,,,,,,,,,,,,,,,,,,,,,,,,,,,,,,,,
DAKny1vAw5urxwoXRvM1uGtpQaGtk5mz1QVBNsYxwno2,old-holder,1783653210,2026-07-10T03:13:30+00:00,41.80858,1783653210,2026-07-10T03:13:30+00:00,60204.35,1,1,219632.229858,219632.229858,0.0,0.051358023,0.058782624,4.04906653332,4.63089511872,,,,4,-6.12852503253,0.0,0,0,0,0,0,0,0,0,0,0,0,0,0,0,0,0,0,0,0,0,0,0,0,0,False,0.0,False,,,,,,,,,,,,,,,,,,,,,,,,,,,,,,,,,,,,,,,,,
2CN5zoWLLy591WSkLn4vw2qUkatnkWyU2rg7djN8HWeD,old-holder,1783656770,2026-07-10T04:12:50+00:00,41.76737,1783656770,2026-07-10T04:12:50+00:00,60145.017,1,1,937940.705686,937940.705686,0.0,0.050060424,0.035836137,3.9572765172,2.83177154574,,,,2,-1.52729865837,0.0,0,0,0,0,0,0,0,0,0,0,0,0,0,0,0,0,0,0,0,0,0,0,0,0,False,0.0,False,,,,,,,,,,,,,,,,,,,,,,,,,,,,,,,,,,,,,,,,,
65gCBAVRy8aMH4Btpqd7Wtvobom15ppfXSMhmqMWaRho,old-holder,1783654625,2026-07-10T03:37:05+00:00,41.7922,1783654625,2026-07-10T03:37:05+00:00,60180.767,1,1,338401.973325,338401.973325,0.0,0.050000001,0.025394023,3.94650007893,2.00815933884,trojan,,,2,-2.09252750091,0.0,0,0,0,0,0,0,0,0,0,0,0,0,0,0,0,0,0,0,0,0,0,0,0,0,False,0.0,False,,,,,,,,,,,,,,,,,,,,,,,,,,,,,,,,,,,,,,,,,
BW3yqusYsUcxDE8qTkUm1GFFcxButfzZuzMsDQhysHAt,launch-window,1783652318,2026-07-10T02:58:38+00:00,41.8189,1783652318,2026-07-10T02:58:38+00:00,60219.217,1,1,349792.739247,349792.739247,0.0,0.049627654,0.053990863,3.92505115486,4.26635799426,"fresh_wallet,gmgn",,,2,0.0539028737,0.0,0,0,0,0,0,0,0,0,0,0,0,0,0,0,0,0,0,0,0,0,0,0,0,0,False,0.0,False,,,,,,,,,,,,,,,,,,,,,,,,,,,,,,,,,,,,,,,,,
7V9yKuBqwnSGST7Ts1c1Zkg6d2T9jSGDjJDQ7sNpHu7R,launch-window,1783652300,2026-07-10T02:58:20+00:00,41.81911,1783652300,2026-07-10T02:58:20+00:00,60219.517,1,1,339571.49315,339571.49315,0.0,0.049382715,0.086756917,3.9051851022,6.83731262877,,,,2,2.70548052855,0.0,0,0,0,0,0,0,0,0,0,0,0,0,0,0,0,0,0,0,0,0,0,0,0,0,False,0.0,False,,,,,,,,,,,,,,,,,,,,,,,,,,,,,,,,,,,,,,,,,
9XveTynTFqsqFi6NXGLkk1P5Cf3dD3RWu2bxWTKT2V7M,launch-window,1783652506,2026-07-10T03:01:46+00:00,41.81672,1783652506,2026-07-10T03:01:46+00:00,60216.083,1,1,351547.210667,351547.210667,0.0,0.049382715,0.058500853,3.9022221393,4.61279225905,,,,2,0.51177830035,0.0,0,0,0,0,0,0,0,0,0,0,0,0,0,0,0,0,0,0,0,0,0,0,0,0,False,0.0,False,,,,,,,,,,,,,,,,,,,,,,,,,,,,,,,,,,,,,,,,,
57tz7GuMEHQQxVkrGfcVHnY88vwftv9pKMGTd1idCMcd,old-holder,1783652994,2026-07-10T03:09:54+00:00,41.81108,1783652994,2026-07-10T03:09:54+00:00,60207.95,1,1,203610.167246,203610.167246,0.0,0.049382715,0.04651426,3.89185176915,3.665323688,,,,2,-0.32793696488,0.0,0,0,0,0,0,0,0,0,0,0,0,0,0,0,0,0,0,0,0,0,0,0,0,0,False,0.0,False,,,,,,,,,,,,,,,,,,,,,,,,,,,,,,,,,,,,,,,,,
Crj919PnMN2GnefmAFmx83JLJ1ocXBU2LDXzFbQhqowb,old-holder,1783653284,2026-07-10T03:14:44+00:00,41.80772,1783653284,2026-07-10T03:14:44+00:00,60203.117,1,1,174942.720096,174942.720096,0.0,0.049382715,0.012707129,3.8923455963,1.00183005036,"fresh_wallet,padre",,,2,-3.15956947288,0.0,0,0,0,0,0,0,0,0,0,0,0,0,0,0,0,0,0,0,0,0,0,0,0,0,False,0.0,False,,,,,,,,,,,,,,,,,,,,,,,,,,,,,,,,,,,,,,,,,
3Vggwn3LPougvnGa8zpYJMEN9L38tSRa45gv9odiSVF1,old-holder,1783653888,2026-07-10T03:24:48+00:00,41.80073,1783653888,2026-07-10T03:24:48+00:00,60193.05,1,1,614480.84319,614480.84319,0.0,0.049382715,0.051922386,3.8933332506,4.09356091224,gmgn,,,2,0.0680669082,0.0,0,0,0,0,0,0,0,0,0,0,0,0,0,0,0,0,0,0,0,0,0,0,0,0,False,0.0,False,,,,,,,,,,,,,,,,,,,,,,,,,,,,,,,,,,,,,,,,,
AfL5xppKpbB3DSfLcpQ6Pzk7xvqnVfMcQWfcdqWruTPc,old-holder,1783654106,2026-07-10T03:28:26+00:00,41.79821,1783654106,2026-07-10T03:28:26+00:00,60189.417,1,1,480909.081467,480909.081467,0.0,0.049382715,0.024816047,3.89679004065,1.95897875018,gmgn,,,2,-6.45186398544,0.0,0,0,0,0,0,0,0,0,0,0,0,0,0,0,0,0,0,0,0,0,0,0,0,0,False,0.0,False,,,,,,,,,,,,,,,,,,,,,,,,,,,,,,,,,,,,,,,,,
5mbo1CogP1VEyHExZCkaegSwXwdrbdomQJSZTEHSnJdJ,launch-window,1783652415,2026-07-10T03:00:15+00:00,41.81778,1783652415,2026-07-10T03:00:15+00:00,60217.6,1,1,314307.241755,314307.241755,0.0,0.049135801,0.050612673,3.88271099502,3.99688278681,padre,,,2,0.0200843336,0.0,0,0,0,0,0,0,0,0,0,0,0,0,0,0,0,0,0,0,0,0,0,0,0,0,False,0.0,False,,,,,,,,,,,,,,,,,,,,,,,,,,,,,,,,,,,,,,,,,
8C1XhUDJKongKWgN6ViYZ6bcNDUG9XoCNBkr29qNqYxV,launch-window,1783652470,2026-07-10T03:01:10+00:00,41.81714,1783652470,2026-07-10T03:01:10+00:00,60216.683,1,1,332124.088147,332124.088147,0.0,0.049135801,0.013136122,3.88271099502,1.04130039094,,,,2,-2.9436347589,0.0,0,0,0,0,0,0,0,0,0,0,0,0,0,0,0,0,0,0,0,0,0,0,0,0,False,0.0,False,,,,,,,,,,,,,,,,,,,,,,,,,,,,,,,,,,,,,,,,,
CnP4CRCcZbPUndpqqtPwRJCcmYx5t4QKfzjbeVMM5PaE,old-holder,1783653133,2026-07-10T03:12:13+00:00,41.80947,1783653133,2026-07-10T03:12:13+00:00,60205.633,1,1,252745.175991,240107.917192,12637.258799000003,0.048962962,0.030390105,3.86023992408,2.400818295,,,,2,-1.3302583495844937,0.0,0,0,0,0,0,0,0,0,0,0,0,0,0,0,0,0,0,0,0,0,0,0,0,0,False,0.0,False,,,,,,,,,,,,,,,,,,,,,,,,,,,,,,,,,,,,,,,,,
31FCVjYDiQ33PLNaq6bQdnf5KYaCKgC6LQACP4D98yRw,old-holder,1783653230,2026-07-10T03:13:50+00:00,41.80834,1783653230,2026-07-10T03:13:50+00:00,60204.017,1,1,219172.08866,214540.134561,4631.954098999995,0.048962962,0.064962164,3.85975029446,5.11836890156,,,,2,1.2431962801100502,0.0,0,0,0,0,0,0,0,0,0,0,0,0,0,0,0,0,0,0,0,0,0,0,0,0,False,0.0,False,,,,,,,,,,,,,,,,,,,,,,,,,,,,,,,,,,,,,,,,,
8AZd43v1nTNuKyyMGs8wngmeuZ2gU6vGcTqxCurziFX2,launch-window,1783652256,2026-07-10T02:57:36+00:00,41.81962,1783652256,2026-07-10T02:57:36+00:00,60220.25,1,1,363081.321105,363081.321105,0.0,0.048888888,0.048317462,3.86759992968,3.82239441882,axiom,,,2,-0.15069561057,0.0,0,0,0,0,0,0,0,0,0,0,0,0,0,0,0,0,0,0,0,0,0,0,0,0,False,0.0,False,,,,,,,,,,,,,,,,,,,,,,,,,,,,,,,,,,,,,,,,,
57EtMrmkbJZ979cDxUw2nfWQUuBjPn8j4xgvPFV3CxUr,old-holder,1783652859,2026-07-10T03:07:39+00:00,41.81264,1783652859,2026-07-10T03:07:39+00:00,60210.2,1,1,228383.932851,228383.932851,0.0,0.048888888,0.006763142,3.85293326328,0.52454929352,"axiom,fresh_wallet",,,2,-3.44542812221,0.0,0,0,0,0,0,0,0,0,0,0,0,0,0,0,0,0,0,0,0,0,0,0,0,0,False,0.0,False,,,,,,,,,,,,,,,,,,,,,,,,,,,,,,,,,,,,,,,,,
FK3yYvtTzVSHzkfTRwKHBwnAY9jxVpuS8S1EmuwpRW7i,launch-window,1783652364,2026-07-10T02:59:24+00:00,41.81837,1783653955,2026-07-10T03:25:55+00:00,60191.933,5,2,380506.822883,380506.822883,0.0,0.048888885,0.043541781,3.85674635988,3.43506298494,axiom,,,7,-0.50955254612,0.0,0,0,0,0,0,0,0,0,0,0,0,0,0,0,0,0,0,0,0,0,0,0,0,0,False,0.0,False,,,,,,,,,,,,,,,,,,,,,,,,,,,,,,,,,,,,,,,,,
CoSW4ryoutjgsBAbwCWSQ8PcXEzo1dbsN1Cvf4qxPMes,old-holder,1783663804,2026-07-10T06:10:04+00:00,41.68596,1783663804,2026-07-10T06:10:04+00:00,60027.783,1,1,1133885.750059,1133885.750059,0.0,0.047009997,0.033739943,3.72131136252,2.62935375799,,top_holder,,2,-1.16168988514,0.0,0,0,0,0,0,0,0,0,0,0,0,0,0,0,0,0,0,0,0,0,0,0,0,0,False,0.0,False,,,,,,,,,,,,,,,,,,,,,,,,,,,,,,,,,,,,,,,,,
6Mmwiivi1KWxdbccq8zdegFpbZrp5yVHTx3uUAFLSdJG,launch-window,1783652272,2026-07-10T02:57:52+00:00,41.81943,1783652541,2026-07-10T03:02:21+00:00,60215.5,8,4,317814.47627,317814.47627,0.0,0.044977772,0.047673929000000004,3.55727243209,3.76884418255,"axiom,fresh_wallet",,,12,0.12774396814,0.0,0,0,0,0,0,0,0,0,0,0,0,0,0,0,0,0,0,0,0,0,0,0,0,0,False,0.0,False,,,,,,,,,,,,,,,,,,,,,,,,,,,,,,,,,,,,,,,,,
ALHz9EX61RsjoheDmzes6jbY24bqDkAad7KBauysjhyC,old-holder,1783658921,2026-07-10T04:48:41+00:00,41.74248,1783659124,2026-07-10T04:52:04+00:00,60105.783,2,1,1004701.524402,1004701.524402,0.0,0.044630709,0.042621959,3.5260816032099997,3.37395427444,,,,3,-0.24099510099,0.0,0,0,0,0,0,0,0,0,0,0,0,0,0,0,0,0,0,0,0,0,0,0,0,0,False,0.0,False,,,,,,,,,,,,,,,,,,,,,,,,,,,,,,,,,,,,,,,,,
9LWsZVjoQRFRw8SkRcb2TvftEAU4vHq9GRV5b1wFyvVH,old-holder,1783654100,2026-07-10T03:28:20+00:00,41.79828,1783654100,2026-07-10T03:28:20+00:00,60189.517,1,1,431309.204526,431309.204526,0.0,0.04421742,0.061029032,3.4883122638,4.81152888288,fomo,,,2,1.12223335147,0.0,0,0,0,0,0,0,0,0,0,0,0,0,0,0,0,0,0,0,0,0,0,0,0,0,False,0.0,False,,,,,,,,,,,,,,,,,,,,,,,,,,,,,,,,,,,,,,,,,
8TkSfW6fMxF9K3wVFeEUeLouAQtYhZvXAvA16wvUBaXJ,old-holder,1783654778,2026-07-10T03:39:38+00:00,41.79043,1783654778,2026-07-10T03:39:38+00:00,60178.217,1,0,312160.443138,0,312160.443138,0.043504385,0,3.4333660642,0,,,,2,204.599841713175,0.0,0,0,0,0,0,0,0,0,0,0,0,0,0,0,0,0,0,0,0,0,0,0,0,0,False,0.0,False,,,,,,,,,,,,,,,,,,,,,,,,,,,,,,,,,,,,,,,,,
53oxosqNCvAMKdFURxLqWyDQr2MwcXKtF3qUKpiLzFQi,old-holder,1783652842,2026-07-10T03:07:22+00:00,41.81284,1783652844,2026-07-10T03:07:24+00:00,60210.45,2,1,211886.545916,211886.545916,0.0,0.041066666,0.043728075,3.23666928079,3.4483959945,axiom,,,3,0.13914849158,0.0,0,0,0,0,0,0,0,0,0,0,0,0,0,0,0,0,0,0,0,0,0,0,0,0,False,0.0,False,,,,,,,,,,,,,,,,,,,,,,,,,,,,,,,,,,,,,,,,,
5rjN9Z3HyFtu7oVcAghxad35Ma9k9mQEvD5Rd3j3UMDf,launch-window,1783652371,2026-07-10T02:59:31+00:00,41.81829,1783652585,2026-07-10T03:03:05+00:00,60214.767,2,1,250959.23528,250959.23528,0.0,0.041052467999999995,0.009022408,3.2420968087900004,0.71574762664,,,,3,-2.71465467883,0.0,0,0,0,0,0,0,0,0,0,0,0,0,0,0,0,0,0,0,0,0,0,0,0,0,False,0.0,False,,,,,,,,,,,,,,,,,,,,,,,,,,,,,,,,,,,,,,,,,
6WxeEh6cXgMKnCyun3X2FvJhMBKRkctaCksKht3Zuoam,old-holder,1783653184,2026-07-10T03:13:04+00:00,41.80888,1783682055,2026-07-10T11:14:15+00:00,59723.6,2,1,633018.8527030001,633018.852703,1.1641532182693481e-10,0.040774517999999996,0.019033263,3.22606250472,1.47641021091,,top_holder,,3,-1.85455769215,0.0,0,0,0,0,0,0,0,0,0,0,0,0,0,0,0,0,0,0,0,0,0,0,0,0,False,0.0,False,,,,,,,,,,,,,,,,,,,,,,,,,,,,,,,,,,,,,,,,,
3ditXPcdE8UZvKfyRQsfp8gBfyYAejjQGsTytqvP78vm,launch-window,1783652415,2026-07-10T03:00:15+00:00,41.81778,1783653306,2026-07-10T03:15:06+00:00,60202.75,3,2,174728.611792,174728.611792,0.0,0.040691354,0.023367814,3.20919375656,1.84289458712,"fresh_wallet,gmgn",,,5,-1.47405702006,0.0,0,0,0,0,0,0,0,0,0,0,0,0,0,0,0,0,0,0,0,0,0,0,0,0,False,0.0,False,,,,,,,,,,,,,,,,,,,,,,,,,,,,,,,,,,,,,,,,,
HVmjJTbA3qG5LPPG3BqBhUvYvNUQGN3drNihFfMrsDgP,old-holder,1783653071,2026-07-10T03:11:11+00:00,41.81019,1783653071,2026-07-10T03:11:11+00:00,60206.667,1,1,154202.360331,154202.360331,0.0,0.039506172,0.039416015,3.11190116844,3.1083469429,"fresh_wallet,padre",,,2,-0.14626344442,0.0,0,0,0,0,0,0,0,0,0,0,0,0,0,0,0,0,0,0,0,0,0,0,0,0,False,0.0,False,,,,,,,,,,,,,,,,,,,,,,,,,,,,,,,,,,,,,,,,,
3Dz8tfyay2TdRLChehtzX179NKorQDzLFKe5u1RAPLM4,old-holder,1783652853,2026-07-10T03:07:33+00:00,41.81271,1783653023,2026-07-10T03:10:23+00:00,60207.467,2,2,164430.270647,164430.270647,0.0,0.03950617,0.040248660000000006,3.1126911343000003,3.1710107443,,,,4,-0.0675430513,0.0,0,0,0,0,0,0,0,0,0,0,0,0,0,0,0,0,0,0,0,0,0,0,0,0,False,0.0,False,,,,,,,,,,,,,,,,,,,,,,,,,,,,,,,,,,,,,,,,,
2h1BcA8bKxaMzQaoQdayL3Ub5QrjbbyXH9PA63unAXaQ,launch-window,1783652501,2026-07-10T03:01:41+00:00,41.81678,1783652501,2026-07-10T03:01:41+00:00,60216.167,1,1,275195.488996,275195.488996,0.0,0.039308641,0.038748911,3.10616881182,3.05845154523,,,,2,-0.23257980756,0.0,0,0,0,0,0,0,0,0,0,0,0,0,0,0,0,0,0,0,0,0,0,0,0,0,False,0.0,False,,,,,,,,,,,,,,,,,,,,,,,,,,,,,,,,,,,,,,,,,
2PM7yAFBDJD6ydmmA47VuAimuQgfXH1zFaGSTjbUhXCH,old-holder,1783654633,2026-07-10T03:37:13+00:00,41.79211,1783654633,2026-07-10T03:37:13+00:00,60180.633,1,1,264355.191658,264355.191658,0.0,0.039111111,0.033492541,3.08782221345,2.64557581359,axiom,,,2,-0.53540908426,0.0,0,0,0,0,0,0,0,0,0,0,0,0,0,0,0,0,0,0,0,0,0,0,0,0,False,0.0,False,,,,,,,,,,,,,,,,,,,,,,,,,,,,,,,,,,,,,,,,,
3VCJA2DYGiSpGBDCVUCiq8XkN1ER5dhB2sRVKia78pBz,old-holder,1783653737,2026-07-10T03:22:17+00:00,41.80248,1783654185,2026-07-10T03:29:45+00:00,60188.1,5,2,301740.046153,301740.046153,0.0,0.03869866,0.025046332999999997,3.05191526289,1.97922931929,gmgn,,,7,-1.30367724244,0.0,0,0,0,0,0,0,0,0,0,0,0,0,0,0,0,0,0,0,0,0,0,0,0,0,False,0.0,False,,,,,,,,,,,,,,,,,,,,,,,,,,,,,,,,,,,,,,,,,
APvxeJXoz8RcJ8DBi6HTXNinXu3sfgvagEq15HnBCWYY,old-holder,1783653938,2026-07-10T03:25:38+00:00,41.80015,1783653938,2026-07-10T03:25:38+00:00,60192.217,1,1,418531.109869,418531.109869,0.0,0.030834773,0.022953265,2.43224689424,1.8151441962,,,,17,-3.271446429369275,0.0,0,0,0,0,0,0,0,0,0,0,0,0,0,0,0,0,0,0,0,0,0,0,0,0,False,0.0,False,,,,,,,,,,,,,,,,,,,,,,,,,,,,,,,,,,,,,,,,,
GsVKt5BNVqBSYtTcTLCr1zfRgCZKHUESUnnDchE5xFQG,launch-window,1783652243,2026-07-10T02:57:23+00:00,41.81977,1783652243,2026-07-10T02:57:23+00:00,60220.467,1,1,315646.215572,315646.215572,0.0,0.030626627,0.054764587,2.4225661957,4.32804531061,"axiom,fresh_wallet",,,2,1.63197089461,0.0,0,0,0,0,0,0,0,0,0,0,0,0,0,0,0,0,0,0,0,0,0,0,0,0,False,0.0,False,,,,,,,,,,,,,,,,,,,,,,,,,,,,,,,,,,,,,,,,,
3Z97RPoyJScqmhGLTw7CTiAFm377qeHqDx61sEaRnX4q,old-holder,1783654972,2026-07-10T03:42:52+00:00,41.78818,1783654972,2026-07-10T03:42:52+00:00,60174.983,1,1,235954.717032,235954.717032,0.0,0.029864195,0.007301191,2.35897276305,0.56774061216,gmgn,,,2,-1.83831982884,0.0,0,0,0,0,0,0,0,0,0,0,0,0,0,0,0,0,0,0,0,0,0,0,0,0,False,0.0,False,,,,,,,,,,,,,,,,,,,,,,,,,,,,,,,,,,,,,,,,,
FekEsXndNak9eDpyPgR78UxVVMpxoc4jViRenRCXXZfE,launch-window,1783652284,2026-07-10T02:58:04+00:00,41.81929,1783652284,2026-07-10T02:58:04+00:00,60219.783,1,1,182281.486457,182281.486457,0.0,0.029629629,0.025517958,2.3437036539,2.01413242494,padre,,,2,-1.69294570028,0.0,0,0,0,0,0,0,0,0,0,0,0,0,0,0,0,0,0,0,0,0,0,0,0,0,False,0.0,False,,,,,,,,,,,,,,,,,,,,,,,,,,,,,,,,,,,,,,,,,
3qtpiH3Mszkm8PwMYbwSXa5jSNkzCFHnfbqTsS28oKqE,old-holder,1783655859,2026-07-10T03:57:39+00:00,41.77792,1783655910,2026-07-10T03:58:30+00:00,60159.35,2,1,331730.675412,331730.675412,0.0,0.029629627,0.024918892,2.33891337261,1.96934003476,"fresh_wallet,gmgn",,,3,-0.46113365793,0.0,0,0,0,0,0,0,0,0,0,0,0,0,0,0,0,0,0,0,0,0,0,0,0,0,False,0.0,False,,,,,,,,,,,,,,,,,,,,,,,,,,,,,,,,,,,,,,,,,
5cNGLxHkdKT6czpGzCYoYsoK4LmheNmvpyLqfY6PBTZc,launch-window,1783652745,2026-07-10T03:05:45+00:00,41.81396,1783653198,2026-07-10T03:13:18+00:00,60204.55,2,0,132491.172002,0,132491.172002,0.028348175,0,2.23490132795,0,,,,2,0.0,0.0,0,0,0,0,0,0,0,0,0,0,0,0,0,0,0,0,0,0,0,0,0,0,0,0,False,0.0,False,,,,,,,,,,,,,,,,,,,,,,,,,,,,,,,,,,,,,,,,,
HkKEPbZsqFtkBZNHwQJBpgmmSmuyEnbEBq9oZN5zqBX6,old-holder,1783653895,2026-07-10T03:24:55+00:00,41.80065,1783653895,2026-07-10T03:24:55+00:00,60192.933,1,1,343929.79606,343929.79606,0.0,0.027516048,0.0128346,2.16936522432,1.013676708,fresh_wallet,,,2,-1.28615348728,0.0,0,0,0,0,0,0,0,0,0,0,0,0,0,0,0,0,0,0,0,0,0,0,0,0,False,0.0,False,,,,,,,,,,,,,,,,,,,,,,,,,,,,,,,,,,,,,,,,,
AuYJVzwT4eb4ZFGpRb8LsDBaawcLVPZyCGAcvpWe1yTs,launch-window,1783652284,2026-07-10T02:58:04+00:00,41.81929,1783652284,2026-07-10T02:58:04+00:00,60219.783,1,1,162836.154944,162836.154944,0.0,0.026448299,0.02751456,2.0920604509,2.1747508224,,,,2,-0.06315676922,0.0,0,0,0,0,0,0,0,0,0,0,0,0,0,0,0,0,0,0,0,0,0,0,0,0,False,0.0,False,,,,,,,,,,,,,,,,,,,,,,,,,,,,,,,,,,,,,,,,,
HWKaxGCAR3LHp32xYiCWrdedGTZcST3LnkCjjpwetJcr,old-holder,1783652933,2026-07-10T03:08:53+00:00,41.81178,1783652933,2026-07-10T03:08:53+00:00,60208.967,1,1,107488.81198,107488.81198,0.0,0.025550617,0.010818448,2.01364412577,0.85368373168,,,,2,-1.20368722544,0.0,0,0,0,0,0,0,0,0,0,0,0,0,0,0,0,0,0,0,0,0,0,0,0,0,False,0.0,False,,,,,,,,,,,,,,,,,,,,,,,,,,,,,,,,,,,,,,,,,
FmxPtncbwaB1VAnqtUn9fJafiVdkxhbBthbRCk7a94Kf,old-holder,1783653654,2026-07-10T03:20:54+00:00,41.80344,1783653654,2026-07-10T03:20:54+00:00,60196.95,1,1,99179.187665,99179.187665,0.0,0.025269014,0.002908306,1.99094561306,0.22071134234,,,,2,-1.80939546815,0.0,0,0,-99179.187665,0,0,0,0,0,0,0,0,0,0,0,0,0,0,0,0,0,0,0,0,0,False,0.0,False,,,,,,,,,,,,,,,,,,,,,,,,,,,,,,,,,,,,,,,,,
2U4EDZ2rb4i7iynh34J8GNbifogXEZvGMNjYY1xRW9E4,launch-window,1783652650,2026-07-10T03:04:10+00:00,41.81506,1783652650,2026-07-10T03:04:10+00:00,60213.683,1,4,191269.054101,179165.309271,12103.744829999981,0.025264197,0.033329487000000005,1.99385042724,2.62785086346,fresh_wallet,,,5,0.6888979173780562,0.0,0,0,0,0,0,0,0,0,0,0,0,0,0,0,0,0,0,0,0,0,0,0,0,0,False,0.0,False,,,,,,,,,,,,,,,,,,,,,,,,,,,,,,,,,,,,,,,,,
2eYAjTviUd2U9Q8dzgqm4EY7tqz6968MHsMrzJJ3Fc5r,launch-window,1783652249,2026-07-10T02:57:29+00:00,41.8197,1783654291,2026-07-10T03:31:31+00:00,60186.333,2,3,162307.62415400002,162307.62415400002,0.0,0.020410710999999998,0.020002961,1.61101092979,1.57653468117,,,,5,-0.1070990576,0.0,0,0,0,0,0,0,0,0,0,0,0,0,0,0,0,0,0,0,0,0,0,0,0,0,False,0.0,False,,,,,,,,,,,,,,,,,,,,,,,,,,,,,,,,,,,,,,,,,
3xxsuK7Cy9ebmB3yMg1XcK3KQY6b8Z4674aUrPys6qYc,old-holder,1783654789,2026-07-10T03:39:49+00:00,41.7903,1783654789,2026-07-10T03:39:49+00:00,60178.033,1,1,148262.676572,148262.676572,0.0,0.020108117,0.01337641,1.58693259364,1.0558000413,fresh_wallet,,,2,-0.65650915068,0.0,0,0,0,0,0,0,0,0,0,0,0,0,0,0,0,0,0,0,0,0,0,0,0,0,False,0.0,False,,,,,,,,,,,,,,,,,,,,,,,,,,,,,,,,,,,,,,,,,
mMbPwt8twyYoU2v9n1BH34Pt4oyDMu1iGJWRFe9Viit,launch-window,1783652428,2026-07-10T03:00:28+00:00,41.81763,1783652428,2026-07-10T03:00:28+00:00,60217.383,1,1,115708.24008,115708.24008,0.0,0.019753085,0.010618706,1.5608887767,0.83919633518,padre,,,6,21.37105474956,0.0,0,0,0,0,0,0,0,0,0,0,0,0,0,0,0,0,0,0,0,0,0,0,0,0,False,0.0,False,,,,,,,,,,,,,,,,,,,,,,,,,,,,,,,,,,,,,,,,,
Cvg6GVhRheyXA2XReTNhy3kTdLkyfDnrNZc6bgk31D4c,launch-window,1783652756,2026-07-10T03:05:56+00:00,41.81383,1783652920,2026-07-10T03:08:40+00:00,60209.183,2,1,105400.302717,105400.302717,0.0,0.019753084,0.003743986,1.55723437714,0.29648625134,gmgn,,,3,-1.29942407997,0.0,0,0,0,0,0,0,0,0,0,0,0,0,0,0,0,0,0,0,0,0,0,0,0,0,False,0.0,False,,,,,,,,,,,,,,,,,,,,,,,,,,,,,,,,,,,,,,,,,
4AH8YgKQWmpNYYzBcpEUyRMGtNPVJwAxF88WcGFgFv2q,old-holder,1783653296,2026-07-10T03:14:56+00:00,41.80758,1783653296,2026-07-10T03:14:56+00:00,60202.917,2,1,67647.996734,67647.996734,0.0,0.019753084,0.005485695,1.55693808088,0.43276647855,"fresh_wallet,padre",,,3,-1.27279048526,0.0,0,0,0,0,0,0,0,0,0,0,0,0,0,0,0,0,0,0,0,0,0,0,0,0,False,0.0,False,,,,,,,,,,,,,,,,,,,,,,,,,,,,,,,,,,,,,,,,,
4VMQ4NpZyY5yvXBCiZMwpVuVbET732uokuR7ZMazt6VD,launch-window,1783652547,2026-07-10T03:02:27+00:00,41.81625,1783653792,2026-07-10T03:23:12+00:00,60194.65,2,2,122771.435406,122771.435406,0.0,0.019654318,0.013442065,1.55082396179,1.0596645767,,,,4,-0.61405671474,0.0,0,0,0,0,0,0,0,0,0,0,0,0,0,0,0,0,0,0,0,0,0,0,0,0,False,0.0,False,,,,,,,,,,,,,,,,,,,,,,,,,,,,,,,,,,,,,,,,,
24EdVBLN54j7nj1L59VU2rkxfr7pgxsY5A2n8Rya8rfp,launch-window,1783652765,2026-07-10T03:06:05+00:00,41.81373,1783652765,2026-07-10T03:06:05+00:00,60211.767,1,1,113660.155552,113660.155552,0.0,0.019555555,0.005541675,1.54156440065,0.43707190725,"axiom,bullx",,,2,-1.12565506316,0.0,0,0,0,0,0,0,0,0,0,0,0,0,0,0,0,0,0,0,0,0,0,0,0,0,False,0.0,False,,,,,,,,,,,,,,,,,,,,,,,,,,,,,,,,,,,,,,,,,
DN8qQxaRB5PCN3E3hdcJGzyqBewEA6q5bRf4oNshoNWg,old-holder,1783653078,2026-07-10T03:11:18+00:00,41.8101,1783653078,2026-07-10T03:11:18+00:00,60206.55,1,1,78333.243864,78333.243864,0.0,0.019555555,0.01712018,1.54078217845,1.3494125876,,,,8,-110.613290728,0.0,0,0,0,0,0,0,0,0,0,0,0,0,0,0,0,0,0,0,0,0,0,0,0,0,False,0.0,False,,,,,,,,,,,,,,,,,,,,,,,,,,,,,,,,,,,,,,,,,
9wwkURDkYVqJjZRPZxbUvUP1rNBVN3ETY8gmvQy93Z4S,old-holder,1783653821,2026-07-10T03:23:41+00:00,41.8015,1783653821,2026-07-10T03:23:41+00:00,60194.167,1,1,103667.221847,103667.221847,0.0,0.019555555,0.007741825,1.54117328955,0.61028806475,"axiom,gmgn",,,2,-0.99254670782,0.0,0,0,0,0,0,0,0,0,0,0,0,0,0,0,0,0,0,0,0,0,0,0,0,0,False,0.0,False,,,,,,,,,,,,,,,,,,,,,,,,,,,,,,,,,,,,,,,,,
BAEWtL8UCiQ3aJZDkbbDVhABDTx48jG7vCTbSu2Nk7W5,old-holder,1783653384,2026-07-10T03:16:24+00:00,41.80656,1783654899,2026-07-10T03:41:39+00:00,60176.2,2,1,111835.615507,111835.615507,0.0,0.019555554,0.005632603,1.54273765506,0.44508828906,axiom,,,3,-1.16348695262,0.0,0,0,0,0,0,0,0,0,0,0,0,0,0,0,0,0,0,0,0,0,0,0,0,0,False,0.0,False,,,,,,,,,,,,,,,,,,,,,,,,,,,,,,,,,,,,,,,,,
D7wWSpbjcRaoAbRuDoPreXRrcqzwYusoPMZYDfSk7g3P,old-holder,1783653719,2026-07-10T03:21:59+00:00,41.80269,1783653719,2026-07-10T03:21:59+00:00,60195.867,1,1,60411.654705,60411.654705,0.0,0.014921112,0.009231763,1.1757836256,0.7274629244,fresh_wallet,,,2,-0.5331845976,0.0,0,0,0,0,0,0,0,0,0,0,0,0,0,0,0,0,0,0,0,0,0,0,0,0,False,0.0,False,,,,,,,,,,,,,,,,,,,,,,,,,,,,,,,,,,,,,,,,,
FCskToBirYgH1fhko54DFHP5nqKhUuuZKQ7UZ1FtpN12,old-holder,1783654627,2026-07-10T03:37:07+00:00,41.79218,1783654627,2026-07-10T03:37:07+00:00,60180.733,1,1,93496.195709,93496.195709,0.0,0.013827159,0.006364517,1.09137765987,0.50298777851,gmgn,,,2,-0.63772799459,0.0,0,0,0,0,0,0,0,0,0,0,0,0,0,0,0,0,0,0,0,0,0,0,0,0,False,0.0,False,,,,,,,,,,,,,,,,,,,,,,,,,,,,,,,,,,,,,,,,,
HqYzCLHws6L81H8uABnWucdMuL3DJiAVHEJWzhcjtZFk,launch-window,1783652328,2026-07-10T02:58:48+00:00,41.81878,1783652328,2026-07-10T02:58:48+00:00,60219.05,1,1,85544.607296,85544.607296,0.0,0.012609813,0.015974933,0.99731011017,1.25914421906,,,,2,0.14125094739,0.0,0,0,0,0,0,0,0,0,0,0,0,0,0,0,0,0,0,0,0,0,0,0,0,0,False,0.0,False,,,,,,,,,,,,,,,,,,,,,,,,,,,,,,,,,,,,,,,,,
yv6RzQxzn1Nc9G9LnK9nT8X9RFwAPQJRuMk6aMNNajR,old-holder,1783653705,2026-07-10T03:21:45+00:00,41.80285,1783653705,2026-07-10T03:21:45+00:00,60196.1,1,0,50604.317899,0,50604.317899,0.012435409,0,0.9799102292,0,,,,1,0.0,0.0,0,0,0,0,0,0,0,0,0,0,0,0,0,0,0,0,0,0,0,0,0,0,0,0,False,0.0,False,,,,,,,,,,,,,,,,,,,,,,,,,,,,,,,,,,,,,,,,,
HWkSxtEEd9ARBCJ1DobnfZpLkaofEoTq5E9RphF25H9L,old-holder,1783653978,2026-07-10T03:26:18+00:00,41.79969,1783653978,2026-07-10T03:26:18+00:00,60191.55,1,1,153280.548316,202151.844853,-48871.29653699999,0.012418255,0.020475546,0.9798003195,1.61613484578,,,,2,0.2210479179526045,0.0,0,0,0,0,0,0,0,0,0,0,0,0,0,0,0,0,0,0,0,0,0,0,0,0,False,0.0,False,,,,,,,,,,,,,,,,,,,,,,,,,,,,,,,,,,,,,,,,,
7TzH1RsACiZ45YAKTPaJfZs9tvQ9oiAVB1ZM52Gi4KKV,old-holder,1783654047,2026-07-10T03:27:27+00:00,41.79889,1783654090,2026-07-10T03:28:10+00:00,60189.683,2,1,123219.589279,123219.589279,0.0,0.01179259,0.014992397,0.93036656089,1.184399363,,,,3,0.19772158063,0.0,0,0,0,0,0,0,0,0,0,0,0,0,0,0,0,0,0,0,0,0,0,0,0,0,False,0.0,False,,,,,,,,,,,,,,,,,,,,,,,,,,,,,,,,,,,,,,,,,
3X5ScEdB92M7WV88mNPshvPTg9yD3XsXGxxSPy2xD1Xd,old-holder,1783652887,2026-07-10T03:08:07+00:00,41.81231,1783653941,2026-07-10T03:25:41+00:00,60192.167,3,1,63553.217614,63553.217614,0.0,0.011733331,0.001985433,0.9248700382699999,0.15476450235,"axiom,fresh_wallet",,,4,-0.87713195301,0.0,0,0,0,0,0,0,0,0,0,0,0,0,0,0,0,0,0,0,0,0,0,0,0,0,False,0.0,False,,,,,,,,,,,,,,,,,,,,,,,,,,,,,,,,,,,,,,,,,
GpVdmdhmXUeBrUS3XpznjmkkzcXyvVtuhMz7Hv1nZGb2,launch-window,1783652378,2026-07-10T02:59:38+00:00,41.81821,1783652378,2026-07-10T02:59:38+00:00,60218.217,1,1,72286.974359,72286.974359,0.0,0.010334672,0.002667581,0.81705916832,0.21148582168,axiom,,,2,-0.63197035048,0.0,0,0,0,0,0,0,0,0,0,0,0,0,0,0,0,0,0,0,0,0,0,0,0,0,False,0.0,False,,,,,,,,,,,,,,,,,,,,,,,,,,,,,,,,,,,,,,,,,
3oLGwkZfYJ6F8kED1HaxvdM27pnYdHF8Mzu8YcQozCmE,old-holder,1783653058,2026-07-10T03:10:58+00:00,41.81034,1783653058,2026-07-10T03:10:58+00:00,60206.883,1,1,39156.564204,39156.564204,0.0,0.010000001,0.008379446,0.78740007874,0.66080311156,fresh_wallet,,,2,-0.14271899622,0.0,0,0,0,0,0,0,0,0,0,0,0,0,0,0,0,0,0,0,0,0,0,0,0,0,False,0.0,False,,,,,,,,,,,,,,,,,,,,,,,,,,,,,,,,,,,,,,,,,
B5hgodGQYRtmeQy62JoobR2bW8TFnEg5VX7YPkxKgKTm,launch-window,1783652495,2026-07-10T03:01:35+00:00,41.81685,1783652495,2026-07-10T03:01:35+00:00,60216.267,1,1,67053.078137,67053.078137,0.0,0.009876542,0.008917428,0.78044434884,0.70331754636,,,,2,-0.18803966367,0.0,0,0,0,0,0,0,0,0,0,0,0,0,0,0,0,0,0,0,0,0,0,0,0,0,False,0.0,False,,,,,,,,,,,,,,,,,,,,,,,,,,,,,,,,,,,,,,,,,
2zM4xE3Cx6nKLvknN8GNE2wXUWzpLgegdndsjgpX4A2A,old-holder,1783653457,2026-07-10T03:17:37+00:00,41.80572,1783653457,2026-07-10T03:17:37+00:00,60200.233,1,1,38958.690303,38958.690303,0.0,0.009876542,0.010349025,0.7782715096,0.8148822285,"fresh_wallet,padre",,,2,-0.09461439546,0.0,0,0,0,0,0,0,0,0,0,0,0,0,0,0,0,0,0,0,0,0,0,0,0,0,False,0.0,False,,,,,,,,,,,,,,,,,,,,,,,,,,,,,,,,,,,,,,,,,
5zPWQx7BmE8d8VNCqXUZfHtbvBLs6RoD21mHoSnaS6iv,old-holder,1783653514,2026-07-10T03:18:34+00:00,41.80506,1783653514,2026-07-10T03:18:34+00:00,60199.283,1,1,35222.562073,35222.562073,0.0,0.009876542,0.004067628,0.77817274418,0.32138328828,"axiom,fresh_wallet",,,2,-0.47538419947,0.0,0,0,0,0,0,0,0,0,0,0,0,0,0,0,0,0,0,0,0,0,0,0,0,0,False,0.0,False,,,,,,,,,,,,,,,,,,,,,,,,,,,,,,,,,,,,,,,,,
9T5qow5b18dMnGrKUEkRzxfYKhaZVc76LMYCR42D16fZ,old-holder,1783656856,2026-07-10T04:14:16+00:00,41.76638,1783656856,2026-07-10T04:14:16+00:00,60143.583,1,1,184781.230361,184781.230361,0.0,0.009876542,0.008132051,0.7807406451,0.64235070849,gmgn,,,2,-0.16931804643,0.0,0,0,0,0,0,0,0,0,0,0,0,0,0,0,0,0,0,0,0,0,0,0,0,0,False,0.0,False,,,,,,,,,,,,,,,,,,,,,,,,,,,,,,,,,,,,,,,,,
8pWkdTJTTVdYAJNASWdr4A6SLRj4pNXRxRXvnddGMXt1,old-holder,1783653059,2026-07-10T03:10:59+00:00,41.81032,1783653059,2026-07-10T03:10:59+00:00,60206.867,1,0,38471.360663,0,38471.360663,0.009827159,0,0.77379049966,0,,,,2,5.639804344754475,0.0,0,0,0,0,0,0,0,0,0,0,0,0,0,0,0,0,0,0,0,0,0,0,0,0,False,0.0,False,,,,,,,,,,,,,,,,,,,,,,,,,,,,,,,,,,,,,,,,,
P6KYiJTHaJzYbiaH4E7BuaLr2athtg9VF3TSEqFUN2V,old-holder,1783653426,2026-07-10T03:17:06+00:00,41.80608,1783653426,2026-07-10T03:17:06+00:00,60200.75,1,0,39810.788467,0,39810.788467,0.009827159,0,0.7743801292,0,fresh_wallet,,,1,0.0,0.0,0,0,0,0,0,0,0,0,0,0,0,0,0,0,0,0,0,0,0,0,0,0,0,0,False,0.0,False,,,,,,,,,,,,,,,,,,,,,,,,,,,,,,,,,,,,,,,,,
4QKKhJd3bnJWYqKTqRvk5mA4umDnuJPjiKg4zzzFDhxx,launch-window,1783652298,2026-07-10T02:58:18+00:00,41.81913,1783652298,2026-07-10T02:58:18+00:00,60219.55,1,1,65563.124378,65563.122976,0.0014019999944139272,0.009777777,0.009641444,0.77332438293,0.76196331932,"axiom,fresh_wallet",,,2,-0.06758753487179561,0.0,0,0,0,0,0,0,0,0,0,0,0,0,0,0,0,0,0,0,0,0,0,0,0,0,False,0.0,False,,,,,,,,,,,,,,,,,,,,,,,,,,,,,,,,,,,,,,,,,
BVu1hEYNgeXeeb6fKT3KEmYCXjJL3Wzx242m8EErYJjF,old-holder,1783654027,2026-07-10T03:27:07+00:00,41.79912,1783656466,2026-07-10T04:07:46+00:00,60150.083,9,1,102350.044817,102350.044817,0.0,0.008799992999999999,0.00605732,0.69454433641,0.4788917192,"axiom,fresh_wallet",,,10,-0.23153672028,0.0,0,0,0,0,0,0,0,0,0,0,0,0,0,0,0,0,0,0,0,0,0,0,0,0,False,0.0,False,,,,,,,,,,,,,,,,,,,,,,,,,,,,,,,,,,,,,,,,,
23Y6mw7oW7pacoU1x7cGqY8VHV8zyZKAEMyeN3v8BquB,old-holder,1783654347,2026-07-10T03:32:27+00:00,41.79542,1783654347,2026-07-10T03:32:27+00:00,60185.4,1,1,61200.598359,61200.598359,0.0,0.007500001,0.006960531,0.5910000788,0.54974273838,,,,2,-0.1001814507,0.0,0,0,0,0,0,0,0,0,0,0,0,0,0,0,0,0,0,0,0,0,0,0,0,0,False,0.0,False,,,,,,,,,,,,,,,,,,,,,,,,,,,,,,,,,,,,,,,,,
H93bM1cTcvkFLZ9kvCuxYq69P4nEbC8AY6n26cBbA6CF,launch-window,1783652497,2026-07-10T03:01:37+00:00,41.81683,1783652521,2026-07-10T03:02:01+00:00,60215.833,2,1,49612.385148,49612.385148,0.0,0.007487208,0.001490734,0.59165883047,0.11410078036,,,,3,-0.52353766963,0.0,0,0,0,0,0,0,0,0,0,0,0,0,0,0,0,0,0,0,0,0,0,0,0,0,False,0.0,False,,,,,,,,,,,,,,,,,,,,,,,,,,,,,,,,,,,,,,,,,
8NTefhcCVkpkWc5YnWNvwp2eNsMQfkEjB6cwfpwRh7hi,old-holder,1783653970,2026-07-10T03:26:10+00:00,41.79978,1783653970,2026-07-10T03:26:10+00:00,60191.683,1,1,91366.476843,91168.497346,197.979496999993,0.007435831,0.002820139,0.5866870659,0.21926580725,,,,2,-0.3863130374940031,0.0,0,0,0,0,0,0,0,0,0,0,0,0,0,0,0,0,0,0,0,0,0,0,0,0,False,0.0,False,,,,,,,,,,,,,,,,,,,,,,,,,,,,,,,,,,,,,,,,,
A1wCszL4ZdUB6VjKo87wThZiv9pBvaqP2eJr7HXA3de,launch-window,1783652256,2026-07-10T02:57:36+00:00,41.81962,1783652256,2026-07-10T02:57:36+00:00,60220.25,1,1,36644.897882,36644.897882,0.0,0.004938271,0.004071551,0.39066661881,0.32140823594,,,,2,-0.09475466536,0.0,0,0,0,0,0,0,0,0,0,0,0,0,0,0,0,0,0,0,0,0,0,0,0,0,False,0.0,False,,,,,,,,,,,,,,,,,,,,,,,,,,,,,,,,,,,,,,,,,
3WmVoa4H2PW8z2SVio9aSSTkt9aaizzbXrLq78Lt1vtb,launch-window,1783652469,2026-07-10T03:01:09+00:00,41.81715,1783652469,2026-07-10T03:01:09+00:00,60216.7,1,1,33405.462488,33405.462488,0.0,0.00493827,0.001274981,0.3902220954,0.10073624881,"gmgn,trojan",,,2,-0.57555532541,0.0,0,0,0,0,0,0,0,0,0,0,0,0,0,0,0,0,0,0,0,0,0,0,0,0,False,0.0,False,,,,,,,,,,,,,,,,,,,,,,,,,,,,,,,,,,,,,,,,,
82A4PQn7joeuRCBo54UFrxJFxaDaJa9JASchnbmpBwye,old-holder,1783653000,2026-07-10T03:10:00+00:00,41.81101,1783653000,2026-07-10T03:10:00+00:00,60207.85,1,1,18397.885608,18397.885608,0.0,0.004888887,0.002987953,0.38529318447,0.2354506964,,,,2,-0.15871458532,0.0,0,0,0,0,0,0,0,0,0,0,0,0,0,0,0,0,0,0,0,0,0,0,0,0,False,0.0,False,,,,,,,,,,,,,,,,,,,,,,,,,,,,,,,,,,,,,,,,,
C7jDR4feTEAxqLh3y5U9dnHVDCyid42xyM9vy2Fgm3YJ,old-holder,1783653193,2026-07-10T03:13:13+00:00,41.80877,1783653193,2026-07-10T03:13:13+00:00,60204.633,1,1,20614.069913,20614.069913,0.0,0.004829294,0.004758472,0.38069324602,0.37515793248,"axiom,fresh_wallet",,,2,-0.09233434615,0.0,0,0,0,0,0,0,0,0,0,0,0,0,0,0,0,0,0,0,0,0,0,0,0,0,False,0.0,False,,,,,,,,,,,,,,,,,,,,,,,,,,,,,,,,,,,,,,,,,
3nJG1Djg9wUDDDX3hBEowkiH6vEUAfjdf2jQ56zyYuQC,old-holder,1783654825,2026-07-10T03:40:25+00:00,41.78988,1783654825,2026-07-10T03:40:25+00:00,60177.433,1,1,28892.851571,28892.851571,0.0,0.003911111,0.001163419,0.30874310234,0.09187519843,axiom,,,2,-0.22304250396,0.0,0,0,0,0,0,0,0,0,0,0,0,0,0,0,0,0,0,0,0,0,0,0,0,0,False,0.0,False,,,,,,,,,,,,,,,,,,,,,,,,,,,,,,,,,,,,,,,,,
6tix3iPf365dUR3DGQ9QT82WMFTiVPbxbpmTemtB4Ycb,old-holder,1783658923,2026-07-10T04:48:43+00:00,41.74245,1783658923,2026-07-10T04:48:43+00:00,60109.133,1,1,48930.037445,48930.037445,0.0,0.00217568,0.001514474,0.1719222336,0.1174474587,trojan,,,2,-0.06514420095,0.0,0,0,0,0,0,0,0,0,0,0,0,0,0,0,0,0,0,0,0,0,0,0,0,0,False,0.0,False,,,,,,,,,,,,,,,,,,,,,,,,,,,,,,,,,,,,,,,,,
CP2nC8ZtHwVJwyHbqrMSWGM5Br7rxptcS7zimUifTEsj,old-holder,1783655220,2026-07-10T03:47:00+00:00,41.78531,1783655220,2026-07-10T03:47:00+00:00,60170.85,1,1,16969.639431,16969.639431,0.0,0.001975308,0.001840708,0.156049332,0.14543433908,padre,,,2,-0.41323806809,0.0,0,0,0,0,0,0,0,0,0,0,0,0,0,0,0,0,0,0,0,0,0,0,0,0,False,0.0,False,,,,,,,,,,,,,,,,,,,,,,,,,,,,,,,,,,,,,,,,,
2qwcHA8GuZCxVsgq1q5yRoi1yai31AW55aEiLG3A1bwr,launch-window,1783652271,2026-07-10T02:57:51+00:00,41.81944,1783652271,2026-07-10T02:57:51+00:00,60220.0,1,1,15545.243807,15545.243807,0.0,0.001955555,0.002355456,0.15474306715,0.1863165696,photon,,,2,0.0041089332,0.0,0,0,0,0,0,0,0,0,0,0,0,0,0,0,0,0,0,0,0,0,0,0,0,0,False,0.0,False,,,,,,,,,,,,,,,,,,,,,,,,,,,,,,,,,,,,,,,,,
7So5mS1SQmKsFGppCyHP6tucSyNzK9K2MuPmf4kYL6QG,launch-window,1783652453,2026-07-10T03:00:53+00:00,41.81734,1783652453,2026-07-10T03:00:53+00:00,60216.967,1,1,14794.053809,14794.05,0.003808999999819207,0.001912123,0.002203304,0.15109595946,0.17410508208,,,,2,-0.059890551793690516,0.0,0,0,0,0,0,0,0,0,0,0,0,0,0,0,0,0,0,0,0,0,0,0,0,0,False,0.0,False,,,,,,,,,,,,,,,,,,,,,,,,,,,,,,,,,,,,,,,,,
4ixBZtbfvjSSdqtiP6EZ3p1MeGgmBsNS7FHB1uQdyf9A,launch-window,1783652242,2026-07-10T02:57:22+00:00,41.81978,1783652242,2026-07-10T02:57:22+00:00,60220.483,1,1,10388.030753,10388.030753,0.0,0.000987654,0.001297387,0.0781234314,0.10263628557,trojan,,,2,0.02200449901,0.0,0,0,0,0,0,0,0,0,0,0,0,0,0,0,0,0,0,0,0,0,0,0,0,0,False,0.0,False,,,,,,,,,,,,,,,,,,,,,,,,,,,,,,,,,,,,,,,,,
2MUdfvNaH6QVV5C3urue4fDCkyChZ4wkAsyf26Q8M3GH,launch-window,1783652284,2026-07-10T02:58:04+00:00,41.81929,1783652284,2026-07-10T02:58:04+00:00,60219.783,1,1,6012.739904,6012.739904,0.0,0.000977777,0.000859902,0.0773421607,0.06800105016,axiom,,,5,-3.05009875086,0.0,0,0,0,0,0,0,0,0,0,0,0,0,0,0,0,0,0,0,0,0,0,0,0,0,False,0.0,False,,,,,,,,,,,,,,,,,,,,,,,,,,,,,,,,,,,,,,,,,
6qpibeHxrDQp87dYKdXR3Cx4CmXJtRTmTu5bGKM38GqZ,launch-window,1783652429,2026-07-10T03:00:29+00:00,41.81762,1783652429,2026-07-10T03:00:29+00:00,60217.367,1,1,5685.990258,5685.990258,0.0,0.000977777,0.000865986,0.07727371631,0.06840423414,axiom,,,2,-0.04896834257,0.0,0,0,0,0,0,0,0,0,0,0,0,0,0,0,0,0,0,0,0,0,0,0,0,0,False,0.0,False,,,,,,,,,,,,,,,,,,,,,,,,,,,,,,,,,,,,,,,,,
FkQ6goGeEsbkwmPwUneML7MpVowzzq8PRphvyRKZ7Zuq,old-holder,1783654807,2026-07-10T03:40:07+00:00,41.79009,1783654807,2026-07-10T03:40:07+00:00,60177.733,1,1,7223.74234,7223.74234,0.0,0.000977777,0.000288453,0.07716616084,0.02282817042,axiom,,,2,-0.09673753104,0.0,0,0,0,0,0,0,0,0,0,0,0,0,0,0,0,0,0,0,0,0,0,0,0,0,False,0.0,False,,,,,,,,,,,,,,,,,,,,,,,,,,,,,,,,,,,,,,,,,
GpjpdPnpfTDj63Pu2WDVGzxKvD7uGUPjBezReMvwXaWt,launch-window,1783652469,2026-07-10T03:01:09+00:00,41.81715,1783652469,2026-07-10T03:01:09+00:00,60216.7,1,1,3054.635209,3054.635209,0.0,0.000451527,0.00023035,0.03567966354,0.0181723115,,,,2,-0.09171077717,0.0,0,0,0,0,0,0,0,0,0,0,0,0,0,0,0,0,0,0,0,0,0,0,0,0,False,0.0,False,,,,,,,,,,,,,,,,,,,,,,,,,,,,,,,,,,,,,,,,,
E12xFpg6HRs3SE2PLsrkBmwSpFiESbMNGVwxLWRL3BAd,old-holder,1783652913,2026-07-10T03:08:33+00:00,41.81201,1783652913,2026-07-10T03:08:33+00:00,60209.3,1,1,1120.602937,1120.602937,0.0,0.000237735,0.000313071,0.0187382727,0.02465434125,,,,2,-0.31055441956,0.0,0,0,0,0,0,0,0,0,0,0,0,0,0,0,0,0,0,0,0,0,0,0,0,0,False,0.0,False,,,,,,,,,,,,,,,,,,,,,,,,,,,,,,,,,,,,,,,,,
Ao8ZqUXQYnLmHR8nBAsNRdjFM5m5B1KEqv4VtC6H5BNB,launch-window,1783652496,2026-07-10T03:01:36+00:00,41.81684,1783652496,2026-07-10T03:01:36+00:00,60216.25,1,47,700.777643,700.777643,0.0,0.000103237,0.000102307,0.00815778774,0.00808429914,axiom,,,48,-0.0642373335,0.0,0,0,0,0,0,0,0,0,0,0,0,0,0,0,0,0,0,0,0,0,0,0,0,0,False,0.0,False,,,,,,,,,,,,,,,,,,,,,,,,,,,,,,,,,,,,,,,,,
J3EkurzJXN8i9BqDbYRHPR6ookXmqxn5Cv48suTA5JG7,launch-window,1783652496,2026-07-10T03:01:36+00:00,41.81684,1783652496,2026-07-10T03:01:36+00:00,60216.25,1,47,655.362351,655.362351,0.0,9.6546e-05,9.5685e-05,0.00762906492,0.0075610287,axiom,,,48,-0.06422200362,0.0,0,0,0,0,0,0,0,0,0,0,0,0,0,0,0,0,0,0,0,0,0,0,0,0,False,0.0,False,,,,,,,,,,,,,,,,,,,,,,,,,,,,,,,,,,,,,,,,,
AN4n6oNDC9DhX6S35ruNs3GiaXE2B4FLxkKyhHcjbXW7,launch-window,1783652496,2026-07-10T03:01:36+00:00,41.81684,1783652496,2026-07-10T03:01:36+00:00,60216.25,1,47,625.700064,625.700064,0.0,9.2177e-05,9.1338e-05,0.00728382654,0.0072175287599999995,"axiom,fomo",,,48,-0.06421370652,0.0,0,0,0,0,0,0,0,0,0,0,0,0,0,0,0,0,0,0,0,0,0,0,0,0,False,0.0,False,,,,,,,,,,,,,,,,,,,,,,,,,,,,,,,,,,,,,,,,,
DXkrUwU1676tG8zSBtBDinJKDNE1vQXZBvaAWsbpQo3G,launch-window,1783652496,2026-07-10T03:01:36+00:00,41.81684,1783652496,2026-07-10T03:01:36+00:00,60216.25,1,47,581.669372,581.669372,0.0,8.569e-05,8.492499999999999e-05,0.0067712238,0.0067107735,axiom,,,48,-0.0641982186,0.0,0,0,0,0,0,0,0,0,0,0,0,0,0,0,0,0,0,0,0,0,0,0,0,0,False,0.0,False,,,,,,,,,,,,,,,,,,,,,,,,,,,,,,,,,,,,,,,,,
Dfjx4LyCBx2VjN1WotWK6vro1D5pEGLHm22ptLBaUByz,launch-window,1783652496,2026-07-10T03:01:36+00:00,41.81684,1783652496,2026-07-10T03:01:36+00:00,60216.25,1,47,573.785915,573.7859149999999,1.1368683772161603e-13,8.4528e-05,8.377900000000001e-05,0.00667940256,0.00662021658,axiom,,,48,-0.06419521584,0.0,0,0,0,0,0,0,0,0,0,0,0,0,0,0,0,0,0,0,0,0,0,0,0,0,False,0.0,False,,,,,,,,,,,,,,,,,,,,,,,,,,,,,,,,,,,,,,,,,
EiZHtaCj4AjJLCLLtbNeyuiZR1HATUSwbExxoev1J4wz,launch-window,1783652496,2026-07-10T03:01:36+00:00,41.81684,1783652496,2026-07-10T03:01:36+00:00,60216.25,1,47,566.858859,566.858859,0.0,8.3509e-05,8.2754e-05,0.00659888118,0.00653922108,axiom,,,48,-0.06419410956,0.0,0,0,0,0,0,0,0,0,0,0,0,0,0,0,0,0,0,0,0,0,0,0,0,0,False,0.0,False,,,,,,,,,,,,,,,,,,,,,,,,,,,,,,,,,,,,,,,,,
3JuXo8wyVANr6GsLvUdbGEnWtR49sHfNN3LpFRuBm8kA,launch-window,1783652496,2026-07-10T03:01:36+00:00,41.81684,1783652496,2026-07-10T03:01:36+00:00,60216.25,1,47,520.35308,520.3530800000001,-1.1368683772161603e-13,7.6658e-05,7.597700000000001e-05,0.00605751516,0.00600370254,axiom,,,48,-0.0641780685,0.0,0,0,0,0,0,0,0,0,0,0,0,0,0,0,0,0,0,0,0,0,0,0,0,0,False,0.0,False,,,,,,,,,,,,,,,,,,,,,,,,,,,,,,,,,,,,,,,,,
HBLcwvJY3dzzgpshi3c3NMWezFdCLsCXo22skzjmbQWV,launch-window,1783652496,2026-07-10T03:01:36+00:00,41.81684,1783652496,2026-07-10T03:01:36+00:00,60216.25,1,47,508.388023,508.388023,0.0,7.4894e-05,7.4224e-05,0.00591812388,0.00586518048,axiom,,,48,-0.06417459162,0.0,0,0,0,0,0,0,0,0,0,0,0,0,0,0,0,0,0,0,0,0,0,0,0,0,False,0.0,False,,,,,,,,,,,,,,,,,,,,,,,,,,,,,,,,,,,,,,,,,
3HvF7BaFZPGXXMdWvv4irRY7d9a51DSxmDkZU7Kt6tmx,launch-window,1783652496,2026-07-10T03:01:36+00:00,41.81684,1783652496,2026-07-10T03:01:36+00:00,60216.25,1,47,505.262288,505.262288,0.0,7.4435e-05,7.377e-05,0.0058818537,0.0058293054,axiom,,,48,-0.06417348534,0.0,0,0,0,0,0,0,0,0,0,0,0,0,0,0,0,0,0,0,0,0,0,0,0,0,False,0.0,False,,,,,,,,,,,,,,,,,,,,,,,,,,,,,,,,,,,,,,,,,
3Fo4AfXYBZeEEQNkASrU2gXpHnpUCVLcindzaXrcxaAv,launch-window,1783652247,2026-07-10T02:57:27+00:00,41.81972,1783652247,2026-07-10T02:57:27+00:00,60220.4,1,1,55.780651,55.780651,0.0,6.446e-06,6.544e-06,0.0005098786,0.00051769584,,,,2,-0.00178984489,0.0,0,0,0,0,0,0,0,0,0,0,0,0,0,0,0,0,0,0,0,0,0,0,0,0,False,0.0,False,,,,,,,,,,,,,,,,,,,,,,,,,,,,,,,,,,,,,,,,,
FGZ3L5vvfgZV3WY1Nz9EWynayF53pK8RdqijazoFDNZu,no-buy,,,,,,,0,2,0,3588586.789304,-3588586.789304,0,0.510566655,0,40.2470819011,,,,2,0.0,0.0,0,0,0,0,0,0,0,0,0,0,0,0,0,0,0,0,0,0,0,0,0,0,0,0,False,0.0,False,,,,,,,,,,,,,,,,,,,,,,,,,,,,,,,,,,,,,,,,,
BzDZHX9JjUoZEVhqGByt76bhW6oGui6yWqsbZafMn7gK,no-buy,,,,,,,0,1,0,2155079.335818,-2155079.335818,0,0.530926745,0,41.85295530835,fresh_wallet,,,1,0.0,0.0,0,0,0,0,0,0,0,0,0,0,0,0,0,0,0,0,0,0,0,0,0,0,0,0,False,0.0,False,,,,,,,,,,,,,,,,,,,,,,,,,,,,,,,,,,,,,,,,,
98btU9hgfFhpUQ4YvxJJrLF2eTThHSYNLHnT9ktuZAQS,no-buy,,,,,,,0,2,0,2558313.713172,-2558313.713172,0,0.397392737,0,31.3054850899,,,,2,0.0,0.0,0,0,0,0,0,0,0,0,0,0,0,0,0,0,0,0,0,0,0,0,0,0,0,0,False,0.0,False,,,,,,,,,,,,,,,,,,,,,,,,,,,,,,,,,,,,,,,,,
8XbmQCGZg9nWfBLA8mYtNsfw7TNKhBQ4tKBXjn9E1GrH,no-buy,,,,,,,0,1,0,5993742.805854,-5993742.805854,0,0.690170576,0,54.41304821184,axiom,,,1,-37.932473375559645,0.0,0,0,0,0,0,0,0,0,0,0,0,0,0,0,0,0,0,0,0,0,0,0,0,0,False,0.0,False,,,,,,,,,,,,,,,,,,,,,,,,,,,,,,,,,,,,,,,,,
BYri5E54eH7F7DzSRzHVfDp5PYHPcruPT1f7tZA1P4z6,no-buy,,,,,,,0,1,0,814924.78753,-814924.78753,0,0.068551322,0,5.40458622648,,,,7,-27.55955130303487,0.0,0,0,0,0,0,0,0,0,0,0,0,0,0,0,0,0,0,0,0,0,0,0,0,0,False,0.0,False,,,,,,,,,,,,,,,,,,,,,,,,,,,,,,,,,,,,,,,,,
HhAVdeD8BCMjZ7R3FS1rZHTbgCAKNLKqHgRgmGEyRVks,no-buy,,,,,,,0,3,0,1603077.953766,-1603077.953766,0,0.185013946,0,14.59957386105,bullx,,,3,0.0,0.0,0,0,0,0,0,0,0,0,0,0,0,0,0,0,0,0,0,0,0,0,0,0,0,0,False,0.0,False,,,,,,,,,,,,,,,,,,,,,,,,,,,,,,,,,,,,,,,,,
DPuPSHimLqG9ebvAEMV8KhDP8TJG7UniuYkPQcvw8nEq,no-buy,,,,,,,0,1,0,6076570.823111,-6076570.823111,0,0.763001861,0,60.26188698178,"axiom,fresh_wallet",,,1,-4.950226141885045,0.0,0,0,0,0,0,0,0,0,0,0,0,0,0,0,0,0,0,0,0,0,0,0,0,0,False,0.0,False,,,,,,,,,,,,,,,,,,,,,,,,,,,,,,,,,,,,,,,,,
4gRmAaRdGf12wG2xH28P7ha9ugwD7bf2r89LgENYVfnR,no-buy,,,,,,,0,1,0,1804078.498106,-1804078.498106,0,0.205022591,0,16.20088514082,,,,1,0.0,0.0,0,0,0,0,0,0,0,0,0,0,0,0,0,0,0,0,0,0,0,0,0,0,0,0,False,0.0,False,,,,,,,,,,,,,,,,,,,,,,,,,,,,,,,,,,,,,,,,,
FdUu9S4dUxXqGkg3crG8Tn2yhiSPCedjhLverivAeXYn,no-buy,,,,,,,0,1,0,881375.836288,-881375.836288,0,0.077967709,0,6.16334739645,bluechip_owner,,,1,0.0,0.0,0,0,0,0,0,0,0,0,0,0,0,0,0,0,0,0,0,0,0,0,0,0,0,0,False,0.0,False,,,,,,,,,,,,,,,,,,,,,,,,,,,,,,,,,,,,,,,,,
3u49VndLZsihmgvJ3ainBTp1UgXNDcAaQ4emyUGu7rtF,no-buy,,,,,,,0,1,0,11554724.723587,-11554724.723587,0,1.022887097,0,80.73647856621,axiom,,vanish,1,-0.767391255241231,0.0,0,0,0,0,0,0,0,0,0,0,0,0,0,0,0,0,0,0,0,0,0,0,0,0,False,0.0,False,,,,,,,,,,,,,,,,,,,,,,,,,,,,,,,,,,,,,,,,,
3P3gu2SR6tbg95RAEadbnxfYLYwipDTNU7U63mbccreF,no-buy,,,,,,,0,1,0,12010622.892863,-12010622.892863,0,1.022887097,0,80.73647856621,,,vanish,1,-0.767391257200014,0.0,0,0,0,0,0,0,0,0,0,0,0,0,0,0,0,0,0,0,0,0,0,0,0,0,False,0.0,False,,,,,,,,,,,,,,,,,,,,,,,,,,,,,,,,,,,,,,,,,
4KmehfAC73ARotegeqtXCQwDhsdiy222N9pBuQhhhHn1,no-buy,,,,,,,0,1,0,20490610.565628,-20490610.565628,0,1.7869332,0,141.042637476,axiom,,vanish,1,-1.3402997289682372,0.0,0,0,0,0,0,0,0,0,0,0,0,0,0,0,0,0,0,0,0,0,0,0,0,0,False,0.0,False,,,,,,,,,,,,,,,,,,,,,,,,,,,,,,,,,,,,,,,,,
5cajECYwVJAh6JB25QmMvPQafiscUvoYm3g2qiSnZaC4,no-buy,,,,,,,0,1,0,1277502.954506,-1277502.954506,0,0.100489714,0,7.94672658312,,,,1,0.0,0.0,0,0,0,0,0,0,0,0,0,0,0,0,0,0,0,0,0,0,0,0,0,0,0,0,False,0.0,False,,,,,,,,,,,,,,,,,,,,,,,,,,,,,,,,,,,,,,,,,
5tZWNRNvBhPre9eA6kBA8QKcQqpGR661sd2ahjJrE3Rh,no-buy,,,,,,,0,1,0,195824.098719,-195824.098719,0,0.01067641,0,0.8438634464,,,,1,0.0,0.0,0,0,0,0,0,0,0,0,0,0,0,0,0,0,0,0,0,0,0,0,0,0,0,0,False,0.0,False,,,,,,,,,,,,,,,,,,,,,,,,,,,,,,,,,,,,,,,,,
AKubqrLzDGr3vbNXtjD9tXoxLgQFmceMMDLcxQYYCnqj,no-buy,,,,,,,0,1,0,166163.123371,-166163.123371,0,0.006238844,0,0.49280628756,,,,1,0.0,0.0,0,0,0,0,0,0,0,0,0,0,0,0,0,0,0,0,0,0,0,0,0,0,0,0,False,0.0,False,,,,,,,,,,,,,,,,,,,,,,,,,,,,,,,,,,,,,,,,,
AHNXyLV2aoYtmJETnVDDxu5N8fg38MEns241PU3Fb1pm,no-buy,,,,,,,0,1,0,513647.298385,-513647.298385,0,0.019185745,0,1.5129878507,,,,1,0.0,0.0,0,0,0,0,0,0,0,0,0,0,0,0,0,0,0,0,0,0,0,0,0,0,0,0,False,0.0,False,,,,,,,,,,,,,,,,,,,,,,,,,,,,,,,,,,,,,,,,,
ApCLtwrSNJSQ2yiM65Zy2ctu3GohBFJFAQMb5GN4o71f,no-buy,,,,,,,0,1,0,132491.172002,-132491.172002,0,0.004766473,0,0.37817196782,,,,1,0.0,0.0,0,0,0,0,0,0,0,0,0,0,0,0,0,0,0,0,0,0,0,0,0,0,0,0,False,0.0,False,,,,,,,,,,,,,,,,,,,,,,,,,,,,,,,,,,,,,,,,,
Fi5V79qqgs73qJ9DEftm8Ni6iHL5qY4oKRoPC9JQSknN,no-buy,,,,,,,0,1,0,5798598.685539,-5798598.685539,0,0.173700426,0,13.42009491276,,,,1,0.0,0.0,0,0,0,0,0,0,0,0,0,0,0,0,0,0,0,0,0,0,0,0,0,0,0,0,False,0.0,False,,,,,,,,,,,,,,,,,,,,,,,,,,,,,,,,,,,,,,,,,
8psNvWTrdNTiVRNzAgsou9kETXNJm2SXZyaKuJraVRtf,no-buy,,,,,,,0,1,0,650510.312767,-650510.312767,0,0.192476778,0,16.82631993276,"bluechip_owner,sandwich_bot",,,35,0.0,0.0,0,0,-650510.312767,0,0,0,-650510.312767,0,0,0,-650510.312767,0,0,0,-650510.312767,0,0,0,-650510.312767,0,0,0,-650510.312767,0,False,0.0,False,,,,,,,,,,,,,,,,,,,,,,,,,,,,,,,,,,,,,,,,,
