minute_ts,utc,open,high,low,close,open_mcap,high_mcap,close_mcap,buy_sol,sell_sol,buy_usd,sell_usd,buy_count,sell_count,unique_buyers,return_1m,mcap_change_1m,return_5m,mcap_change_5m,return_10m,mcap_change_10m,return_30m,mcap_change_30m,return_60m,mcap_change_60m
1783652220,2026-07-10T02:57:00+00:00,5.928511296136e-06,1.1910675743901e-05,2.232079023988e-06,1.1910675743901e-05,5928.511296136,11910.675743901,11910.675743901,134.365727872,94.504224091,10628.75278714561,7475.77888175541,163,105,147,,,,,,,,,,
1783652280,2026-07-10T02:58:00+00:00,1.1843492312124e-05,1.3190342620851e-05,1.1008499263116e-05,1.2936344345169e-05,11843.492312124,13190.342620850999,12936.344345169,13.053430039,10.466986611,1032.38923839021,827.77351979989,40,27,35,0.08611338460735163,1025.6686012680002,,,,,,,,
1783652340,2026-07-10T02:59:00+00:00,1.2890325644868e-05,1.4497401049935e-05,1.045378500813e-05,1.2532486951296e-05,12890.325644868,14497.401049935,12532.486951296001,45.416414887,46.453549771,3590.1231420139998,3672.0836371270198,47,57,35,-0.03121881909581492,-403.8573938729987,,,,,,,,
1783652400,2026-07-10T03:00:00+00:00,1.216066941381e-05,1.3711697136515e-05,1.0196744324292e-05,1.1686122143514e-05,12160.66941381,13711.697136515,11686.122143514,23.218613636,25.388781721,1834.85566246755,2006.41656664238,47,44,35,-0.06753366758498613,-846.3648077820017,,,,,,,,
1783652460,2026-07-10T03:01:00+00:00,1.176858818883e-05,1.2509102925666e-05,9.326094654942e-06,1.2231030763368e-05,11768.588188830001,12509.102925666,12231.030763368,8.1443133,6.875471563,643.57688683826,543.31395136591,47,583,35,0.04662869454572949,544.9086198540008,,,,,,,,
1783652520,2026-07-10T03:02:00+00:00,1.2205209279438e-05,1.3167338958047e-05,1.2030311527869e-05,1.3167338958047e-05,12205.209279438,13167.338958047001,13167.338958047001,5.142830845,2.460939795,406.22435519966,194.38138394634,16,12,15,0.07655186327249286,936.3081946790007,0.1055072979204803,1256.6632141460013,,,,,,
1783652580,2026-07-10T03:03:00+00:00,1.3423760573458e-05,1.3538166617705e-05,8.230581660429e-06,9.74692879206e-06,13423.760573458,13538.166617705,9746.92879206,7.9493602050000005,18.000850602,627.55418379096,1420.85806848685,22,35,16,-0.25976472367612846,-3420.410165987001,-0.24654689671275387,-3189.415553109,,,,,,
1783652640,2026-07-10T03:04:00+00:00,9.779114505346e-06,1.075152554754e-05,9.779114505346e-06,1.075152554754e-05,9779.114505346,10751.52554754,10751.52554754,5.685583374,2.32675328,448.61787962248997,183.6269229862,30,10,25,0.10306803064965031,1004.5967554800009,-0.14210758093562814,-1780.9614037560004,,,,,,
1783652700,2026-07-10T03:05:00+00:00,1.0912404393175e-05,1.3343655446136e-05,1.0912404393175e-05,1.3337078432004e-05,10912.404393175,13343.655446136,13337.078432004,8.561877744,1.262253586,675.08780406242,99.52835688523,24,9,24,0.24048242019529842,2585.5528844639994,0.1412749471736705,1650.9562884900006,,,,,,
1783652760,2026-07-10T03:06:00+00:00,1.3447808753633e-05,1.5464175536253e-05,1.3447808753633e-05,1.5182733291444e-05,13447.808753633,15464.175536253,15182.733291444,7.81291976,4.226930654,615.78972531059,333.14427434769,16,12,12,0.13838524447836464,1845.6548594399992,0.2413290085833455,2951.702528075999,,,,,,
1783652820,2026-07-10T03:07:00+00:00,1.464844929759e-05,1.7357056683792e-05,1.464844929759e-05,1.697551448856e-05,14648.449297590001,17357.056683791998,16975.51448856,11.762935746,5.873769689,927.05868354496,462.94801559581,23,20,19,0.11808026675449113,1792.781197115999,0.2892137540201847,3808.1755305129973,0.4252352136487729,5064.838744658999,,,,
1783652880,2026-07-10T03:08:00+00:00,1.7100493232928e-05,1.9150622209554e-05,1.6408553562134e-05,1.9150622209554e-05,17100.493232928,19150.622209554,19150.622209554,11.869825287,6.389390245,935.55939252038,503.65485859662,39,19,33,0.12813206471355132,2175.1077209940013,0.9647852793542919,9403.693417494,0.48037356602259007,6214.277864385,,,,
1783652940,2026-07-10T03:09:00+00:00,1.9023449728002e-05,1.9455020105067e-05,1.7513184010275e-05,1.9455020105067e-05,19023.449728002,19455.020105067,19455.020105067,6.124608262,5.748346663,482.68575655283996,453.02842581309,19,16,16,0.015894935014755918,304.39789551300055,0.8095125216456749,8703.494557527,0.5523670745218796,6922.533153770999,,,,
1783653000,2026-07-10T03:10:00+00:00,2.101357173255e-05,2.3389172391375e-05,1.9639998563112e-05,2.0113416481748e-05,21013.571732549997,23389.172391375,20113.416481748,18.28935344,16.735848636,1440.86576066526,1318.2364320490199,28,29,27,0.033841978734810985,658.3963766810011,0.5080826422586915,6776.338049744001,0.7211369378773176,8427.294338234002,,,,
1783653060,2026-07-10T03:11:00+00:00,1.9765632011964e-05,2.019634939051e-05,1.627472843871e-05,1.716725183684e-05,19765.632011963997,20196.34939051,17167.25183684,12.097749119,18.966075358999998,953.3189366799201,1494.71584175632,41,31,31,-0.14647758363585361,-2946.164644908,0.13070891171580712,1984.518545396002,0.4035817723765365,4936.221073472001,,,,
1783653120,2026-07-10T03:12:00+00:00,1.7230166870676e-05,1.9114942856148e-05,1.5071596511724e-05,1.9114942856148e-05,17230.166870676,19114.942856148,19114.942856148,12.715173817,8.675966567,1002.54416773886,684.09714328189,44,19,30,0.11345386191215301,1947.6910193080003,0.12603025192725603,2139.4283675880033,0.45169368822743206,5947.603898101001,,,,
1783653180,2026-07-10T03:13:00+00:00,1.888950924234e-05,1.8908576948628e-05,1.7610592288973e-05,1.7735581371456e-05,18889.50924234,18908.576948628,17735.581371456,5.00972723,7.146505541,394.95559217548,563.42096457162,33,8,23,-0.07216142339909493,-1379.3614846920027,-0.07389007117440038,-1415.0408380980007,0.819607155220389,7988.652579395999,,,,
1783653240,2026-07-10T03:14:00+00:00,1.799567591904e-05,2.3877119440552e-05,1.799567591904e-05,2.385272911913e-05,17995.67591904,23877.119440552,23852.72911913,18.767515956,5.74400255,1479.50627904095,452.81303034287004,30,20,24,0.3449082169654194,6117.147747674,0.22604494831221622,4397.709014062999,1.2185436860713796,13101.203571589998,,,,
1783653300,2026-07-10T03:15:00+00:00,2.3565621485351e-05,2.3906006111175e-05,2.075382774968e-05,2.075382774968e-05,23565.621485351003,23906.006111175,20753.82774968,6.046326829,12.642816044,476.51317100995004,996.365410955,19,21,16,-0.12991810513475655,-3098.901369449999,0.03184000433308509,640.4112679319987,0.5561000001228587,7416.749317676,,,,
1783653360,2026-07-10T03:16:00+00:00,2.078706888352e-05,2.1643297883376e-05,1.8745131175008e-05,1.9505288359756e-05,20787.06888352,21643.297883376,19505.288359756,7.833465185,10.787053819,617.3624324253,850.12899022552,19,18,17,-0.06015947539813482,-1248.5393899240007,0.1361916598612889,2338.036522915998,0.2847020352223344,4322.555068312,,,,
1783653420,2026-07-10T03:17:00+00:00,1.9473415614394e-05,2.1328188068625e-05,1.9404927312346e-05,2.1328188068625e-05,19473.415614393998,21328.188068625,21328.188068625,9.215798447,5.115073236000001,726.12838572077,403.02090637988,20,10,17,0.09345669109050814,1822.8997088690012,0.11578612759311202,2213.245212476999,0.2564089343506095,4352.673580065002,,,,
1783653480,2026-07-10T03:18:00+00:00,2.1303138923334e-05,2.2436647548432e-05,2.1303138923334e-05,2.2436647548432e-05,21303.138923334,22436.647548432,22436.647548432,7.793508975,5.392296602,613.96658271579,424.79020561405,16,13,14,0.051971572842496094,1108.4594798069993,0.2650641148162185,4701.066176976001,0.17158843733226825,3286.025338878,,,,
1783653540,2026-07-10T03:19:00+00:00,2.2292521610346e-05,2.2292521610346e-05,2.086847095632e-05,2.086847095632e-05,22292.521610346,22292.521610346,20868.47095632,1.504028207,4.872726158,118.47080490312,383.80406092034,8,9,6,-0.06989353417113298,-1568.1765921119986,-0.12511181206584066,-2984.258162809998,0.07265224315470498,1413.450851253001,,,,
1783653600,2026-07-10T03:20:00+00:00,2.0853106149495e-05,2.1303765515142e-05,1.9964504907188e-05,1.9964504907188e-05,20853.106149495,21303.765515142,19964.504907188,1.753591763,3.690883778,138.21549587289,290.83787254023,10,10,9,-0.04331731112567383,-903.9660491320028,-0.038032639184073846,-789.3228424920017,-0.00740359424740844,-148.91157456000292,,,,
1783653660,2026-07-10T03:21:00+00:00,1.994854430928e-05,1.994854430928e-05,1.8960717368321e-05,1.946286079296e-05,19948.54430928,19948.54430928,19462.86079296,1.49228096,2.705709992,117.58915531225,213.19002879102,10,9,10,-0.025126799615621254,-501.6441142279982,-0.002175182751132043,-42.427566795999155,0.13372023536077848,2295.6089561199988,,,,
1783653720,2026-07-10T03:22:00+00:00,1.948815161356e-05,1.948815161356e-05,1.11899462472e-05,1.4511733409208e-05,19488.15161356,19488.15161356,14511.733409208,16.187154663,28.327501051,1275.64617018064,2232.3973303097,64,39,41,-0.2543884702470304,-4951.127383752,-0.31959839426980674,-6816.454659417001,-0.24081732713417214,-4603.209446940002,,,,
1783653780,2026-07-10T03:23:00+00:00,1.4359499901586e-05,1.5310155876531e-05,1.3211050013379e-05,1.3211050013379e-05,14359.499901586,15310.155876531,13211.050013379,10.791241768,16.664796245999998,850.53237784898,1313.45526026286,35,25,28,-0.08962977469002353,-1300.6833958290008,-0.41118431419571577,-9225.597535053,-0.2551104056480985,-4524.531358077,,,,
1783653840,2026-07-10T03:24:00+00:00,1.2280134624016e-05,1.279537506828e-05,5.124344818572e-06,5.88699160672e-06,12280.134624016,12795.37506828,5886.99160672,19.153888029,41.287661846,1509.983012603,3254.93310782526,51,91,40,-0.5543888183938318,-7324.058406658999,-0.717900194075449,-14981.479349600002,-0.7531942119780917,-17965.73751241,,,,
1783653900,2026-07-10T03:25:00+00:00,5.809643602837e-06,6.482959528704e-06,5.217527481316e-06,6.469131493968e-06,5809.643602837,6482.959528704,6469.131493968,6.988843655,4.583632221,551.17377796717,361.40393896442,30,21,28,0.0988858021444241,582.1398872479995,-0.6759683486246203,-13495.373413219999,-0.6882921275055998,-14284.696255712,,,,
1783653960,2026-07-10T03:26:00+00:00,6.495023072132e-06,6.51486810408e-06,6.150856881481e-06,6.49931375217e-06,6495.023072132,6514.86810408,6499.31375217,2.363554711,2.257194112,186.49430023267,178.10437648019,9,10,9,0.004665581188161516,30.182258202000412,-0.6660658563349076,-12963.54704079,-0.6667922241242219,-13005.974607585998,,,,
1783654020,2026-07-10T03:27:00+00:00,6.75739463436e-06,7.79646345002e-06,6.75739463436e-06,7.79646345002e-06,6757.39463436,7796.46345002,7796.46345002,5.592075176,0.743502401,441.20268238774,58.66034035627,17,5,12,0.1995825632232182,1297.14969785,-0.46274761049062685,-6715.269959188,-0.6344526114954392,-13531.724618605,-0.34542223987482235,-4114.212293881,,
1783654080,2026-07-10T03:28:00+00:00,7.68025483581e-06,8.102966219179e-06,7.59309158358e-06,7.971012001016e-06,7680.25483581,8102.966219178999,7971.012001016001,2.143647069,1.419202171,169.12493626123,111.98108900061,7,3,7,0.022388170240899674,174.5485509960008,-0.3966405400824572,-5240.038012362998,-0.6447324858221495,-14465.635547416,-0.3838280901982385,-4965.332344152999,,
1783654140,2026-07-10T03:29:00+00:00,7.994657909286e-06,8.094384930303e-06,7.948953165924e-06,7.948953165924e-06,7994.657909286,8094.384930303001,7948.953165923999,0.92016588,1.3519244499999998,72.5861558655,106.59118017478,7,5,6,-0.002767381994806861,-22.058835092001573,0.3502572615952553,2061.961559203999,-0.6190926885557628,-12919.517790396003,-0.36573218094577886,-4583.533785372002,,
1783654200,2026-07-10T03:30:00+00:00,7.870158839872e-06,8.982293605839e-06,7.780267477866e-06,8.982293605839e-06,7870.158839872,8982.293605839,8982.293605839,4.629836731,0.345214335,364.69420201687,27.206540168550003,7,4,7,0.12999704720173466,1033.3404399150013,0.3884852416764668,2513.162111871001,-0.5500868342292313,-10982.211301348998,-0.23137089485032225,-2703.828537674999,,
1783654260,2026-07-10T03:31:00+00:00,9.120819307662e-06,1.0856012783453e-05,9.120819307662e-06,1.0625114867838e-05,9120.819307662001,10856.012783453,10625.114867838,5.742245377000001,0.774624636,452.34177427702,61.01191643602,17,2,17,0.18289552024118572,1642.821261998999,0.6348056537954445,4125.8011156679995,-0.4540825739409666,-8837.745925122,-0.13129849205675503,-1605.9158955300009,,
1783654320,2026-07-10T03:32:00+00:00,1.0606684153855e-05,1.0606684153855e-05,9.21444048332e-06,9.21444048332e-06,10606.684153855,10606.684153855,9214.44048332,1.265438485,5.848575906,99.716552618,460.86579619224,5,7,5,-0.13276791847098812,-1410.674384517999,0.18187438989358218,1417.9770333000006,-0.36503515992974045,-5297.292925887999,-0.30020480883202694,-3952.8984747270006,,
1783654380,2026-07-10T03:33:00+00:00,8.994445425566e-06,1.1095511006316e-05,8.713389194e-06,1.1095511006316e-05,8994.445425566,11095.511006316001,11095.511006316001,7.777764428,1.782088796,612.91371583992,140.40739570857,10,4,8,0.20414375961308973,1881.0705229960004,0.39198272501681664,3124.4990053,-0.16013405481930398,-2115.5390070629983,0.13835970724999824,1348.582214256001,,
1783654440,2026-07-10T03:34:00+00:00,1.11394422455e-05,1.1172070395573e-05,1.0150111878065e-05,1.0150111878065e-05,11139.4422455,11172.070395573,10150.111878065,0.387736519,3.346986542,30.5673356761,263.78180331246,3,6,3,-0.0852055509397307,-945.3991282510015,0.27691177268184775,2201.1587121410003,0.7241593934801349,4263.120271344999,-0.055937519453935214,-601.4136694750014,,
1783654500,2026-07-10T03:35:00+00:00,1.0349751485524e-05,1.062705432621e-05,1.0349751485524e-05,1.062705432621e-05,10349.751485523999,10627.05432621,10627.05432621,1.461920837,0,115.29102029321,0,4,0,4,0.04698888582456928,476.9424481450005,0.18311144041225869,1644.7607203709995,0.6427327742710076,4157.922832242,-0.20319473410990485,-2710.024105794,,
1783654560,2026-07-10T03:36:00+00:00,1.095157090271e-05,1.2096335181195e-05,1.095157090271e-05,1.1651648841612e-05,10951.57090271,12096.335181195,11651.648841612001,4.410976824,1.6709815670000001,348.19030311781,131.89057508331,6,2,6,0.0964137835331278,1024.594515402001,0.09661391773573169,1026.5339737740014,0.7927506327451466,5152.335089442001,-0.23257238219562804,-3531.0844498319984,,
1783654620,2026-07-10T03:37:00+00:00,1.140291235989e-05,1.20216331288e-05,1.062862830738e-05,1.0755571230775e-05,11402.91235989,12021.6331288,10755.571230775,3.974700602,6.091856908,313.77861993534,480.93367319174,8,5,8,-0.07690564854965443,-896.077610837001,0.16725169045746813,1541.1307474549994,0.3795448795116727,2959.107780755,-0.3664067596877074,-6219.943257784998,,
1783654680,2026-07-10T03:38:00+00:00,1.0814344958255e-05,1.1759937524325e-05,1.0756165103208e-05,1.1759937524325e-05,10814.344958255,11759.937524325002,11759.937524325002,3.111111107,0.28614982499999997,245.65234535441,22.59305713378,4,3,2,0.09338102756236677,1004.3662935500015,0.05988246216247117,664.4265180090006,0.4753380778784495,3788.9255233090007,-0.38592399789192655,-7390.684685228998,,
1783654740,2026-07-10T03:39:00+00:00,1.1776460796252e-05,1.1813207440892e-05,1.069445113354e-05,1.069445113354e-05,11776.460796251999,11813.207440892002,10694.45113354,0.286301132,3.5725423480000003,22.59290640014,281.91944519022,5,5,5,-0.09060306558441145,-1065.4863907850013,0.0536288921752035,544.3392554750008,0.3453911364562505,2745.497967616001,-0.45029863367991774,-8760.568971527,,
1783654800,2026-07-10T03:40:00+00:00,1.0682296956344e-05,1.0685795465996e-05,1.0682296956344e-05,1.0685795465996e-05,10682.296956344,10685.795465996001,10685.795465996001,0.004888888,0,0.38590926318,0,2,0,2,-0.0008093606147634436,-8.655667543998788,0.005527509127446928,58.74113978600144,0.18965109969792437,1703.501860157001,-0.46872300508007336,-9427.621015752,,
1783654860,2026-07-10T03:41:00+00:00,1.0681710770768e-05,1.0681710770768e-05,1.0191828445084e-05,1.0191828445084e-05,10681.710770768,10681.710770768,10191.828445084,0.009777777,1.634206769,0.77224882746,129.08275808705,1,5,1,-0.04622650905904824,-493.9670209120013,-0.12528873950564712,-1459.8203965280009,-0.04077945774172742,-433.28642275399943,-0.4063214926915161,-6975.423391756001,,
1783654920,2026-07-10T03:42:00+00:00,1.0102962155115e-05,1.0102962155115e-05,9.5188910838e-06,1.0017562740651e-05,10102.962155115,10102.962155115,10017.562740651,2.908282075,3.354434072,229.75300750528,264.95010510744004,5,11,5,-0.017098571210454105,-174.2657044330008,-0.0686163918483782,-738.0084901240007,0.08715909107935671,803.1222573309988,-0.47593028051198083,-9097.380115497002,,
1783654980,2026-07-10T03:43:00+00:00,1.0051684524442e-05,1.0051684524442e-05,8.130045735768e-06,8.130045735768e-06,10051.684524442,10051.684524442,8130.045735768,0.248949549,6.671847115,19.66641393438,527.10340368297,3,9,3,-0.1884207819556254,-1887.5170048829996,-0.3086659075397894,-3629.8917885570017,-0.2672671199064145,-2965.465270548001,-0.5415968856339461,-9605.535635688,,
1783655040,2026-07-10T03:44:00+00:00,8.120978176234e-06,9.923423351238e-06,8.120978176234e-06,9.923423351238e-06,8120.978176234001,9923.423351238,9923.423351238,6.077062891,0.007989562,479.99412169469,0.63109550238,10,1,10,0.22058641165818615,1793.37761547,-0.07209605922494688,-771.0277823020006,-0.02233359883617514,-226.6885268269998,-0.5839711547606781,-13929.305767892,,
1783655100,2026-07-10T03:45:00+00:00,9.91858898946e-06,1.00659607355e-05,9.91858898946e-06,9.9939136203e-06,9918.58898946,10065.960735499999,9993.9136203,0.502713725,0.530592517,39.714384275,41.916578873300004,3,2,3,0.007103422535450488,70.49026906200015,-0.06474780917318568,-691.8818456960016,-0.05957819415192567,-633.1407059100002,-0.5184544393043787,-10759.91412938,,
1783655160,2026-07-10T03:46:00+00:00,9.921296906144e-06,9.921296906144e-06,9.181578864726e-06,9.181578864726e-06,9921.296906144,9921.296906144,9181.578864726,0.117975306,2.466796787,9.32260621096,194.97561804448,2,2,2,-0.08128294744552877,-812.3347555740002,-0.09912348758630163,-1010.2495803580005,-0.21199317027685738,-2470.0699768860013,-0.5292774607900821,-10323.70949503,,
1783655220,2026-07-10T03:47:00+00:00,9.1957953907e-06,9.1957953907e-06,8.570266894006e-06,8.570266894006e-06,9195.795390700001,9195.795390700001,8570.266894006,0.001975308,2.1242253559999997,0.156049332,167.85381833223,1,4,1,-0.06658026682845941,-611.3119707200003,-0.1444758454840429,-1447.295846645,-0.2031788261060623,-2185.3043367690007,-0.598171824703039,-12757.921174619001,,
1783655280,2026-07-10T03:48:00+00:00,8.539770837318e-06,8.539770837318e-06,7.252692935894e-06,7.51375457814e-06,8539.770837318,8539.770837318,7513.75457814,1.031226724,4.762216984,81.50904632579,376.33257647225,6,10,6,-0.12327647772613926,-1056.512315865999,-0.07580414399351254,-616.2911576279994,-0.36107189663226746,-4246.182946185001,-0.6651124210102812,-14922.892970292,,
1783655340,2026-07-10T03:49:00+00:00,7.29750512029e-06,7.29750512029e-06,6.938238580838e-06,6.98694418166e-06,7297.50512029,7297.50512029,6986.944181659999,1.367826006,3.327113555,108.15896448465,263.10058377372997,9,5,9,-0.0701128032598598,-526.8103964800011,-0.2959139266402112,-2936.4791695780004,-0.3466757578846189,-3707.506951880001,-0.6651913694930289,-13881.526774660002,,
1783655400,2026-07-10T03:50:00+00:00,7.00365873062e-06,7.83069325491e-06,6.98471555808e-06,7.83069325491e-06,7003.65873062,7830.69325491,7830.69325491,3.873231644,0.077967709,306.21356858649,6.16334739645,6,1,6,0.12076081493033164,843.749073250001,-0.2164537785273617,-2163.2203653899996,-0.26718667975364274,-2855.1022110860013,-0.6077692238643672,-12133.811652277998,,
1783655460,2026-07-10T03:51:00+00:00,8.042110411801e-06,8.092705224384e-06,7.877512918908e-06,8.092705224384e-06,8042.110411801,8092.705224384,8092.705224384,1.139487205,0.868238246,90.04472708715,68.60818619892,4,2,4,0.03345961346522075,262.01196947399967,-0.1185932894967836,-1088.8736403419998,-0.20596139662383217,-2099.1232207000003,-0.5841975488356137,-11370.155568576,,
1783655520,2026-07-10T03:52:00+00:00,8.2987005417e-06,8.5118734623e-06,8.2987005417e-06,8.5118734623e-06,8298.7005417,8511.8734623,8511.8734623,1.476149751,0,116.61583032899999,0,2,0,2,0.05179581194345384,419.1682379160002,-0.0068134904581372835,-58.39343170599932,-0.1503049511475434,-1505.6892783509993,-0.4134488815168671,-5999.859946908,,
1783655580,2026-07-10T03:53:00+00:00,8.73542914923e-06,8.982636660206e-06,8.73542914923e-06,8.982636660206e-06,8735.42914923,8982.636660206,8982.636660206,1.5683950599999998,0.006960531,123.8561578882,0.54974273838,2,1,2,0.0553066489993137,470.76319790600064,0.195492422169266,1468.8820820660003,0.10486914245599377,852.5909244380009,-0.3200664102316494,-4228.4133531729985,,
1783655640,2026-07-10T03:54:00+00:00,8.761136464972e-06,8.761136464972e-06,7.995522037465e-06,7.995522037465e-06,8761.136464972,8761.136464972,7995.522037464999,0.097777777,3.601687044,7.71857771638,284.31911525869003,1,5,1,-0.10989141162906202,-987.1146227410018,0.14435178378158664,1008.5778558049997,-0.19427784601495257,-1927.9013137730008,0.3581677317728995,2108.5304307449987,,
1783655700,2026-07-10T03:55:00+00:00,7.83208225018e-06,7.83208225018e-06,7.124894105952e-06,7.124894105952e-06,7832.08225018,7832.08225018,7124.894105952,0.007642731,3.1111514799999997,0.60352351003,245.66542218706,2,4,2,-0.10888944179422633,-870.6279315129987,-0.09013239645358984,-705.7991489579999,-0.28707667720084584,-2869.0195143479996,0.10136795218886063,655.7626119840006,,
1783655820,2026-07-10T03:57:00+00:00,6.987313026558e-06,7.121608632918e-06,6.59825840583e-06,7.121608632918e-06,6987.313026558,7121.608632918,7121.608632918,2.0473734599999998,2.045774194,161.5991871978,161.47295713242,6,2,5,-0.00046112587571733865,-3.2854730340004608,-0.16333241272202081,-1390.2648293820002,-0.16903303934457214,-1448.6582610879996,-0.08655909457258715,-674.8548171020002,-0.40208189811860995,-4789.067110983
1783655880,2026-07-10T03:58:00+00:00,7.121145155958e-06,7.121145155958e-06,6.29198762593e-06,6.29198762593e-06,7121.145155958,7121.145155958,6291.98762593,0.355297684,3.634243217,28.05235036325,286.90520768681,9,4,4,-0.11649348479404875,-829.6210069879999,-0.29953889220476326,-2690.6490342760007,-0.1626040536065051,-1221.7669522100005,-0.21064130562994876,-1679.0243750860009,-0.5136193457713805,-6644.356719239
1783655940,2026-07-10T03:59:00+00:00,6.279181912245e-06,6.281029793472e-06,6.07683640724e-06,6.07683640724e-06,6279.181912245,6281.029793472,6076.83640724,0.102252099,1.045286332,8.07329210493,82.5232728565,3,4,3,-0.03419447581291135,-215.15121868999995,-0.23997002587629956,-1918.685630224999,-0.13025834338407027,-910.1077744199993,-0.2355173970214708,-1872.1167586839993,-0.5151132867039143,-6455.650544056001
1783656000,2026-07-10T04:00:00+00:00,6.01327318372e-06,6.454550068101e-06,5.263017570378e-06,5.263017570378e-06,6013.27318372,6454.550068101,5263.017570378,3.440012201,7.657571769,271.96980445161,605.2568460950899,6,11,6,-0.13392146543428562,-813.8188368620004,-0.26131988881331225,-1861.8765355740006,-0.3278988974471726,-2567.6756845320006,-0.41406751979731105,-3719.276035461001,-0.5496352420636759,-6423.104573136
1783656060,2026-07-10T04:01:00+00:00,5.292007969343e-06,5.537900347221e-06,5.192673626592e-06,5.537900347221e-06,5292.007969343,5537.900347221,5537.900347221,2.364385178,0.200095098,186.82704595082,15.80951369298,10,1,6,0.05222912011355074,274.8827768430001,-0.22273927656065173,-1586.9937587310005,-0.3156923187397409,-2554.804877163,-0.47879148450581854,-5087.214520617,-0.5472253766373445,-6693.130416147001
1783656120,2026-07-10T04:02:00+00:00,5.56475852466e-06,6.3374678085e-06,5.56475852466e-06,6.3374678085e-06,5564.75852466,6337.4678085000005,6337.4678085000005,3.409599265,0.415138712,269.39243792765,32.79610490111,5,2,4,0.14438097675055395,799.5674612790008,-0.1101072615523252,-784.1408244179993,-0.25545558958679015,-2174.4056537999995,-0.31222434829634005,-2876.97267482,-0.5186979063353601,-6829.871149547001
1783656180,2026-07-10T04:03:00+00:00,6.224388110708e-06,6.224388110708e-06,5.936562942618e-06,5.936562942618e-06,6224.388110708,6224.388110708,5936.562942618,0,1.455520701,0,115.00276181445,0,6,0,-0.0632594717632009,-400.9048658820002,-0.05648845872602393,-355.4246833119996,-0.3391068605816395,-3046.0737175880004,-0.46495813133449415,-5158.948063698001,-0.39092989501944286,-3810.3658494419997
1783656240,2026-07-10T04:04:00+00:00,5.93424239862e-06,5.93424239862e-06,5.93424239862e-06,5.93424239862e-06,5934.24239862,5934.24239862,5934.24239862,0,0.025394023,0,2.00815933884,0,1,0,-0.00039089015317961273,-2.3205439980001756,-0.023465171524135853,-142.59400861999984,-0.2578042595825967,-2061.2796388449988,-0.41535202075513544,-4215.869479444999,-0.44805577846784894,-4817.283148920001
1783656300,2026-07-10T04:05:00+00:00,5.93488597167e-06,5.93488597167e-06,5.391577204045e-06,5.391577204045e-06,5934.88597167,5934.88597167,5391.577204045,0.049977479,2.475060044,3.95073755787,195.71944880284,2,4,2,-0.09144641524943364,-542.665194575,0.024426981659832814,128.55963366700053,-0.24327616328487178,-1733.316901907,-0.49265553383429106,-5235.477122165,-0.5957452577389639,-7945.501227959
1783656360,2026-07-10T04:06:00+00:00,5.20488691947e-06,5.20488691947e-06,4.33693972026e-06,4.33693972026e-06,5204.88691947,5204.88691947,4336.93972026,0,4.705742911,0,372.20960120316,0,5,0,-0.19560834313821274,-1054.6374837849999,-0.2168620870116703,-1200.9606269609994,-0.3912976591979095,-2787.954385692,-0.6277831765087776,-7314.709121352001,-0.7143505298414208,-10845.793571184
1783656420,2026-07-10T04:07:00+00:00,4.385057927126e-06,4.680096638438e-06,4.265570256168e-06,4.51733573514e-06,4385.057927125999,4680.096638438,4517.33573514,1.646216642,2.438536707,130.14989749428,192.79071205542002,7,3,7,0.04159523224113082,180.3960148799997,-0.2872017860065159,-1820.1320733600005,-0.36568604538872673,-2604.272897778,-0.5800003888018043,-6238.235495635,-0.7338910854110321,-12458.178753419998
1783656480,2026-07-10T04:08:00+00:00,4.170869745214e-06,4.35952920804e-06,4.169567524236e-06,4.35952920804e-06,4170.869745214,4359.5292080399995,4359.5292080399995,1.202024259,0.505313353,95.02025717581,39.95007368818,2,3,2,-0.03493353966862267,-157.8065271000005,-0.26564760616898886,-1577.0337345780008,-0.3071300410582688,-1932.4584178900004,-0.6292897645908004,-7400.408316285002,-0.772355740699376,-14791.093001514
1783656540,2026-07-10T04:09:00+00:00,4.312626198936e-06,4.312626198936e-06,4.312626198936e-06,4.312626198936e-06,4312.626198936,4312.626198936,4312.626198936,0,0.011114087,0,0.87867971822,0,1,0,-0.01075873262128857,-46.903009103999466,-0.2732642333688804,-1621.616199684,-0.29031721278560396,-1764.210208304,-0.5967416985607876,-6381.824934604,-0.7783283607189494,-15142.393906131001
1783656600,2026-07-10T04:10:00+00:00,4.309293143168e-06,4.309293143168e-06,4.207143337902e-06,4.207143337902e-06,4309.293143168,4309.293143168,4207.143337902,0.029377777,0.51429271,2.32143193854,40.649695798399996,1,4,1,-0.024459078104201115,-105.48286103400005,-0.21968226018434556,-1184.4338661430002,-0.20062145306502643,-1055.8742324759996,-0.6062863685450617,-6478.6521280940015,-0.7908290050216089,-15906.273143846001
1783656720,2026-07-10T04:12:00+00:00,4.211807567751e-06,4.21911160299e-06,4.211807567751e-06,4.21911160299e-06,4211.807567751,4219.1116029899995,4219.1116029899995,0.061321903999999997,0,4.8472712816,0,2,0,2,0.002844748592275792,11.968265087999498,-0.06601770371640481,-298.2241321500005,-0.3342590873075202,-2118.356205510001,-0.5788285322268101,-5798.451137661,-0.779276787027747,-14895.831253158001
1783656840,2026-07-10T04:14:00+00:00,4.214132757315e-06,4.225216183905e-06,4.172680360215e-06,4.172680360215e-06,4214.132757315,4225.216183905,4172.680360214999,0.009876542,0.267600237,0.7807406451,21.15481011746,1,4,1,-0.01100498094008584,-46.4312427750001,-0.03245025936992341,-139.94583872100065,-0.2968469974894603,-1761.5620384050007,-0.5795120078501503,-5750.742991023,-0.825064866188897,-19680.048758915
1783656900,2026-07-10T04:15:00+00:00,4.176817171072e-06,4.176817171072e-06,4.176817171072e-06,4.176817171072e-06,4176.817171072,4176.817171072,4176.817171072,0.054049381,0,4.27206307424,0,1,0,1,0.0009914037261140596,4.136810857000455,-0.007208256147774539,-30.326166830000147,-0.22530699032958923,-1214.7600329730003,-0.5820639111200744,-5817.096449228,-0.7987447317453812,-16577.010578608002
1783656960,2026-07-10T04:16:00+00:00,4.175924992029e-06,4.233243866592e-06,4.175924992029e-06,4.233243866592e-06,4175.924992029,4233.243866592,4233.243866592,0.343258451,0.12760001999999998,27.13801313606,10.0849291982,1,2,1,0.013509496156739464,56.42669552000007,0.006203860100239655,26.10052868999992,-0.023909913523488813,-103.69585366800038,-0.5389416211567519,-4948.334998134,-0.7829694291868979,-15272.044493164
1783657020,2026-07-10T04:17:00+00:00,4.22998682859e-06,4.22998682859e-06,4.22998682859e-06,4.22998682859e-06,4229.98682859,4229.98682859,4229.98682859,0.027481929,0,2.17272130674,0,1,0,1,-0.0007693953158955935,-3.2570380019997174,0.0025776103178436482,10.875225600000704,-0.06361026131282099,-287.3489065499998,-0.5064346442292911,-4340.280065415999,-0.8016715337008606,-17098.201240035
1783657080,2026-07-10T04:18:00+00:00,4.221544387489e-06,4.221544387489e-06,4.221544387489e-06,4.221544387489e-06,4221.544387489,4221.544387489,4221.544387489,0,0.125986438,0,9.96426738142,0,1,0,-0.0019958551747580877,-8.44244110100044,0.0005766106061939613,2.432784499000263,-0.031651312324395775,-137.98482055099976,-0.4381578019901169,-3292.2101906510006,-0.811846026534208,-18215.103160943
1783657140,2026-07-10T04:19:00+00:00,4.201529804381e-06,4.206734516076e-06,4.201529804381e-06,4.206734516076e-06,4201.529804381,4206.734516076001,4206.734516076001,0.10641291,0.060383504,8.4151329228,4.77452366128,1,1,1,-0.0035081643241489102,-14.8098714129992,0.00816121843065054,34.05415586100116,-0.02455387459412195,-105.89168285999949,-0.39791496730169396,-2780.2096655839987,-0.7984167347535353,-16661.736440244
1783657200,2026-07-10T04:20:00+00:00,4.253180778084e-06,4.253180778084e-06,4.253180778084e-06,4.253180778084e-06,4253.180778084,4253.180778084,4253.180778084,0.349883811,0,27.66881177388,0,1,0,1,0.011040930163409568,46.446262007999394,0.018282726747266498,76.3636070120001,0.010942684022017923,46.037440181999955,-0.45685769578355384,-3577.5124768260002,-0.7869628724650873,-15711.324129104
1783657260,2026-07-10T04:21:00+00:00,4.277810815713e-06,4.277810815713e-06,4.270825145094e-06,4.270825145094e-06,4277.810815713,4277.810815713,4270.825145094001,0.041711589,0.104669518,3.29771822634,8.27621878826,1,1,1,0.004148510945248152,17.64436701000068,0.008877654981936045,37.581278502000714,0.015136590811701822,63.68180719200063,-0.4722623613886682,-3821.8800792899992,-0.7805653962937031,-15192.035647866
1783657380,2026-07-10T04:23:00+00:00,4.26075002388e-06,4.26075002388e-06,4.26075002388e-06,4.26075002388e-06,4260.75002388,4260.75002388,4260.75002388,0,0.118985947,0,9.40226953194,0,1,0,-0.002359057294952449,-10.075121214000319,0.009287036400041249,39.20563639100055,0.009869002009923467,41.638420890000816,-0.5256682213636048,-4721.886636326,-0.6774858910105492,-8950.299989498999
1783657560,2026-07-10T04:26:00+00:00,4.19648147436e-06,4.19648147436e-06,4.139187232218e-06,4.139187232218e-06,4196.48147436,4196.48147436,4139.187232218001,0,0.573185725,0,45.25968566486,0,2,0,-0.02853084339158196,-121.56279166199965,-0.030822594792300317,-131.63791287599997,-0.0222185721725785,-94.05663437399926,-0.41905280686765534,-2985.7068737339996,-0.3631347262107476,-2360.1265199519994
1783657620,2026-07-10T04:27:00+00:00,4.10249704008e-06,4.10249704008e-06,4.10249704008e-06,4.10249704008e-06,4102.49704008,4102.49704008,4102.49704008,0,0.260111431,0,20.53579747745,0,1,0,-0.00886410545829297,-36.690192138000384,-0.03941348551985624,-168.32810501400036,-0.03013952375650697,-127.48978850999993,-0.4239367463809861,-3019.1115928379995,-0.4738002600307867,-3693.9664099399997
1783657680,2026-07-10T04:28:00+00:00,4.073490866768e-06,4.073490866768e-06,4.073490866768e-06,4.073490866768e-06,4073.490866768,4073.490866768,4073.490866768,0,0.024816047,0,1.95897875018,0,1,0,-0.0070703703204705315,-29.0061733120001,-0.043949810728739824,-187.25915711200014,-0.035070937820711356,-148.0535207209996,-0.3525907695716567,-2218.4967591619998,-0.4889618951459632,-3897.5211342480006
1783657740,2026-07-10T04:29:00+00:00,3.961463202108e-06,3.961463202108e-06,3.961463202108e-06,3.961463202108e-06,3961.463202108,3961.463202108,3961.463202108,0,1.091369594,0,86.14180205442,0,1,0,-0.027501636391021322,-112.02766466000003,-0.07024275540564517,-299.28682177200017,-0.05830444327558526,-245.2713139680004,-0.3481043528852815,-2115.373205132,-0.5016371188233673,-3987.489963815999
1783657800,2026-07-10T04:30:00+00:00,3.850486529472e-06,3.850486529472e-06,3.850486529472e-06,3.850486529472e-06,3850.4865294720003,3850.4865294720003,3850.4865294720003,0,0.02493022,0,1.9664957536,0,1,0,-0.028014061212772723,-110.97667263599988,-0.09628903176873027,-410.26349440800004,-0.09468072711299336,-402.6942486119997,-0.26838805343462857,-1412.5310409059994,-0.5713247976030348,-5131.807076367
1783657860,2026-07-10T04:31:00+00:00,3.847259130608e-06,3.847259130608e-06,3.845427670953e-06,3.845427670953e-06,3847.2591306079994,3847.2591306079994,3845.4276709529995,0,0.013844783,0,1.09202106629,0,2,0,-0.0013138231961804525,-5.058858519000751,-0.07097034871447183,-293.75956126500114,-0.09960545320607772,-425.3974741410011,-0.3056163112644864,-1692.4726762680002,-0.6380813084107892,-6779.687196885
1783657980,2026-07-10T04:33:00+00:00,3.84292755996e-06,3.84292755996e-06,3.84292755996e-06,3.84292755996e-06,3842.92755996,3842.92755996,3842.92755996,0,0.045301805,0,3.5752184506,0,1,0,-0.0006501516104138183,-2.5001109929994527,-0.05660091414196167,-230.5633068080001,-0.09806312540708861,-417.82246392000025,-0.352667933094417,-2093.6353826580003,-0.6536502412757326,-7252.583446356
1783658340,2026-07-10T04:39:00+00:00,3.812577370866e-06,3.812577370866e-06,3.812577370866e-06,3.812577370866e-06,3812.577370866,3812.577370866,3812.577370866,0,0.317291101,0,25.07234280102,0,1,0,-0.007897674005157618,-30.350189094000143,-0.007897674005157618,-30.350189094000143,-0.03758354518168283,-148.88583124200022,-0.11594995833243571,-500.0488280700001,-0.6434994818098732,-6881.873762674
1783658580,2026-07-10T04:43:00+00:00,3.6889647477e-06,3.6889647477e-06,3.6889647477e-06,3.6889647477e-06,3688.9647477000003,3688.9647477000003,3688.9647477000003,0,0.955919115,0,75.517610085,0,1,0,-0.03242232514691823,-123.6126231659996,-0.04006393819757614,-153.96281225999974,-0.04006393819757614,-153.96281225999974,-0.12565366958159985,-530.1468552899992,-0.5462553511266903,-4441.080988067999
1783658700,2026-07-10T04:45:00+00:00,3.537325559085e-06,3.537325559085e-06,3.476276826351e-06,3.476276826351e-06,3537.325559085,3537.325559085,3476.2768263509997,0,0.660914697,0,52.20565191603,0,2,0,-0.05765517859220726,-212.6879213490006,-0.08820818879240522,-336.3005445150002,-0.09540922327789503,-366.6507336090003,-0.16772109384457512,-700.5403447210001,-0.6521606091041391,-6517.636793949
1783658760,2026-07-10T04:46:00+00:00,3.473457799635e-06,3.473457799635e-06,3.473457799635e-06,3.473457799635e-06,3473.457799635,3473.457799635,3473.457799635,0,0.02239498,0,1.7689794702,0,1,0,-0.0008109327469639771,-2.8190267159998257,-0.08894759063052704,-339.119571231,-0.09614278556134048,-369.46976032500015,-0.17948081681593986,-759.786066957,-0.6216927555913712,-5708.121065091
1783658880,2026-07-10T04:48:00+00:00,3.519720390318e-06,3.534330066029e-06,3.509285634249e-06,3.513633806106e-06,3519.7203903179998,3534.330066029,3513.633806106,0.531915059,0.309855485,42.05112439549,24.48168186985,3,1,3,0.011566573941166558,40.176006471000164,-0.0475284947364476,-175.33094159400025,-0.08568825425827886,-329.293753854,-0.16768995334526604,-707.9105813829997,-0.5323730939617959,-4000.1207720340003
1783659120,2026-07-10T04:52:00+00:00,3.512055758682e-06,3.512055758682e-06,3.512055758682e-06,3.512055758682e-06,3512.055758682,3512.055758682,3512.055758682,0.004767872,0,0.37651885184,0,1,0,1,-0.0004491211979056331,-1.578047424000033,0.01111225794971693,38.59795904700013,-0.07882374125190239,-300.5216121839999,-0.17766341646733463,-758.7693864120006,-0.5873933307118261,-4999.817703618
1783659660,2026-07-10T05:01:00+00:00,3.578757605549e-06,3.696809595563e-06,3.578757605549e-06,3.696809595563e-06,3578.757605549,3696.809595563,3696.809595563,1.248183587,0,98.46920317843,0,2,0,2,0.052605610381975865,184.7538368810001,0.052605610381975865,184.7538368810001,0.052132862889318954,183.17578945700006,-0.03864799655773221,-148.61807538999938,-0.3324528496764819,-1841.0907516579996
1783659840,2026-07-10T05:04:00+00:00,3.7762001536e-06,3.830895077282e-06,3.7762001536e-06,3.830895077282e-06,3776.2001536,3830.895077282,3830.895077282,0.452012785,0,35.65916224442,0,3,0,3,0.03627059448231584,134.08548171899974,0.09078424162595122,318.83931859999984,0.09078424162595122,318.83931859999984,-0.0031310719471706605,-12.032482678000179,-0.35444243427385613,-2103.3473213380003
1783659900,2026-07-10T05:05:00+00:00,3.842682407762e-06,3.842682407762e-06,3.842682407762e-06,3.842682407762e-06,3842.682407762,3842.682407762,3842.682407762,0.071705092,0,5.66326816616,0,1,0,1,0.003076912899520945,11.787330480000037,0.0941404897296041,330.6266490799999,0.0941404897296041,330.6266490799999,-6.37930833133904e-05,-0.24515219800014165,-0.2872804631492526,-1548.8947962830002
1783659960,2026-07-10T05:06:00+00:00,3.9178341309e-06,3.9341538324e-06,3.906380693931e-06,3.906380693931e-06,3917.8341309,3934.1538324000003,3906.3806939309998,0.938271602,0.526359904,74.12098742220999,41.582432416,2,1,1,0.0165765159359339,63.69828616899986,0.05668971932434186,209.57109836799964,0.11227752699375748,394.32493524899974,0.01651166538555837,63.453133970999716,-0.09927715257780623,-430.5590263290005
1783660140,2026-07-10T05:09:00+00:00,3.936415124823e-06,4.01829391107e-06,3.936415124823e-06,4.01829391107e-06,3936.4151248229996,4018.2939110700004,4018.2939110700004,0.608065683,0,48.00611933691,0,3,0,3,0.028648825065327177,111.91321713900061,0.04891776726001029,187.3988337880005,0.14414297128869635,506.23815238800034,0.05395734176465328,205.71654020400047,-0.06824896809712289,-294.33228786599966
1783660320,2026-07-10T05:12:00+00:00,4.045837977471e-06,4.045837977471e-06,4.009680267725e-06,4.009680267725e-06,4045.8379774709997,4045.8379774709997,4009.680267725,0,0.363117491,0,28.689912963909997,0,2,0,-0.002143607096850464,-8.613643345000582,0.026443806143750193,103.29957379400003,0.08463261741624839,312.87067216199966,0.05169807132706894,197.10289685899988,-0.04963872847463435,-209.4313352649997
1783660680,2026-07-10T05:18:00+00:00,3.979843872498e-06,3.979843872498e-06,3.979843872498e-06,3.979843872498e-06,3979.8438724979997,3979.8438724979997,3979.8438724979997,0,0.005632603,0,0.44508828906,0,1,0,-0.007441090868805955,-29.83639522700014,-0.007441090868805955,-29.83639522700014,0.01880594451051154,73.46317856699989,0.1326860145703912,466.2100663919996,-0.057254050367752995,-241.7005149910001
1783660800,2026-07-10T05:20:00+00:00,3.840560147689e-06,3.840560147689e-06,3.840560147689e-06,3.840560147689e-06,3840.560147689,3840.560147689,3840.560147689,0,1.379026349,0,108.90171078053,0,1,0,-0.03499728363001753,-139.28372480899952,-0.04217795653117118,-169.12012003599966,-0.04423115066107075,-177.73376338100024,0.09304508085471697,326.92634158300007,-0.09701459964297121,-412.6206303949998
1783660920,2026-07-10T05:22:00+00:00,3.688102925518e-06,3.688102925518e-06,3.688102925518e-06,3.688102925518e-06,3688.1029255179997,3688.1029255179997,3688.1029255179997,0,0.224131406,0,17.70189844588,0,1,0,-0.039696610991169834,-152.45722217100047,-0.08020024558952066,-321.57734220700013,-0.08020024558952066,-321.57734220700013,0.050126529569128,176.04716683599963,-0.13644253739710877,-582.722219576001
1783661040,2026-07-10T05:24:00+00:00,3.661182303935e-06,3.661182303935e-06,3.661182303935e-06,3.661182303935e-06,3661.1823039349997,3661.1823039349997,3661.1823039349997,0,0.05479905,0,4.3274809785,0,1,0,-0.007299314071940843,-26.920621582999956,-0.08006886168702587,-318.66156856299995,-0.08691415288025683,-348.4979637900001,0.042461326214525696,149.12654525299968,-0.14071882100208521,-599.5677199450006
1783661100,2026-07-10T05:25:00+00:00,3.556559844116e-06,3.556559844116e-06,3.556559844116e-06,3.556559844116e-06,3556.559844116,3556.559844116,3556.559844116,0,1.092670636,0,86.38654048216,0,1,0,-0.028576140474226852,-104.62245981899969,-0.07394762551600531,-284.0003035730001,-0.11300662231257907,-453.1204236089998,0.012671804917670615,44.50408543399999,-0.1652737606799889,-704.1901797640003
1783661160,2026-07-10T05:26:00+00:00,3.457677542532e-06,3.457677542532e-06,3.457677542532e-06,3.457677542532e-06,3457.6775425319997,3457.6775425319997,3457.6775425319997,0.009876542,0,0.78103694136,0,1,0,1,-0.027802794250064933,-98.88230158400029,-0.09969446914856783,-382.8826051570004,-0.13766751669359245,-552.0027251930001,-0.015483300917297327,-54.3782161500003,-0.1646481909253501,-681.5096896860009
1783661280,2026-07-10T05:28:00+00:00,3.45571834344e-06,3.45571834344e-06,3.45571834344e-06,3.45571834344e-06,3455.71834344,3455.71834344,3455.71834344,0,0.031126338,0,2.46147080904,0,1,0,-0.000566622846665199,-1.9591990919998352,-0.06300924534131891,-232.38458207799977,-0.13169499755502356,-524.1255290579998,-0.016041150571920904,-56.337415242000134,-0.15165678371046765,-617.7725233280003
1783661580,2026-07-10T05:33:00+00:00,3.45570679269e-06,3.45570679269e-06,3.45570679269e-06,3.45570679269e-06,3455.70679269,3455.70679269,3455.70679269,0,0.054210227,0,4.29670259202,0,1,0,-3.342503309577971e-06,-0.011550749999969412,-3.342503309577971e-06,-0.011550749999969412,-0.06301237723601749,-232.39613282799974,-0.06521915631315645,-241.1028028730002,-0.10076192205767998,-387.2207672700001
1783661940,2026-07-10T05:39:00+00:00,3.406087767853e-06,3.406087767853e-06,3.406087767853e-06,3.406087767853e-06,3406.087767853,3406.087767853,3406.087767853,0,0.46076898,0,36.4975109058,0,1,0,-0.014358574906285893,-49.61902483699987,-0.014358574906285893,-49.61902483699987,-0.014361869416011253,-49.63057558699984,-0.1523547447662883,-612.2061432170003,-0.10661806003445617,-406.48960301299985
1783662000,2026-07-10T05:40:00+00:00,3.35816577286e-06,3.35816577286e-06,3.35816577286e-06,3.35816577286e-06,3358.16577286,3358.16577286,3358.16577286,0,0.042621959,0,3.37395427444,0,1,0,-0.014069512666494588,-47.921994993000226,-0.0282260694212636,-97.5410198300001,-0.028229317578842728,-97.55257058000007,-0.164280700421493,-660.1281382100005,-0.11918750855481886,-454.4115980060001
1783662060,2026-07-10T05:41:00+00:00,3.323201395247e-06,3.323201395247e-06,3.323201395247e-06,3.323201395247e-06,3323.201395247,3323.201395247,3323.201395247,0,0.328481371,0,25.99273088723,0,1,0,-0.010411748549036703,-34.96437761299967,-0.038343935232958426,-132.50539744299977,-0.03834714957153762,-132.51694819299973,-0.17298199962628147,-695.0925158230002,-0.12835830673459658,-489.37597561899975
1783662180,2026-07-10T05:43:00+00:00,3.28892769216e-06,3.293898261728e-06,3.285371890654e-06,3.293898261728e-06,3288.92769216,3293.8982617280003,3293.8982617280003,0.149305621,0.184398381,11.82450749675,14.60335369302,2,3,1,-0.008817742301417741,-29.303133518999857,-0.046823570594669794,-161.80853096199962,-0.046823570594669794,-161.80853096199962,-0.17851348691279012,-715.7820059969995,-0.10709413426038206,-395.066485972
1783662660,2026-07-10T05:51:00+00:00,3.286189373078e-06,3.286189373078e-06,3.286189373078e-06,3.286189373078e-06,3286.1893730780002,3286.1893730780002,3286.1893730780002,0,0.049632865,0,3.93141923665,0,1,0,-0.0023403542057051085,-7.708888650000063,-0.0023403542057051085,-7.708888650000063,-0.011137459866843002,-37.01202216899992,-0.14434633316303724,-554.3707746109999,-0.0647319685485569,-227.44443302799982
1783663320,2026-07-10T06:02:00+00:00,3.280744247969e-06,3.280744247969e-06,3.280744247969e-06,3.280744247969e-06,3280.744247969,3280.744247969,3280.744247969,0,0.010958531,0,0.86802524051,0,1,0,-0.0016569724050625734,-5.445125109000401,-0.0016569724050625734,-5.445125109000401,-0.0016569724050625734,-5.445125109000401,-0.050633205047845964,-174.97409547100006,-0.11254714013222955,-416.0653475940003
1783663800,2026-07-10T06:10:00+00:00,3.281910335328e-06,3.281910335328e-06,3.281910335328e-06,3.281910335328e-06,3281.910335328,3281.910335328,3281.910335328,0.047009997,0,3.72131136252,0,1,0,1,0.0003554337890623316,1.1660873590003575,0.0003554337890623316,1.1660873590003575,-0.0013021275599804927,-4.279037750000043,-0.022707466721351377,-76.25543753199963,-0.18325776860506304,-736.3835757420002
1783664160,2026-07-10T06:16:00+00:00,3.27511665047e-06,3.27511665047e-06,3.254571572065e-06,3.254571572065e-06,3275.1166504700004,3275.1166504700004,3254.571572065,0,0.224721524,0,17.77417480549,0,2,0,-0.008330137166976503,-27.338763263000146,-0.008330137166976503,-27.338763263000146,-0.007977664190130906,-26.17267590399979,-0.011939254505805241,-39.32668966300025,-0.18832142346562486,-755.1086956599997
1783664280,2026-07-10T06:18:00+00:00,3.219677810543e-06,3.219677810543e-06,3.219677810543e-06,3.219677810543e-06,3219.677810543,3219.677810543,3219.677810543,0,0.252010604,0,19.92647845828,0,1,0,-0.010721460797330162,-34.893761522000204,-0.01896228672523459,-62.23252478500035,-0.018613592773592313,-61.06643742599999,-0.022532709054002065,-74.22045118500046,-0.19100399068616525,-760.1660619549998
1783664340,2026-07-10T06:19:00+00:00,3.187029029492e-06,3.187029029492e-06,3.187029029492e-06,3.187029029492e-06,3187.0290294919996,3187.0290294919996,3187.0290294919996,0,0.075415632,0,5.95632661536,0,1,0,-0.010140387632604053,-32.64878105100024,-0.028910389420044202,-94.88130583600059,-0.028565231360236698,-93.71521847700023,-0.03244460628238588,-106.8692322360007,-0.19920752381383733,-792.814843006
1783664580,2026-07-10T06:23:00+00:00,3.179859151016e-06,3.179859151016e-06,3.179859151016e-06,3.179859151016e-06,3179.859151016,3179.859151016,3179.859151016,0,0.001163419,0,0.09187519843,0,1,0,-0.0022497060458663842,-7.169878475999667,-0.012367280787105916,-39.81865952699991,-0.03109505558804393,-102.05118431200026,-0.03235669341916414,-106.3302220620003,-0.13780628815575047,-508.2437745019997
1783664640,2026-07-10T06:24:00+00:00,3.171421476315e-06,3.171421476315e-06,3.171421476315e-06,3.171421476315e-06,3171.421476315,3171.421476315,3171.421476315,0,0.085302095,0,6.73460040025,0,1,0,-0.002653474352253715,-8.437674701000105,-0.0048972108608272835,-15.607553176999772,-0.033666020007812825,-110.48885901300036,-0.03492431011530639,-114.76789676300041,-0.13377122114176343,-489.7608276199999
1783665000,2026-07-10T06:30:00+00:00,3.093233196049e-06,3.093233196049e-06,3.019137060942e-06,3.019137060942e-06,3093.233196049,3093.233196049,3019.137060942,0,0.864793876,0,68.32772250413,0,2,0,-0.04801771587608261,-152.28441537299977,-0.04801771587608261,-152.28441537299977,-0.052679773857209344,-167.89196854999955,-0.08126504039110394,-267.0523121360002,-0.126335898678422,-436.58128249799984
1783665060,2026-07-10T06:31:00+00:00,3.015562162717e-06,3.015562162717e-06,3.015562162717e-06,3.015562162717e-06,3015.562162717,3015.562162717,3015.562162717,0,0.001274981,0,0.10073624881,0,1,0,-0.001184079474644495,-3.5748982250001973,-0.04914493855893887,-155.85931359799997,-0.05380147629290055,-171.46686677499974,-0.08235289559941517,-270.6272103610004,-0.1273703864085306,-440.15618072300003
1783665180,2026-07-10T06:33:00+00:00,2.997851032638e-06,2.997851032638e-06,2.997851032638e-06,2.997851032638e-06,2997.851032638,2997.851032638,2997.851032638,0,0.209003465,0,16.5154538043,0,1,0,-0.005873243237354608,-17.71113007899976,-0.05472954161825194,-173.57044367699973,-0.05723779253551098,-182.00811837799984,-0.08622836586732718,-282.89321533099974,-0.13249265273909272,-457.8557600519998
1783665240,2026-07-10T06:34:00+00:00,2.974479451104e-06,2.974479451104e-06,2.974479451104e-06,2.974479451104e-06,2974.479451104,2974.479451104,2974.479451104,0,0.037827848,0,2.98688687808,0,1,0,-0.007796111707870201,-23.371581534000143,-0.06209897570594569,-196.94202521099987,-0.06209897570594569,-196.94202521099987,-0.0933522316025086,-306.2647968649999,-0.13925583692573695,-481.22734158599997
1783666860,2026-07-10T07:01:00+00:00,2.965218103712e-06,2.965218103712e-06,2.965218103712e-06,2.965218103712e-06,2965.218103712,2965.218103712,2965.218103712,0,0.035428895,0,2.7946312376,0,1,0,-0.0031136027477220996,-9.261347392000062,-0.0031136027477220996,-9.261347392000062,-0.0031136027477220996,-9.261347392000062,-0.016694750858539886,-50.34405900499996,-0.09767278538344348,-320.97126936600034
1783667760,2026-07-10T07:16:00+00:00,2.965798169283e-06,2.965798169283e-06,2.965798169283e-06,2.965798169283e-06,2965.7981692830003,2965.7981692830003,2965.7981692830003,0,0.006238844,0,0.49280628756,0,1,0,0.0001956232394082491,0.5800655710004321,0.0001956232394082491,0.5800655710004321,0.0001956232394082491,0.5800655710004321,-0.0029185886013695095,-8.68128182099963,-0.08872854579712786,-288.7734027819997
1783668300,2026-07-10T07:25:00+00:00,2.96466844941e-06,2.96466844941e-06,2.96466844941e-06,2.96466844941e-06,2964.66844941,2964.66844941,2964.66844941,0,0.033385041,0,2.63908749105,0,1,0,-0.00038091596545608564,-1.1297198730003402,-0.00038091596545608564,-1.1297198730003402,-0.0001853672420628616,-0.5496543019999081,-0.0032983928298306875,-9.81100169399997,-0.06519254171956812,-206.75302690499984
1783669200,2026-07-10T07:40:00+00:00,2.949455797372e-06,2.949455797372e-06,2.949455797372e-06,2.949455797372e-06,2949.455797372,2949.455797372,2949.455797372,0,0.044073742,0,3.47389234444,0,1,0,-0.005131316468466318,-15.212652038000215,-0.005131316468466318,-15.212652038000215,-0.005131316468466318,-15.212652038000215,-0.005315732532547246,-15.762306340000123,-0.008412784200849899,-25.023653732000184
1783669980,2026-07-10T07:53:00+00:00,2.945577355722e-06,2.945577355722e-06,2.945577355722e-06,2.945577355722e-06,2945.577355722,2945.577355722,2945.577355722,0,0.019185745,0,1.5129878507,0,1,0,-0.0013149685624906926,-3.878441649999786,-0.0013149685624906926,-3.878441649999786,-0.0013149685624906926,-3.878441649999786,-0.006818000553924675,-20.22081356100034,-0.009716690216593382,-28.90209538199997
1783671300,2026-07-10T08:15:00+00:00,2.94733611051e-06,2.94733611051e-06,2.94733611051e-06,2.94733611051e-06,2947.33611051,2947.33611051,2947.33611051,0,0.0128346,0,1.013676708,0,1,0,0.0005970832117456748,1.7587547879998056,0.0005970832117456748,1.7587547879998056,0.0005970832117456748,1.7587547879998056,-0.000718670496397511,-2.1196868619999805,-0.006030582768806969,-17.881993202000103
1783671480,2026-07-10T08:18:00+00:00,2.945850693384e-06,2.945850693384e-06,2.945850693384e-06,2.945850693384e-06,2945.850693384,2945.850693384,2945.850693384,0,0.113964276,0,9.02938958748,0,1,0,-0.000503986335560036,-1.485417125999902,9.279595440569999e-05,0.2733376619999035,9.279595440569999e-05,0.2733376619999035,-0.0012222946318476424,-3.6051039879998825,-0.0067258372823875145,-19.947475899000437
1783672620,2026-07-10T08:37:00+00:00,2.933685314791e-06,2.933685314791e-06,2.933685314791e-06,2.933685314791e-06,2933.6853147909997,2933.6853147909997,2933.6853147909997,0,0.063949138,0,5.07180613478,0,1,0,-0.004129665709237118,-12.165378593000241,-0.004129665709237118,-12.165378593000241,-0.004129665709237118,-12.165378593000241,-0.004037252971102134,-11.892040931000338,-0.010450792440269696,-30.98313461900034
1783672680,2026-07-10T08:38:00+00:00,2.92724534765e-06,2.92724534765e-06,2.92724534765e-06,2.92724534765e-06,2927.24534765,2927.24534765,2927.24534765,0,0.007520985,0,0.5964141105,0,1,0,-0.002195179935806646,-6.43996714099967,-0.006315780285737316,-18.60534573399991,-0.006315780285737316,-18.60534573399991,-0.006223570410190948,-18.332008072000008,-0.012623031006198215,-37.42310176000001
1783672800,2026-07-10T08:40:00+00:00,2.925642187136e-06,2.925642187136e-06,2.925642187136e-06,2.925642187136e-06,2925.642187136,2925.642187136,2925.642187136,0,0.002667581,0,0.21148582168,0,1,0,-0.0005476686521296292,-1.6031605140001375,-0.006859989982990644,-20.20850624800005,-0.006859989982990644,-20.20850624800005,-0.006767830607902536,-19.935168586000145,-0.008073899685907548,-23.81361023599993
1783672920,2026-07-10T08:42:00+00:00,2.885598319012e-06,2.885598319012e-06,2.885598319012e-06,2.885598319012e-06,2885.5983190119996,2885.5983190119996,2885.5983190119996,0,0.490521544,0,38.91307408552,0,1,0,-0.013687206282460784,-40.043868124000255,-0.016391327159922642,-48.08699577900006,-0.020453302167458554,-60.252374372000304,-0.020362404196748174,-59.9790367100004,-0.02165059683786341,-63.85747836000019
1783673040,2026-07-10T08:44:00+00:00,2.849022424332e-06,2.849022424332e-06,2.849022424332e-06,2.849022424332e-06,2849.022424332,2849.022424332,2849.022424332,0.049382715,0,3.9180246081,0,1,0,1,-0.012675324364800455,-36.57589467999969,-0.026722366603399883,-78.22292331800008,-0.03286937429295522,-96.828269052,-0.03277962848350768,-96.55493139000009,-0.03405149286505238,-100.43337303999988
1783673460,2026-07-10T08:51:00+00:00,2.852047369375e-06,2.852047369375e-06,2.852047369375e-06,2.852047369375e-06,2852.047369375,2852.047369375,2852.047369375,0,0.009022408,0,0.71574762664,0,1,0,0.0010617484148827128,3.024945043000116,0.0010617484148827128,3.024945043000116,-0.025155098625729178,-73.59481776099983,-0.03184252488412609,-93.80332400899988,-0.033025898568743495,-97.40842799699976
1783673640,2026-07-10T08:54:00+00:00,3.00780766091e-06,3.19637774781e-06,3.00780766091e-06,3.19637774781e-06,3007.8076609100003,3196.37774781,3196.37774781,2.1324815040000002,0,169.1057832672,0,2,0,2,0.12073094652367478,344.33037843500006,0.12192088082965635,347.3553234780002,0.12192088082965635,347.3553234780002,0.08504404347058436,250.52705442600018,0.08514473116817056,250.80039208800008
1783674420,2026-07-10T09:07:00+00:00,3.203738924841e-06,3.203738924841e-06,3.203738924841e-06,3.203738924841e-06,3203.738924841,3203.738924841,3203.738924841,0,0.110005884,0,8.70916583628,0,1,0,0.002302974683152881,7.361177030999897,0.002302974683152881,7.361177030999897,0.002302974683152881,7.361177030999897,0.09205268495855679,270.0536100500003,0.08764379201160777,258.161569119
1783675320,2026-07-10T09:22:00+00:00,3.176841405035e-06,3.176841405035e-06,3.176841405035e-06,3.176841405035e-06,3176.8414050349998,3176.8414050349998,3176.8414050349998,0,0.184413828,0,14.5963544862,0,1,0,-0.008395665326360824,-26.89751980600022,-0.008395665326360824,-26.89751980600022,-0.008395665326360824,-26.89751980600022,0.11388101023412367,324.79403565999974,0.078412226447788,230.99071165099986
1783675380,2026-07-10T09:23:00+00:00,3.16015845231e-06,3.16015845231e-06,3.16015845231e-06,3.16015845231e-06,3160.15845231,3160.15845231,3160.15845231,0,0.000288453,0,0.02282817042,0,1,0,-0.005251427628259586,-16.682952724999723,-0.013603003725767948,-43.58047253099994,-0.013603003725767948,-43.58047253099994,0.10803154472238652,308.111082935,0.07274902268716721,214.30775892600013
1783675560,2026-07-10T09:26:00+00:00,3.145279521019e-06,3.145279521019e-06,3.145279521019e-06,3.145279521019e-06,3145.279521019,3145.279521019,3145.279521019,0,0.164018695,0,12.97879933535,0,1,0,-0.004708286472193679,-14.878931290999844,-0.018247243359538534,-58.459403821999786,-0.018247243359538534,-58.459403821999786,-0.015986291615879833,-51.09822679099989,0.06769821297559009,199.4288276350003
1783676940,2026-07-10T09:49:00+00:00,3.135275125719e-06,3.135275125719e-06,3.135275125719e-06,3.135275125719e-06,3135.275125719,3135.275125719,3135.275125719,0,0.013136122,0,1.04130039094,0,1,0,-0.0031807650903977747,-10.004395300000397,-0.0031807650903977747,-10.004395300000397,-0.0031807650903977747,-10.004395300000397,-0.021369968255262273,-68.46379912200018,0.1004740078359041,286.2527013869999
1783677180,2026-07-10T09:53:00+00:00,2.96973825708e-06,2.96973825708e-06,2.96973825708e-06,2.96973825708e-06,2969.73825708,2969.73825708,2969.73825708,0,1.858335001,0,147.25446547924,0,1,0,-0.052798195374014534,-165.53686863899975,-0.055811021807730676,-175.54126393900015,-0.055811021807730676,-175.54126393900015,-0.06025653400094777,-190.42019523,0.04126540427369929,117.69088770500002
1783678500,2026-07-10T10:15:00+00:00,2.812954458692e-06,2.812954458692e-06,2.812954458692e-06,2.812954458692e-06,2812.9544586919997,2812.9544586919997,2812.9544586919997,0,0.003743986,0,0.29648625134,0,1,0,-0.05279381036837838,-156.78379838800038,-0.05279381036837838,-156.78379838800038,-0.05279381036837838,-156.78379838800038,-0.10565835567432635,-332.3250623270005,-0.12197762530490674,-390.7844661490003
1783679220,2026-07-10T10:27:00+00:00,2.830493886675e-06,2.830493886675e-06,2.830493886675e-06,2.830493886675e-06,2830.493886675,2830.493886675,2830.493886675,0.060603883,0,4.82103889265,0,1,0,1,0.006235233538461227,17.539427983000223,0.006235233538461227,17.539427983000223,0.006235233538461227,17.539427983000223,-0.04688775856694938,-139.24437040500015,-0.10008192665878446,-314.7856343440003
1783679340,2026-07-10T10:29:00+00:00,2.918618325091e-06,3.221508437209e-06,2.918618325091e-06,3.221508437209e-06,2918.618325091,3221.508437209,3221.508437209,2.6400000009999998,0,210.22320007963,0,3,0,3,0.13814357712438907,391.01455053400014,0.1452401681280593,408.55397851700036,0.1452401681280593,408.55397851700036,0.08477857586565674,251.77018012899998,0.024235975111459584,76.22891618999984
1783679400,2026-07-10T10:30:00+00:00,3.385988027898e-06,4.598830627629e-06,3.385988027898e-06,4.598830627629e-06,3385.988027898,4598.830627629,4598.830627629,6.731294302,0,535.89810015727,0,12,0,12,0.4275395260529764,1377.3221904200004,0.6348756068263606,1785.8761689370008,0.6348756068263606,1785.8761689370008,0.5485642940636821,1629.0923705490004,0.4621373384770209,1453.5511066100003
1783679460,2026-07-10T10:31:00+00:00,4.484763838162e-06,4.484763838162e-06,2.82701666373e-06,3.335682939335e-06,4484.763838162,4484.763838162,3335.682939335,3.334778273,9.592469536,265.30801161715,763.38530687763,4,16,4,-0.2746671470580415,-1263.1476882940005,0.18582898810457982,522.7284806430002,0.18582898810457982,522.7284806430002,0.12322455737726057,365.94468225499986,0.06053624711049954,190.40341831599972
1783679520,2026-07-10T10:32:00+00:00,3.39889208428e-06,3.39889208428e-06,3.39889208428e-06,3.39889208428e-06,3398.8920842800003,3398.8920842800003,3398.8920842800003,0.174501133,0,13.8902901868,0,1,0,1,0.018949386405891833,63.20914494500039,0.2008123742223309,568.3981976050004,0.2082997198114811,585.9376255880006,0.1445089735355891,429.15382720000025,0.08063275825445082,253.6125632610001
1783679700,2026-07-10T10:35:00+00:00,3.265070580464e-06,3.265070580464e-06,3.022294962848e-06,3.022294962848e-06,3265.0705804639997,3265.0705804639997,3022.2949628479996,0,2.763167503,0,219.72707983856,0,2,0,-0.1107999642512264,-376.5971214320007,-0.34281229130497637,-1576.5356647810008,0.0744201540516023,209.34050415599995,0.01769742018263809,52.556705767999574,-0.03910131272884643,-122.98455817100057
1783679820,2026-07-10T10:37:00+00:00,2.93023343131e-06,2.93023343131e-06,2.93023343131e-06,2.93023343131e-06,2930.23343131,2930.23343131,2930.23343131,0.097777777,0,7.77235549373,0,1,0,1,-0.030460803022100635,-92.0615315379996,-0.13788571138741468,-468.6586529700003,0.03523750575987439,99.73954463500013,-0.013302460469645339,-39.504825770000025,-0.06837105836600821,-215.04608970900017
1783680000,2026-07-10T10:40:00+00:00,2.902679974207e-06,2.902679974207e-06,2.902679974207e-06,2.902679974207e-06,2902.679974207,2902.679974207,2902.679974207,0,0.429803154,0,34.17364877454,0,1,0,-0.009403161129958648,-27.5534571029998,-0.039577536313094575,-119.6149886409994,-0.3688221617103732,-1696.1506534220002,-0.022580536420383046,-67.05828287299983,-0.07713131541752549,-242.59954681199997
1783680600,2026-07-10T10:50:00+00:00,2.865504414299e-06,2.865504414299e-06,2.865504414299e-06,2.865504414299e-06,2865.504414299,2865.504414299,2865.504414299,0,0.003429186,0,0.27258599514,0,1,0,-0.012807322969924151,-37.175559908000196,-0.012807322969924151,-37.175559908000196,-0.012807322969924151,-37.175559908000196,0.018681410018787092,52.549955607000356,-0.08604371246626541,-269.77071141999977
1783682040,2026-07-10T11:14:00+00:00,2.864345073568e-06,2.864345073568e-06,2.864345073568e-06,2.864345073568e-06,2864.3450735680003,2864.3450735680003,2864.3450735680003,0.01965432,0,1.5609460944,0,1,0,1,-0.00040458521899833233,-1.159340730999702,-0.00040458521899833233,-1.159340730999702,-0.00040458521899833233,-1.159340730999702,-0.01320672653535393,-38.3349006389999,-0.03548904798621144,-105.39318351199972
1783682220,2026-07-10T11:17:00+00:00,2.862875073555e-06,2.862875073555e-06,2.862875073555e-06,2.862875073555e-06,2862.8750735549997,2862.8750735549997,2862.8750735549997,0,0.049988727,0,3.97160436015,0,1,0,-0.0005132063264881026,-1.470000013000572,-0.0009175839097924632,-2.629340744000274,-0.0009175839097924632,-2.629340744000274,-0.013713155086231943,-39.80490065200047,0.017746684347748953,49.92061486300008
1783682820,2026-07-10T11:27:00+00:00,2.854318234454e-06,2.854318234454e-06,2.854318234454e-06,2.854318234454e-06,2854.318234454,2854.318234454,2854.318234454,0,0.004766473,0,0.37817196782,0,1,0,-0.0029888971335289005,-8.556839100999696,-0.0029888971335289005,-8.556839100999696,-0.0029888971335289005,-8.556839100999696,-0.003903738479403618,-11.18617984499997,0.008417028523240111,23.824347779000163
1783683180,2026-07-10T11:33:00+00:00,2.817419913882e-06,2.817419913882e-06,2.817419913882e-06,2.817419913882e-06,2817.4199138820004,2817.4199138820004,2817.4199138820004,0,0.435183099,0,34.52742707466,0,1,0,-0.012927192254390762,-36.89832057199965,-0.012927192254390762,-36.89832057199965,-0.015877451340045923,-45.45515967299934,-0.0167804663559602,-48.08450041699962,-0.1710769733135482,-581.4721703979999
1783683600,2026-07-10T11:40:00+00:00,2.777941882794e-06,2.777941882794e-06,2.777941882794e-06,2.777941882794e-06,2777.941882794,2777.941882794,2777.941882794,0,0.007752499,0,0.61446307074,0,1,0,-0.014012121832987612,-39.478031088000535,-0.014012121832987612,-39.478031088000535,-0.026758176694551383,-76.37635166000018,-0.030557458249953817,-87.56253150500015,-0.04297342198293086,-124.73809141300035
1783684320,2026-07-10T11:52:00+00:00,2.726056886272e-06,2.726056886272e-06,2.726056886272e-06,2.726056886272e-06,2726.056886272,2726.056886272,2726.056886272,0,0.661217343,0,52.47420834048,0,1,0,-0.018677495322477644,-51.88499652199971,-0.018677495322477644,-51.88499652199971,-0.018677495322477644,-51.88499652199971,-0.04779048465887292,-136.8181872829996,-0.048664216788901205,-139.44752802699986
1783686540,2026-07-10T12:29:00+00:00,2.65183328768e-06,2.65183328768e-06,2.65183328768e-06,2.65183328768e-06,2651.83328768,2651.83328768,2651.83328768,0,0.253216038,0,20.09522477568,0,1,0,-0.027227457712191816,-74.22359859200014,-0.027227457712191816,-74.22359859200014,-0.027227457712191816,-74.22359859200014,-0.027227457712191816,-74.22359859200014,-0.070939863792985,-202.48494677400004
1783689960,2026-07-10T13:26:00+00:00,2.58155416653e-06,2.58155416653e-06,2.53497231663e-06,2.53497231663e-06,2581.5541665299997,2581.5541665299997,2534.97231663,0,0.58951074,0,46.512397385999996,0,2,0,-0.04406799310986764,-116.86097104999999,-0.04406799310986764,-116.86097104999999,-0.04406799310986764,-116.86097104999999,-0.04406799310986764,-116.86097104999999,-0.07009559140319943,-191.08456964200013
1783690200,2026-07-10T13:30:00+00:00,2.517495842952e-06,2.517495842952e-06,2.517495842952e-06,2.517495842952e-06,2517.4958429519997,2517.4958429519997,2517.4958429519997,0,0.040845663,0,3.22027207092,0,1,0,-0.006894147744080148,-17.476473678000275,-0.05065832959866323,-134.33744472800026,-0.05065832959866323,-134.33744472800026,-0.05065832959866323,-134.33744472800026,-0.05065832959866323,-134.33744472800026
1783691160,2026-07-10T13:46:00+00:00,2.515384377105e-06,2.515384377105e-06,2.515384377105e-06,2.515384377105e-06,2515.384377105,2515.384377105,2515.384377105,0,0.046931548,0,3.70712297652,0,1,0,-0.0008387167164192189,-2.1114658469996357,-0.0008387167164192189,-2.1114658469996357,-0.0008387167164192189,-2.1114658469996357,-0.05145455832722223,-136.4489105749999,-0.05145455832722223,-136.4489105749999
1783692720,2026-07-10T14:12:00+00:00,2.493326541636e-06,2.493326541636e-06,2.493326541636e-06,2.493326541636e-06,2493.326541636,2493.326541636,2493.326541636,0,0.01134752,0,0.8900994688,0,1,0,-0.00876917089482232,-22.05783546900011,-0.00876917089482232,-22.05783546900011,-0.00876917089482232,-22.05783546900011,-0.009600532761022906,-24.169301315999746,-0.059772515406755544,-158.506746044
1783694340,2026-07-10T14:39:00+00:00,2.45808442614e-06,2.45808442614e-06,2.45808442614e-06,2.45808442614e-06,2458.08442614,2458.08442614,2458.08442614,0,0.140472674,0,10.9147267698,0,1,0,-0.014134576802313226,-35.242115496000224,-0.014134576802313226,-35.242115496000224,-0.014134576802313226,-35.242115496000224,-0.022779799177630067,-57.299950965000335,-0.02359941009568234,-59.41141681199997
1783695240,2026-07-10T14:54:00+00:00,2.454588118188e-06,2.454588118188e-06,2.454588118188e-06,2.454588118188e-06,2454.588118188,2454.588118188,2454.588118188,0,0.040080669,0,3.12749460207,0,1,0,-0.001422370979132892,-3.4963079519998246,-0.001422370979132892,-3.4963079519998246,-0.001422370979132892,-3.4963079519998246,-0.015536843169600245,-38.73842344800005,-0.024169768831502236,-60.79625891700016
1783698240,2026-07-10T15:44:00+00:00,2.4468565209e-06,2.4468565209e-06,2.4468565209e-06,2.4468565209e-06,2446.8565209000003,2446.8565209000003,2446.8565209000003,0,0.088664855,0,6.9247251755,0,1,0,-0.00314985525706335,-7.731597287999648,-0.00314985525706335,-7.731597287999648,-0.00314985525706335,-7.731597287999648,-0.00314985525706335,-7.731597287999648,-0.004567745973490189,-11.227905239999473
1783699560,2026-07-10T16:06:00+00:00,2.43519538482e-06,2.43519538482e-06,2.43519538482e-06,2.43519538482e-06,2435.19538482,2435.19538482,2435.19538482,0,0.001985433,0,0.15476450235,0,1,0,-0.0047657621034971065,-11.661136080000233,-0.0047657621034971065,-11.661136080000233,-0.0047657621034971065,-11.661136080000233,-0.00790060589974484,-19.39273336799988,-0.00790060589974484,-19.39273336799988
1783702920,2026-07-10T17:02:00+00:00,2.436704851887e-06,2.436704851887e-06,2.436704851887e-06,2.436704851887e-06,2436.704851887,2436.704851887,2436.704851887,0,0.04336075,0,3.3869081825,0,1,0,0.000619854602390113,1.5094670670000596,0.000619854602390113,1.5094670670000596,0.000619854602390113,1.5094670670000596,0.000619854602390113,1.5094670670000596,-0.004148861580680729,-10.151669013000173
1783704780,2026-07-10T17:33:00+00:00,2.45797004397e-06,2.45797004397e-06,2.45797004397e-06,2.45797004397e-06,2457.97004397,2457.97004397,2457.97004397,0.488888888,0,37.9866665976,0,1,0,1,0.008727028251506175,21.265192082999874,0.008727028251506175,21.265192082999874,0.008727028251506175,21.265192082999874,0.008727028251506175,21.265192082999874,0.009352292342523105,22.774659149999934
1783704840,2026-07-10T17:34:00+00:00,2.45765369514e-06,2.534991526606e-06,2.45765369514e-06,2.534991526606e-06,2457.6536951400003,2534.9915266059998,2534.9915266059998,1.466666666,0.488888887,114.06266661482,37.98177763103,1,1,1,0.031335403303613285,77.02148263599975,0.04033589650502223,98.28667471899962,0.04033589650502223,98.28667471899962,0.04033589650502223,98.28667471899962,0.04098075349850272,99.79614178599968
1783705020,2026-07-10T17:37:00+00:00,2.53433960645e-06,2.53433960645e-06,2.53433960645e-06,2.53433960645e-06,2534.3396064500002,2534.3396064500002,2534.3396064500002,0,1.466666665,0,114.03333320375,0,1,0,-0.000257168574000155,-0.6519201559995054,0.04006835480603699,97.63475456300012,0.04006835480603699,97.63475456300012,0.04006835480603699,97.63475456300012,0.040713045962563976,99.14422163000017
1783708560,2026-07-10T18:36:00+00:00,2.436644692475e-06,2.436644692475e-06,2.436644692475e-06,2.436644692475e-06,2436.644692475,2436.644692475,2436.644692475,0.230427515,0,17.89269653975,0,1,0,1,-0.03854846987608229,-97.69491397500042,-0.03854846987608229,-97.69491397500042,-0.03854846987608229,-97.69491397500042,-0.03854846987608229,-97.69491397500042,-0.03879572499505457,-98.34683413099992
1783709040,2026-07-10T18:44:00+00:00,2.453644008348e-06,2.453644008348e-06,2.453644008348e-06,2.453644008348e-06,2453.644008348,2453.644008348,2453.644008348,0.060466567,0,4.68494961116,0,1,0,1,0.006976526337836075,16.99931587300034,0.006976526337836075,16.99931587300034,-0.03184087795362012,-80.69559810200008,-0.03184087795362012,-80.69559810200008,-0.03184087795362012,-80.69559810200008
1783710480,2026-07-10T19:08:00+00:00,2.457127452255e-06,2.457127452255e-06,2.457127452255e-06,2.457127452255e-06,2457.1274522549998,2457.1274522549998,2457.1274522549998,0,0.060466553,0,4.69159984727,0,1,0,0.0014197022449662366,3.4834439069995824,0.0014197022449662366,3.4834439069995824,0.0014197022449662366,3.4834439069995824,0.008406133172906172,20.482759779999924,-0.030466380274566274,-77.2121541950005
1783711680,2026-07-10T19:28:00+00:00,2.457822036668e-06,2.457822036668e-06,2.457822036668e-06,2.457822036668e-06,2457.8220366680002,2457.8220366680002,2457.8220366680002,0,0.020882672,0,1.62488070832,0,1,0,0.0002826814752172613,0.6945844130004843,0.0002826814752172613,0.6945844130004843,0.0002826814752172613,0.6945844130004843,0.0017027850437085768,4.178028320000067,-0.030192311080669554,-76.51756978200001
1783712940,2026-07-10T19:49:00+00:00,2.4366044402e-06,2.4366044402e-06,2.4366044402e-06,2.4366044402e-06,2436.6044401999998,2436.6044401999998,2436.6044401999998,0,0.311276095,0,24.26397160525,0,1,0,-0.008632682167975192,-21.217596468000465,-0.008632682167975192,-21.217596468000465,-0.008632682167975192,-21.217596468000465,-0.008352440992088317,-20.52301205499998,-0.006944596726349395,-17.0395681480004
1783734060,2026-07-11T01:41:00+00:00,2.400314098545e-06,2.400314098545e-06,2.400314098545e-06,2.400314098545e-06,2400.314098545,2400.314098545,2400.314098545,0,0.001514474,0,0.1174474587,0,1,0,-0.014893817419138089,-36.29034165499979,-0.014893817419138089,-36.29034165499979,-0.014893817419138089,-36.29034165499979,-0.014893817419138089,-36.29034165499979,-0.014893817419138089,-36.29034165499979
1783738200,2026-07-11T02:50:00+00:00,2.406142244448e-06,2.406142244448e-06,2.406142244448e-06,2.406142244448e-06,2406.142244448,2406.142244448,2406.142244448,0,0.007301191,0,0.56774061216,0,1,0,0.0024280763532293914,5.82814590299995,0.0024280763532293914,5.82814590299995,0.0024280763532293914,5.82814590299995,0.0024280763532293914,5.82814590299995,0.0024280763532293914,5.82814590299995
1783746600,2026-07-11T05:10:00+00:00,2.40506110495e-06,2.40506110495e-06,2.40506110495e-06,2.40506110495e-06,2405.06110495,2405.06110495,2405.06110495,0,0.002820139,0,0.21926580725,0,1,0,-0.0004493248478948386,-1.0811394980000841,-0.0004493248478948386,-1.0811394980000841,-0.0004493248478948386,-1.0811394980000841,-0.0004493248478948386,-1.0811394980000841,-0.0004493248478948386,-1.0811394980000841
1783778340,2026-07-11T13:59:00+00:00,2.414116013916e-06,2.414116013916e-06,2.414116013916e-06,2.414116013916e-06,2414.1160139159997,2414.1160139159997,2414.1160139159997,0,0.052594567,0,4.11184324806,0,1,0,0.003764939255540556,9.054908965999857,0.003764939255540556,9.054908965999857,0.003764939255540556,9.054908965999857,0.003764939255540556,9.054908965999857,0.003764939255540556,9.054908965999857
1783798080,2026-07-11T19:28:00+00:00,2.371013269737e-06,2.371013269737e-06,2.371013269737e-06,2.371013269737e-06,2371.013269737,2371.013269737,2371.013269737,0,0.403385871,0,31.42779320961,0,1,0,-0.017854462639963153,-43.10274417899973,-0.017854462639963153,-43.10274417899973,-0.017854462639963153,-43.10274417899973,-0.017854462639963153,-43.10274417899973,-0.017854462639963153,-43.10274417899973
1783801560,2026-07-11T20:26:00+00:00,2.49710074572e-06,2.66527327088e-06,2.49710074572e-06,2.66527327088e-06,2497.10074572,2665.27327088,2665.27327088,2.094359398,0,163.77890492359998,0,2,0,2,0.1241072772130205,294.26000114299995,0.1241072772130205,294.26000114299995,0.1241072772130205,294.26000114299995,0.1241072772130205,294.26000114299995,0.10403694582870981,251.15725696400023
1783801740,2026-07-11T20:29:00+00:00,2.681859950253e-06,2.681859950253e-06,2.681859950253e-06,2.681859950253e-06,2681.859950253,2681.859950253,2681.859950253,0.062644008,0,4.89938786568,0,1,0,1,0.006223256562177593,16.586679373000152,0.13110288520252777,310.8466805160001,0.13110288520252777,310.8466805160001,0.13110288520252777,310.8466805160001,0.13110288520252777,310.8466805160001
1783802400,2026-07-11T20:40:00+00:00,2.5267200436e-06,2.5267200436e-06,2.36700803118e-06,2.36700803118e-06,2526.7200436,2526.7200436,2367.0080311799998,0,2.102021917,0,164.37811390939999,0,2,0,-0.11740058202640213,-314.8519190730003,-0.11740058202640213,-314.8519190730003,-0.11740058202640213,-314.8519190730003,-0.0016892518519916466,-4.005238557000212,-0.0016892518519916466,-4.005238557000212
1783887960,2026-07-12T20:26:00+00:00,2.335317300526e-06,2.335317300526e-06,2.335317300526e-06,2.335317300526e-06,2335.3173005259996,2335.3173005259996,2335.3173005259996,0,0.032820699,0,2.54491700046,0,1,0,-0.013388518431938667,-31.690730654000163,-0.013388518431938667,-31.690730654000163,-0.013388518431938667,-31.690730654000163,-0.013388518431938667,-31.690730654000163,-0.013388518431938667,-31.690730654000163
1783888200,2026-07-12T20:30:00+00:00,2.332332135285e-06,2.332332135285e-06,2.332332135285e-06,2.332332135285e-06,2332.332135285,2332.332135285,2332.332135285,0,0.019033263,0,1.47641021091,0,1,0,-0.0012782696554030082,-2.985165240999777,-0.014649673950499209,-34.67589589499994,-0.014649673950499209,-34.67589589499994,-0.014649673950499209,-34.67589589499994,-0.014649673950499209,-34.67589589499994
1783896360,2026-07-12T22:46:00+00:00,2.299844689374e-06,2.299844689374e-06,2.299844689374e-06,2.299844689374e-06,2299.844689374,2299.844689374,2299.844689374,0,0.001490734,0,0.11410078036,0,1,0,-0.013929167900021189,-32.48744591099967,-0.013929167900021189,-32.48744591099967,-0.013929167900021189,-32.48744591099967,-0.013929167900021189,-32.48744591099967,-0.013929167900021189,-32.48744591099967
1783972020,2026-07-13T19:47:00+00:00,2.242582757632e-06,2.242582757632e-06,2.242582757632e-06,2.242582757632e-06,2242.582757632,2242.582757632,2242.582757632,0,0.133649801,0,10.01838908296,0,1,0,-0.024898173344734098,-57.26193174200034,-0.024898173344734098,-57.26193174200034,-0.024898173344734098,-57.26193174200034,-0.024898173344734098,-57.26193174200034,-0.024898173344734098,-57.26193174200034
1784020500,2026-07-14T09:15:00+00:00,2.330642885076e-06,2.516815962325e-06,2.330642885076e-06,2.516815962325e-06,2330.642885076,2516.815962325,2516.815962325,2.4691358,0,185.790123271,0,2,0,1,0.1222845416784395,274.23320469300006,0.1222845416784395,274.23320469300006,0.1222845416784395,274.23320469300006,0.1222845416784395,274.23320469300006,0.1222845416784395,274.23320469300006
1784020560,2026-07-14T09:16:00+00:00,2.421286219224e-06,2.421286219224e-06,2.421286219224e-06,2.421286219224e-06,2421.286219224,2421.286219224,2421.286219224,0,2.469135798,0,185.87654287344,0,1,0,-0.03795658662811041,-95.5297431009999,0.07968645125083262,178.70346159200017,0.07968645125083262,178.70346159200017,0.07968645125083262,178.70346159200017,0.07968645125083262,178.70346159200017
1784063040,2026-07-14T21:04:00+00:00,2.311373085204e-06,2.311373085204e-06,2.311373085204e-06,2.311373085204e-06,2311.373085204,2311.373085204,2311.373085204,0.173700427,0,13.40272494732,0,1,0,1,-0.04539452343441919,-109.91313402000014,-0.04539452343441919,-109.91313402000014,-0.04539452343441919,-109.91313402000014,-0.04539452343441919,-109.91313402000014,-0.04539452343441919,-109.91313402000014
1784063400,2026-07-14T21:10:00+00:00,2.314368636168e-06,2.314368636168e-06,2.314368636168e-06,2.314368636168e-06,2314.368636168,2314.368636168,2314.368636168,0,0.173700426,0,13.42009491276,0,1,0,0.0012960049518513372,2.9955509640003584,0.0012960049518513372,2.9955509640003584,-0.04415735000972587,-106.91758305599978,-0.04415735000972587,-106.91758305599978,-0.04415735000972587,-106.91758305599978
1784098980,2026-07-15T07:03:00+00:00,2.318887737413e-06,2.318887737413e-06,2.318887737413e-06,2.318887737413e-06,2318.8877374129997,2318.8877374129997,2318.8877374129997,0,0.033739943,0,2.62935375799,0,1,0,0.0019526281052970607,4.519101244999547,0.0019526281052970607,4.519101244999547,0.0019526281052970607,4.519101244999547,0.0019526281052970607,4.519101244999547,0.0019526281052970607,4.519101244999547
1784143440,2026-07-15T19:24:00+00:00,2.291828560104e-06,2.291828560104e-06,2.291828560104e-06,2.291828560104e-06,2291.828560104,2291.828560104,2291.828560104,0,0.054205779,0,4.18685436996,0,1,0,-0.011669032904192078,-27.05917730899955,-0.011669032904192078,-27.05917730899955,-0.011669032904192078,-27.05917730899955,-0.011669032904192078,-27.05917730899955,-0.011669032904192078,-27.05917730899955
1784157360,2026-07-15T23:16:00+00:00,2.296787196256e-06,2.296787196256e-06,2.296787196256e-06,2.296787196256e-06,2296.787196256,2296.787196256,2296.787196256,0,0.006763142,0,0.52454929352,0,1,0,0.002163615655341511,4.958636151999599,0.002163615655341511,4.958636151999599,0.002163615655341511,4.958636151999599,0.002163615655341511,4.958636151999599,0.002163615655341511,4.958636151999599
1784463360,2026-07-19T12:16:00+00:00,2.235306834734e-06,2.235306834734e-06,2.235306834734e-06,2.235306834734e-06,2235.306834734,2235.306834734,2235.306834734,0,0.146338007,0,11.10120121102,0,1,0,-0.026767983390981742,-61.48036152199984,-0.026767983390981742,-61.48036152199984,-0.026767983390981742,-61.48036152199984,-0.026767983390981742,-61.48036152199984,-0.026767983390981742,-61.48036152199984
1786980480,2026-08-17T15:28:00+00:00,2.2253796137705886e-06,2.2253796137705886e-06,2.2253796137705886e-06,2.2253796137705886e-06,2225.3796137705885,2225.3796137705885,2225.3796137705885,0,0.002908306,0,0.22071134234,0,1,0,-0.004441099901433709,-9.9272209634114,-0.004441099901433709,-9.9272209634114,-0.004441099901433709,-9.9272209634114,-0.004441099901433709,-9.9272209634114,-0.004441099901433709,-9.9272209634114
1787107020,2026-08-19T02:37:00+00:00,2.2520405556020478e-06,2.2520405556020478e-06,2.2520405556020478e-06,2.2520405556020478e-06,2252.040555602048,2252.040555602048,2252.040555602048,0,0.041363544,0,3.18127016904,0,1,0,0.011980401755494752,26.66094183145924,0.011980401755494752,26.66094183145924,0.011980401755494752,26.66094183145924,0.011980401755494752,26.66094183145924,0.011980401755494752,26.66094183145924
1787175960,2026-08-19T21:46:00+00:00,2.618849584198826e-06,2.618849584198826e-06,2.618849584198826e-06,2.618849584198826e-06,2618.849584198826,2618.849584198826,2618.849584198826,0.938271604,0,81.5358023876,0,1,0,1,0.16287851818846022,366.80902859677826,0.16287851818846022,366.80902859677826,0.16287851818846022,366.80902859677826,0.16287851818846022,366.80902859677826,0.16287851818846022,366.80902859677826
1787176080,2026-08-19T21:48:00+00:00,2.617041399878433e-06,2.617041399878433e-06,2.617041399878433e-06,2.617041399878433e-06,2617.041399878433,2617.041399878433,2617.041399878433,0,0.938271603,0,81.47950600452,0,1,0,-0.0006904498568007789,-1.8081843203931385,0.16207560888210026,365.0008442763851,0.16207560888210026,365.0008442763851,0.16207560888210026,365.0008442763851,0.16207560888210026,365.0008442763851
1787241120,2026-08-20T15:52:00+00:00,2.593032021469501e-06,2.593032021469501e-06,2.593032021469501e-06,2.593032021469501e-06,2593.032021469501,2593.032021469501,2593.032021469501,0.493827159,0,43.09629616593,0,1,0,1,-0.009174244782695129,-24.009378408931752,-0.009174244782695129,-24.009378408931752,-0.009174244782695129,-24.009378408931752,-0.009174244782695129,-24.009378408931752,-0.009174244782695129,-24.009378408931752
1787241180,2026-08-20T15:53:00+00:00,2.593923398829747e-06,2.593923398829747e-06,2.593923398829747e-06,2.593923398829747e-06,2593.923398829747,2593.923398829747,2593.923398829747,0,0.493827158,0,43.1111108934,0,1,0,0.00034375871677072567,0.8913773602457695,-0.00883363979253815,-23.118001048685983,-0.00883363979253815,-23.118001048685983,-0.00883363979253815,-23.118001048685983,-0.00883363979253815,-23.118001048685983
1787242380,2026-08-20T16:13:00+00:00,2.972514099553424e-06,3.180415867566856e-06,2.644770485590592e-06,2.814049469205728e-06,2972.5140995534243,3180.4158675668564,2814.049469205728,4.246913579,0,370.3308640888,0,4,0,4,0.08486220929858268,220.12607037598127,0.08486220929858268,220.12607037598127,0.08486220929858268,220.12607037598127,0.07527892731710195,197.0080693272953,0.07527892731710195,197.0080693272953
1787242500,2026-08-20T16:15:00+00:00,3.180415865145312e-06,3.6636765109319885e-06,3.151867670737893e-06,3.6636765109319885e-06,3180.4158651453117,3663.6765109319886,3663.6765109319886,3.404228186,1.313580245,296.74657097362,114.544197364,4,1,4,0.3019232785435253,849.6270417262604,0.41240736429798286,1069.7531121022416,0.41240736429798286,1069.7531121022416,0.39993066640144637,1046.6351110535556,0.39993066640144637,1046.6351110535556
1787243760,2026-08-20T16:36:00+00:00,3.7173313751995063e-06,3.7173313751995063e-06,3.7173313751995063e-06,3.7173313751995063e-06,3717.3313751995065,3717.3313751995065,3717.3313751995065,0.111197651,0,9.68086749606,0,1,0,1,0.014645087825690295,53.65486426751795,0.014645087825690295,53.65486426751795,0.014645087825690295,53.65486426751795,0.43309219419377865,1123.4079763697596,0.4204327739607727,1100.2899753210736
1787244540,2026-08-20T16:49:00+00:00,3.749992451407422e-06,3.749992451407422e-06,3.749992451407422e-06,3.749992451407422e-06,3749.992451407422,3749.992451407422,3749.992451407422,0.056014468,0,4.89734493724,0,1,0,1,0.008786162144654774,32.66107620791536,0.008786162144654774,32.66107620791536,0.008786162144654774,32.66107620791536,0.023559924086604456,86.31594047543331,0.432912926628374,1132.951051528989
1787244720,2026-08-20T16:52:00+00:00,3.763006196174253e-06,3.763006196174253e-06,3.763006196174253e-06,3.763006196174253e-06,3763.006196174253,3763.006196174253,3763.006196174253,0.06005708,0,5.2525922168,0,1,0,1,0.0034703389234682636,13.013744766831223,0.012286992028601507,45.67482097474658,0.012286992028601507,45.67482097474658,0.027112023931664453,99.32968524226453,0.4511992775321434,1169.974174704752
1787248440,2026-08-20T17:54:00+00:00,3.78624436922401e-06,3.78624436922401e-06,3.78624436922401e-06,3.78624436922401e-06,3786.24436922401,3786.24436922401,3786.24436922401,0.024691357,0,2.1679011446,0,1,0,1,0.006175427793178256,23.238173049756824,0.006175427793178256,23.238173049756824,0.006175427793178256,23.238173049756824,0.006175427793178256,23.238173049756824,0.006175427793178256,23.238173049756824
1787252400,2026-08-20T19:00:00+00:00,3.738225748565936e-06,3.738225748565936e-06,3.7141354624575022e-06,3.7141354624575022e-06,3738.225748565936,3738.225748565936,3714.1354624575024,0,0.24018065500000002,0,20.87410072605,0,2,0,-0.019044969033862547,-72.10890676650752,-0.019044969033862547,-72.10890676650752,-0.019044969033862547,-72.10890676650752,-0.019044969033862547,-72.10890676650752,-0.019044969033862547,-72.10890676650752
1787254140,2026-08-20T19:29:00+00:00,3.820519680878528e-06,4.233343172972303e-06,3.820519680878528e-06,4.233343172972303e-06,3820.5196808785277,4233.343172972303,4233.343172972303,2.571626724,0,224.57821953255,0,9,0,9,0.1397923462304902,519.207710514801,0.1397923462304902,519.207710514801,0.1397923462304902,519.207710514801,0.11808503629149691,447.09880374829345,0.11808503629149691,447.09880374829345
1787254200,2026-08-20T19:30:00+00:00,4.357249021254698e-06,5.481473447594758e-06,4.357249021254698e-06,5.481473447594758e-06,4357.249021254698,5481.473447594758,5481.473447594758,5.402718232,0,471.52386208189,0,10,0,8,0.2948332378511427,1248.1302746224546,0.4758410141475764,1767.3379851372556,0.4758410141475764,1767.3379851372556,0.4758410141475764,1767.3379851372556,0.4477336677342314,1695.229078370748
1787254260,2026-08-20T19:31:00+00:00,5.448617171461329e-06,5.476857398582517e-06,5.288064282997222e-06,5.288064282997222e-06,5448.617171461329,5476.857398582517,5288.064282997222,0,0.9970895679999999,0,86.98707594289,0,4,0,-0.03528415606617641,-193.4091645975359,0.42376720947552915,1573.9288205397197,0.42376720947552915,1573.9288205397197,0.42376720947552915,1573.9288205397197,0.39665160705963887,1501.8199137732122
1787254320,2026-08-20T19:32:00+00:00,5.005903876493666e-06,5.005903876493666e-06,4.267348264040454e-06,4.267348264040454e-06,5005.903876493666,5005.903876493666,4267.348264040454,0.009777777,4.344861525,0.8535999321,379.52365420875,1,3,1,-0.19302261930489173,-1020.7160189567685,0.14894793342214596,553.2128015829512,0.14894793342214596,553.2128015829512,0.14894793342214596,553.2128015829512,0.12706625560860085,481.1038948164437
1787254440,2026-08-20T19:34:00+00:00,4.2564176184708645e-06,4.2564176184708645e-06,4.2564176184708645e-06,4.2564176184708645e-06,4256.417618470865,4256.417618470865,4256.417618470865,0,0.070544904,0,6.15222107784,0,1,0,-0.002561460863576115,-10.930645569588705,0.0054506437479200365,23.074445498561545,0.14600494825639854,542.2821560133625,0.14600494825639854,542.2821560133625,0.12417931950420225,470.173249246855
1787254620,2026-08-20T19:37:00+00:00,4.265688644267143e-06,4.265688644267143e-06,4.265688644267143e-06,4.265688644267143e-06,4265.688644267143,4265.688644267143,4265.688644267143,0.097777777,0,8.53991104318,0,1,0,1,0.0021781287992150844,9.271025796278082,-0.0003889112560360175,-1.6596197733106237,0.1485010946382388,551.5531818096406,0.1485010946382388,551.5531818096406,0.1266279268554964,479.4442750431331
1787254860,2026-08-20T19:41:00+00:00,4.39130044508158e-06,4.67807142719328e-06,4.39130044508158e-06,4.67807142719328e-06,4391.30044508158,4678.07142719328,4678.07142719328,1.9406909540000001,0,169.74932840815,0,4,0,4,0.09667437483519992,412.3827829261372,0.09906307287438976,421.6538087224153,-0.11535276864263155,-609.9928558039419,0.2595317199599334,963.9359647357778,0.23554397735612875,891.8270579692703
1787255160,2026-08-20T19:46:00+00:00,4.639335830930909e-06,4.639335830930909e-06,4.639335830930909e-06,4.639335830930909e-06,4639.335830930909,4639.335830930909,4639.335830930909,0,0.553453089,0,48.31092013881,0,1,0,-0.008280249001159756,-38.73559626237147,-0.008280249001159756,-38.73559626237147,0.08996255696301003,382.91821246004383,0.24910248369380605,925.2003684734063,0.22531336557173676,853.0914617068988
1787255460,2026-08-20T19:51:00+00:00,4.5965190844174315e-06,4.607074746187536e-06,4.5965190844174315e-06,4.607074746187536e-06,4596.519084417431,4607.074746187535,4607.074746187535,0.197530863,0.098455584,17.23061717949,8.58729603648,1,1,1,-0.006953815356130377,-32.26108474337343,-0.006953815356130377,-32.26108474337343,-0.015176485034633314,-70.9966810057449,0.24041645566131553,892.9392837300329,0.21679276267415215,820.8303769635254
1787255640,2026-08-20T19:54:00+00:00,4.482026447000378e-06,4.482026447000378e-06,4.482026447000378e-06,4.482026447000378e-06,4482.0264470003785,4482.0264470003785,4482.0264470003785,0,1.031314809,0,89.97190393716,0,1,0,-0.02714266776128127,-125.04829918715677,-0.03390773801752689,-157.3093839305302,-0.04190722250483547,-196.04498019290168,0.2067482439196744,767.8909845428761,0.18376576098255604,695.7820777763686
1787256000,2026-08-20T20:00:00+00:00,4.360407109077389e-06,4.360407109077389e-06,4.360407109077389e-06,4.360407109077389e-06,4360.40710907739,4360.40710907739,4360.40710907739,0,0.100029076,0,8.72953746252,0,1,0,-0.027134899662268452,-121.61933792298896,-0.027134899662268452,-121.61933792298896,-0.06012255461091531,-278.92872185351916,-0.20451915880561033,-1121.0663385173684,0.1740032514032952,646.2716466198872
1787256240,2026-08-20T20:04:00+00:00,4.3595495313599515e-06,4.3595495313599515e-06,4.3595495313599515e-06,4.3595495313599515e-06,4359.549531359951,4359.549531359951,4359.549531359951,0.055363143,0,4.83597054105,0,1,0,1,-0.00019667377288068444,-0.8575777174382893,-0.027326236712055807,-122.47691564042725,-0.027326236712055807,-122.47691564042725,0.024229744854344704,103.13191288908638,0.1737723557544677,645.4140689024489
1787257740,2026-08-20T20:29:00+00:00,4.36104672203184e-06,4.36104672203184e-06,4.36104672203184e-06,4.36104672203184e-06,4361.0467220318405,4361.0467220318405,4361.0467220318405,0,0.055363142,0,4.83763134796,0,1,0,0.0003434278383853684,1.497190671889257,0.0003434278383853684,1.497190671889257,0.0003434278383853684,1.497190671889257,-0.026992193464075664,-120.979724968538,0.030166122575381538,127.70354905953718
1787259540,2026-08-20T20:59:00+00:00,4.364719468057367e-06,4.364719468057367e-06,4.364719468057367e-06,4.364719468057367e-06,4364.719468057367,4364.719468057367,4364.719468057367,0.011193094,0,0.9799553797,0,1,0,1,0.0008421707584493898,3.6727460255260667,0.0008421707584493898,3.6727460255260667,0.0008421707584493898,3.6727460255260667,0.0008421707584493898,3.6727460255260667,-0.026172754741668136,-117.30697894301193
1787260380,2026-08-20T21:13:00+00:00,4.359065183341168e-06,4.359065183341168e-06,4.359065183341168e-06,4.359065183341168e-06,4359.0651833411675,4359.0651833411675,4359.0651833411675,0,0.186068003,0,16.34049202346,0,1,0,-0.0012954520347937537,-5.654284716199072,-0.0012954520347937537,-5.654284716199072,-0.0012954520347937537,-5.654284716199072,-0.00045437226816713583,-1.9815386906730055,-0.00011110047386764244,-0.48434801878374856
1787261040,2026-08-20T21:24:00+00:00,4.320327420203047e-06,4.320327420203047e-06,4.320327420203047e-06,4.320327420203047e-06,4320.327420203047,4320.327420203047,4320.327420203047,0,0.011089386,0,0.96998859342,0,1,0,-0.008886713437129323,-38.7377631381205,-0.008886713437129323,-38.7377631381205,-0.008886713437129323,-38.7377631381205,-0.009337047829155454,-40.719301828793505,-0.008996826592923002,-39.22211115690425
1787262060,2026-08-20T21:41:00+00:00,4.444724095653398e-06,1.0362958986130337e-05,4.444724095653398e-06,8.36024143065353e-06,4444.724095653398,10362.958986130338,8360.24143065353,25.621560446,10.094749370999999,2243.91615477081,884.09867661105,39,17,39,0.9350944077892629,4039.914010450483,0.9350944077892629,4039.914010450483,0.9350944077892629,4039.914010450483,0.9154132337340055,3995.5219625961636,0.9170263387498034,3999.1947086216896
1787262120,2026-08-20T21:42:00+00:00,8.334609489925565e-06,9.875745704569365e-06,8.334609489925565e-06,9.753967426401092e-06,8334.609489925566,9875.745704569365,9753.967426401092,5.606678951,1.531316065,490.88049524643,134.07559787067,12,3,12,0.1667088214267769,1393.7259957475617,1.257691715861358,5433.640006198045,1.257691715861358,5433.640006198045,1.2347295164750536,5389.247958343725,1.2366115403268725,5392.920704369251
1787262180,2026-08-20T21:43:00+00:00,9.726284117083982e-06,9.726284117083982e-06,9.454812836594209e-06,9.454812836594209e-06,9726.284117083982,9726.284117083982,9454.812836594208,0.77253133,1.316198008,67.6351179415,115.22729408518,2,3,2,-0.030670041915165758,-299.15458980688345,1.1884482163043675,5134.485416391161,1.1884482163043675,5134.485416391161,1.1690001041340738,5095.747653253041,1.1680145706371037,5093.766114562368
1787262240,2026-08-20T21:44:00+00:00,9.403561442539991e-06,9.403561442539991e-06,9.306270766517357e-06,9.306270766517357e-06,9403.56144253999,9403.56144253999,9306.270766517357,0,0.609666822,0,53.36413692966,0,2,0,-0.015710736176810403,-148.54207007685181,1.1540660837413985,4985.94334631431,1.1540660837413985,4985.94334631431,1.134923515730549,4947.205583176189,1.1339534656903436,4945.224044485516
1787262300,2026-08-20T21:45:00+00:00,9.027591132252021e-06,9.027591132252021e-06,7.952380256687945e-06,7.952380256687945e-06,9027.59113225202,9027.59113225202,7952.380256687945,0,4.339460571,0,379.90306872488,0,4,0,-0.14548153001313036,-1353.8905098294117,0.8406892541293081,3632.052836484898,0.8406892541293081,3632.052836484898,0.8243315762010575,3593.3150733467774,0.8235026505248904,3591.3335346561043
1787262360,2026-08-20T21:46:00+00:00,7.996153063623331e-06,8.49811586618577e-06,7.996153063623331e-06,8.49811586618577e-06,7996.153063623331,8498.11586618577,8498.11586618577,2.0158024660000002,0.191663709,176.4835058983,16.78015772295,3,1,3,0.06862544192839137,545.735609497825,0.016491681092690946,137.87443553223966,0.9670073676467732,4177.788445982723,0.9495271368417741,4139.050682844602,0.9486413257747541,4137.069144153929
1787262420,2026-08-20T21:47:00+00:00,8.716878180892449e-06,1.0841060837037187e-05,8.716878180892449e-06,1.0433995828684643e-05,8716.878180892449,10841.060837037187,10433.995828684643,8.887385092,2.915767976,778.10034258237,255.29208046369,11,5,10,0.22780107884875878,1935.8799624988733,0.06971813340722433,680.0284022835513,1.4150937681001654,6113.668408481596,1.393631521859262,6074.930645343476,1.392543922075519,6072.949106652803
1787262480,2026-08-20T21:48:00+00:00,1.0323144370181411e-05,1.3634101558610588e-05,1.0323144370181411e-05,1.2533013205282442e-05,10323.144370181411,13634.101558610588,12533.013205282441,22.674493773000002,15.259844614,1985.34655752205,1336.07514391184,18,14,12,0.20117100016728773,2099.017376597798,0.3255696777808512,3078.2003686882326,1.9009405969266595,8212.685785079393,1.8751607691436374,8173.9480219412735,1.8738543758236164,8171.9664832506005
1787262540,2026-08-20T21:49:00+00:00,1.302362174992003e-05,1.3067170934860659e-05,1.282875162361818e-05,1.282875162361818e-05,13023.62174992003,13067.170934860658,12828.75162361818,0.217086419,1.475786638,19.01025771183,129.26415162242,5,1,3,0.02359675311050413,295.73841833573897,0.3785061648726371,3522.4808571008234,1.9693933759805762,8508.424203415132,1.9430052279661267,8469.686440277012,1.9416680080054682,8467.70490158634
1787262600,2026-08-20T21:50:00+00:00,1.2458728094757081e-05,1.255011087469096e-05,1.2125686318763062e-05,1.2125686318763062e-05,12458.728094757082,12550.11087469096,12125.686318763062,0.059061727,1.436020893,5.16927790259,125.69030969362001,5,3,3,-0.054803875348303555,-703.0653048551176,0.5247870357513866,4173.306062075118,1.8066591115432584,7805.358898560015,1.7817171363032656,7766.621135421895,1.780453201178644,7764.639596731222
1787262660,2026-08-20T21:51:00+00:00,1.1315841871777898e-05,1.1315841871777898e-05,9.12892236600553e-06,1.035522250372129e-05,11315.841871777899,11315.841871777899,10355.22250372129,4.3422554159999995,9.272705917,380.12930183266,811.7358070415801,8,9,7,-0.1460093695729361,-1770.4638150417722,0.2185315741486884,1857.1066375355203,0.2386272082709231,1994.98107306776,1.3755603709013924,5996.157320380123,1.3744809821474981,5994.17578168945
1787262720,2026-08-20T21:52:00+00:00,1.007835943670581e-05,1.007835943670581e-05,7.680866507011186e-06,9.110630224690725e-06,10078.359436705809,10078.359436705809,9110.630224690725,5.074569568,9.017365126,444.33898943216,789.77069330645,9,10,9,-0.12018981519550198,-1244.592279030565,-0.1268321001581949,-1323.3656039939178,-0.06595646403011801,-643.3372017103666,1.0900422089369957,4751.565041349558,1.0890925517179562,4749.583502658885
1787262780,2026-08-20T21:53:00+00:00,9.200681745809994e-06,9.352563124125248e-06,9.167158042110249e-06,9.167158042110249e-06,9200.681745809994,9352.563124125249,9167.15804211025,1.023047898,0.633910725,89.54878027983,55.44817111575,3,1,3,0.006204600123746351,56.52781741952458,-0.2685591332301114,-3365.855163172191,-0.030424165920092228,-287.65479448395854,1.1030100850852014,4808.092858769082,1.1020545356228633,4806.111320078409
1787262840,2026-08-20T21:54:00+00:00,9.235902435445289e-06,1.0482671845416872e-05,9.235902435445289e-06,1.0482671845416872e-05,9235.902435445289,10482.671845416871,10482.671845416871,4.813333335,0,421.35062236812,0,4,0,4,0.14350290430945778,1315.5138033066214,-0.18287670125923183,-2346.0797782013087,0.1264095047752145,1176.4010788995147,1.4263605106402344,6162.344425213824,1.4037054665016124,6121.625123385031
1787262900,2026-08-20T21:55:00+00:00,1.1083740826643522e-05,1.4745155308265475e-05,1.1083740826643522e-05,1.4745155308265475e-05,11083.740826643521,14745.155308265475,14745.155308265475,13.231807804999999,2.45560734,1157.61781283418,214.8165301032,17,1,12,0.40662185420906827,4262.483462848604,0.2160264516697168,2619.468989502413,0.8541813686367441,6792.775051577531,2.412971720456428,10424.827888062428,2.381104640262971,10384.108586233635
1787262960,2026-08-20T21:56:00+00:00,1.4759246666964099e-05,1.4797037062346e-05,1.4160670334108374e-05,1.4160670334108374e-05,14759.246666964098,14797.037062345998,14160.670334108374,0.276049379,1.717565106,24.154809551379998,150.27989466764,3,2,2,-0.03963911955742272,-584.4849741571015,0.36749068685096287,3805.4478303870837,0.6663305792821748,5662.554467922604,2.277684526383153,9840.342913905326,2.247080629191431,9799.623612076533
1787263020,2026-08-20T21:57:00+00:00,1.3879362748918147e-05,1.420296033308236e-05,1.3746509065460005e-05,1.420296033308236e-05,13879.362748918147,14202.960333082361,14202.960333082361,1.530864194,1.178175134,133.90469104918,103.06676072232,3,3,3,0.002986440470414964,42.28999897398717,0.5589437813633253,5092.330108391636,0.361219667544457,3768.964504397718,2.2874731361019967,9882.632912879315,2.2567778421931486,9841.91361105052
1787263080,2026-08-20T21:58:00+00:00,1.4342934845036327e-05,1.4342934845036327e-05,1.4342934845036327e-05,1.4342934845036327e-05,14342.934845036327,14342.934845036327,14342.934845036327,0.150000001,0,13.12350008749,0,1,0,1,0.009855305420231941,139.9745119539657,0.5645999315328298,5175.776802926077,0.14441233006848142,1809.9216397538858,2.31987218791909,10022.60742483328,2.2888743825138063,9981.888123004486
1787263200,2026-08-20T22:00:00+00:00,1.4567591388449794e-05,1.4567591388449794e-05,1.4567591388449794e-05,1.4567591388449794e-05,14567.591388449793,14567.591388449793,14567.591388449793,0.986666666,0,86.32346660834,0,1,0,1,0.0156632199644422,224.65654341346635,-0.012042187152559003,-177.5639198156823,0.20138283355624775,2441.9050696867307,2.3718720762523002,10247.263968246745,2.3375779348617525,10202.871920392427
1787263260,2026-08-20T22:01:00+00:00,1.723065369406118e-05,1.918708910704442e-05,1.5135093491477972e-05,1.9019956700835515e-05,17230.65369406118,19187.08910704442,19019.956700835515,16.009032091,5.6256246039999995,1400.4975467132201,492.06207059766,15,6,15,0.30563496693872594,4452.365312385722,0.34315369626413283,4859.286366727141,0.8367501706506484,8664.734197114225,3.4024340867992855,14699.629280632467,3.357658456638646,14655.237232778149
1787263320,2026-08-20T22:02:00+00:00,1.923613028698615e-05,1.929204906046031e-05,1.923613028698615e-05,1.929204906046031e-05,19236.13028698615,19292.049060460307,19292.049060460307,0.24444444399999998,0,21.374222183359997,0,2,0,2,0.01430562455554063,272.09235962479215,0.3583118313387208,5089.088727377946,1.117531782617729,10181.418835769582,3.465413655975551,14971.72164025726,3.4199974824605954,14927.32959240294
1787263380,2026-08-20T22:03:00+00:00,1.946666132219087e-05,2.0794242735163473e-05,1.9438291609899408e-05,1.9438291609899408e-05,19466.66132219087,20794.242735163472,19438.291609899406,3.460834623,3.520810953,302.53213551396,307.43721241596,4,5,4,0.0075804570567274965,146.2425494390991,0.3552520331378648,5095.35676486308,1.120427238257232,10271.133567789157,3.499263532435198,15117.964189696359,3.453503083567231,15073.57214184204
1787263440,2026-08-20T22:04:00+00:00,1.8952390953557106e-05,1.8952390953557106e-05,1.8011926485307372e-05,1.8011926485307372e-05,18952.390953557107,18952.390953557107,18011.926485307373,0,2.962174462,0,258.66956426796,0,3,0,-0.07337914016402691,-1426.3651245920337,0.2558048042406591,3668.991640271046,0.718257210654015,7529.2546398905015,3.1691114430537413,13691.599065104325,3.126708856577226,13647.207017250006
1787263560,2026-08-20T22:06:00+00:00,1.8162944478861348e-05,1.850269491655808e-05,1.8162944478861348e-05,1.830205112230745e-05,18162.944478861347,18502.69491655808,18302.05112230745,1.544451264,0.732646725,134.95415144832,64.02599729775,3,1,3,0.01610736293181847,290.1246370000772,-0.03774485871971145,-717.9055785280652,0.29245654975978486,4141.380788199076,3.2362648341702043,13981.723702104402,3.1931792538440638,13937.331654250083
1787263620,2026-08-20T22:07:00+00:00,1.8246414702639153e-05,1.8246414702639153e-05,1.5730954938754577e-05,1.5730954938754577e-05,18246.414702639155,18246.414702639155,15730.954938754578,0.023334132,6.184703688,2.03753640624,540.19925851436,1,13,1,-0.14048131361730776,-2571.0961835528724,-0.18458869301780445,-3561.09412170573,0.10758282568128585,1527.9946056722165,2.641148785435168,11410.62751855153,2.6041159240312077,11366.235470697211
1787263680,2026-08-20T22:08:00+00:00,1.5443749962436724e-05,1.5678181079716622e-05,1.535577839431562e-05,1.550491247194449e-05,15443.749962436725,15678.181079716622,15504.912471944488,1.1494320980000001,1.786858886,100.42588240226,156.08520641664,2,4,2,-0.014369278132836838,-226.04246681008954,-0.2023521005288218,-3933.3791379549184,0.08101393748646135,1161.9776269081613,2.588828105814209,11184.58505174144,2.5523273798958166,11140.193003887121
1787263800,2026-08-20T22:10:00+00:00,1.561492087727745e-05,1.5810140854886544e-05,1.561492087727745e-05,1.5810140854886544e-05,15614.920877277451,15810.140854886544,15810.140854886544,1.000000001,0.032101684,87.43000008743,2.8056871816,1,1,1,0.01968591460895719,305.22838294205576,-0.12224042954077463,-2201.785630420829,0.08529546397230292,1242.5494664367507,2.659477469451493,11489.813434683496,2.6222581933595066,11445.421386829177
1787263860,2026-08-20T22:11:00+00:00,1.581384913718412e-05,1.594681062475564e-05,1.581384913718412e-05,1.5938853780905474e-05,15813.84913718412,15946.81062475564,15938.853780905474,0.5899944690000001,0.527006231,51.5655165906,46.0603445894,4,1,4,0.008141162510841626,128.71292601893037,-0.1291219943387435,-2363.197341401976,-0.1619931616245317,-3081.102919930041,0.9065063985430282,7578.612350251944,2.651747585967874,11574.134312848108
1787263920,2026-08-20T22:12:00+00:00,1.5893268211857253e-05,1.5893268211857253e-05,1.5893268211857253e-05,1.5893268211857253e-05,15893.268211857254,15893.268211857254,15893.268211857254,0.342222222,0,29.89653331392,0,1,0,1,-0.0028600280594098804,-45.58556904822035,0.010318081371068155,162.31327310267625,-0.1761752128014732,-3398.7808486030535,0.62941575638636,6139.300785456162,2.641303485406124,11528.548743799887
1787264040,2026-08-20T22:14:00+00:00,1.6201444987169745e-05,1.675685427667058e-05,1.6201444987169745e-05,1.675685427667058e-05,16201.444987169745,16756.85427667058,16756.85427667058,2.357208069,0,205.96882454407,0,3,0,3,0.05433659416689651,863.5860648133257,0.08074484825318606,1251.9418047260915,-0.06968006502028401,-1255.0722086367932,0.8005981877251376,7450.583510153223,2.844139413356206,12397.789093329411
1787264100,2026-08-20T22:15:00+00:00,1.675212247243919e-05,1.675212247243919e-05,1.6553883970517226e-05,1.6553883970517226e-05,16752.12247243919,16752.12247243919,16553.883970517225,0.055380922,0.999825043,4.8402925828,87.37471050777,1,1,1,-0.012112673584321554,-202.9703061533546,0.047042156199437635,743.7431156306811,-0.08094872672168052,-1458.0425147901478,1.0816263101346828,8601.50371382928,2.797576607429597,12194.818787176057
1787264160,2026-08-20T22:16:00+00:00,1.6595862867411263e-05,1.6595862867411263e-05,1.6506622898937225e-05,1.6506622898937225e-05,16595.862867411262,16595.862867411262,16506.622898937225,0.169427326,0.58055211,14.80286547262,50.7170323296,1,1,1,-0.0028549838614414513,-47.261071580000134,0.03562170315609081,567.7691180317506,-0.09809983653590981,-1795.4282233702252,0.942386189933879,8008.507032751455,2.7867345875027976,12147.557715596056
1787264280,2026-08-20T22:18:00+00:00,1.639189262218779e-05,1.73498427068215e-05,1.639189262218779e-05,1.73498427068215e-05,16391.89262218779,17349.8427068215,17349.8427068215,2.29982008,0.049188939,200.98362345787,4.29517815348,6,1,4,0.05108372639557701,843.2198078842739,0.09164726068597773,1456.5744949642449,0.1189900451366841,1844.9302348770107,0.3843313194235565,4816.829501539058,2.9801751011034585,12990.77752348033
1787264340,2026-08-20T22:19:00+00:00,1.727639052742348e-05,1.727639052742348e-05,1.727639052742348e-05,1.727639052742348e-05,17276.390527423482,17276.390527423482,17276.390527423482,0,0.26211725,0,22.8802147525,0,1,0,-0.004233593389820101,-73.4521793980166,0.031004402268761,519.5362507529026,0.1142526962783188,1771.478055478994,0.3466930403124373,4447.638903805302,2.9633246581051007,12917.325344082314
1787264400,2026-08-20T22:20:00+00:00,1.7281469932140103e-05,1.7281469932140103e-05,1.7281469932140103e-05,1.7281469932140103e-05,17281.469932140102,17281.469932140102,17281.469932140102,0.203251251,0,17.76009431238,0,1,0,1,0.00029400844514126945,5.079404716620047,0.04395258314717676,727.5859616228772,0.09306236362839271,1471.3290772535584,0.42519519949968343,5155.78361337704,2.96448990902542,12922.404748798934
1787264460,2026-08-20T22:21:00+00:00,1.7326388866555042e-05,1.7340652747465244e-05,1.731944194316066e-05,1.7340652747465244e-05,17326.38886655504,17340.652747465243,17340.652747465243,0.097777777,0.050943184,8.55066659865,4.45447200896,2,1,2,0.0034246401236432966,59.18281532514084,0.05052698263202693,834.0298485280182,0.0879485429648088,1401.7989665597688,0.6745804101489508,6985.430243743953,2.9780668602376474,12981.587564124075
1787264520,2026-08-20T22:22:00+00:00,1.7568084192057035e-05,1.796254851643174e-05,1.74952441884569e-05,1.796254851643174e-05,17568.084192057035,17962.54851643174,17962.54851643174,4.399999999,1.2855857689999999,384.69199991257,112.41128704897,2,2,2,0.03586345785382283,621.8957689664967,0.08820251279795421,1455.9256174945149,0.13019853921742097,2069.280304574486,0.9716032890624213,8851.918291741014,3.120734093419469,13603.483333090571
1787264580,2026-08-20T22:23:00+00:00,1.8736721955817288e-05,1.8736721955817288e-05,1.8723916098370713e-05,1.8723916098370713e-05,18736.721955817287,18736.721955817287,18723.91609837071,0.009777777,0.095008893,0.85487104311,8.30947778178,1,1,1,0.04238638972874531,761.3675819389719,0.0791980316345442,1374.0733915492128,0.17810357497154938,2830.6478865134577,1.0424995415548142,9556.758056260462,3.295397134671675,14364.850915029543
1787264640,2026-08-20T22:24:00+00:00,1.8755398018918018e-05,1.8755398018918018e-05,1.3944444014176372e-05,1.3944444014176372e-05,18755.39801891802,18755.39801891802,13944.444014176372,0.24444444399999998,12.044615718,21.37989329448,1053.92881064355,3,8,3,-0.2552602809734996,-4779.47208419434,-0.19286126392883873,-3331.9465132471105,-0.16783640986898918,-2812.410262494208,0.3302375787212133,3461.7721687595003,2.227635930778832,9624.116593973326
1787264700,2026-08-20T22:25:00+00:00,1.3827275554932147e-05,1.475356376679216e-05,1.3827275554932147e-05,1.475356376679216e-05,13827.275554932146,14753.56376679216,14753.56376679216,2.5494729030000003,0,223.22014681751,0,6,0,4,0.05802452588236662,809.1197526157885,-0.14627842280051295,-2527.906165347942,-0.10875515419411363,-1800.3202037250649,0.0005702522863202386,8.408458526684626,2.4149179753831644,10433.236346589114
1787264820,2026-08-20T22:27:00+00:00,1.5663150023120526e-05,2.1500666412450807e-05,1.5663150023120526e-05,2.1500666412450807e-05,15663.150023120526,21500.666412450806,21500.666412450806,16.562198101,0,1448.89541593068,0,8,0,7,0.4573201941110163,6747.102645658646,0.19697193261760582,3538.1178960190664,0.30254786482310214,4994.043513513581,0.5138158460085398,7297.706079368445,3.9766289267585924,17180.338992247758
1787264880,2026-08-20T22:28:00+00:00,2.2144337852268372e-05,2.4710579702527594e-05,2.2144337852268372e-05,2.4710579702527594e-05,22144.33785226837,24710.579702527593,24710.579702527593,5.589314125,0,488.78560912013,0,7,0,6,0.14929366506602615,3209.9132900767872,0.3197335200982778,5986.663604156882,0.4242538171721897,7360.736995706095,0.722839848992217,10367.644857491267,4.719608098907986,20390.252282324545
1787264940,2026-08-20T22:29:00+00:00,2.6140708503231087e-05,2.8001840375177014e-05,2.5845052234236905e-05,2.7210436428412478e-05,26140.708503231086,28001.840375177013,27210.43642841248,8.940338048,5.109370846,781.75058278599,446.78595474157,4,7,4,0.1011654423319408,2499.8567258848852,0.9513460989014313,13265.992414236107,0.5750070239046925,9934.045900988996,0.8971317043826088,12867.501583376152,5.298234782199364,22890.10900820943
1787265060,2026-08-20T22:31:00+00:00,2.7026235913344254e-05,2.7026235913344254e-05,2.493284065695478e-05,2.5007236673693904e-05,27026.235913344255,27026.235913344255,25007.236673693904,0.600594465,4.037268826,52.47945816024,352.81692270414,3,4,3,-0.08096892383607801,-2203.1997547185747,0.6949963458985464,10253.672906901744,0.44211622468187173,7666.583926228661,0.3147893587263202,5987.279972858389,4.788273489817726,20686.909253490856
1787265120,2026-08-20T22:32:00+00:00,2.5437671568437634e-05,2.5706017885427783e-05,2.5330359202758283e-05,2.5706017885427783e-05,25437.671568437632,25706.017885427784,25706.017885427784,2.164014912,1.073511283,189.09076461495,93.81415102137,9,1,5,0.0279431598481632,698.7812117338799,0.1955916803835298,4205.351472976978,0.43108968429020456,7743.469368996044,0.33246695593953857,6413.968824967476,4.950016141188588,21385.690465224736
1787265180,2026-08-20T22:33:00+00:00,2.5559524174532108e-05,2.6265015499829125e-05,2.5559524174532108e-05,2.5888206401243306e-05,25559.524174532107,26265.015499829125,25888.206401243304,3.558892577,3.164102275,311.10512974843,276.6058208805,4,5,3,0.007087387732613415,182.18851581552008,0.04765678154427322,1177.6266987157105,0.3826277721622564,7164.290302872592,0.3318149002384101,6449.914791343897,4.9921862125965,21567.878981040256
1787265240,2026-08-20T22:34:00+00:00,2.610479577572969e-05,2.6338414680759082e-05,2.610479577572969e-05,2.632201335986615e-05,26104.79577572969,26338.41468075908,26322.013359866152,0.7611292049999999,0.072544478,66.53112622914,6.33893648764,3,1,3,0.016756933713337974,433.80695862284847,-0.03265008523048374,-888.4230685463262,0.8876344824581275,12377.56934568978,0.4613658001179082,8310.08687455878,5.092596879758958,22001.685939663104
1787265300,2026-08-20T22:35:00+00:00,2.514751508730919e-05,2.514751508730919e-05,1.9521363910077238e-05,2.431309132159722e-05,25147.515087309188,25147.515087309188,24313.091321597218,11.034735563,14.792228235000001,964.54524790752,1292.8870012842901,7,4,7,-0.07632098695504752,-2008.9220382689346,-0.10647918545657431,-2897.345106815261,0.6479470117126533,9559.527554805058,0.34983291995055676,6301.164836289845,4.62760387277651,19992.76390139417
1787265360,2026-08-20T22:36:00+00:00,2.446823505512008e-05,3.290374423388096e-05,2.4354038082192667e-05,3.0563557827685545e-05,24468.23505512008,32903.744233880956,30563.557827685545,25.027345242,12.841760415,2186.6256861691,1121.8561898544,23,4,21,0.2570823439689902,6250.466506088327,0.222188529924082,5556.321153991641,1.0716050922204352,15809.994060893385,0.6699525983966443,12261.506705378095,6.074361467318862,26243.230407482497
1787265420,2026-08-20T22:37:00+00:00,3.100488365402802e-05,7.049708690862563e-05,3.100488365402802e-05,6.585718636015985e-05,31004.883654028017,70497.08690862563,65857.18636015985,52.631012844,13.837224977,4596.11066219875,1208.43045789802,48,19,41,1.1547617830180785,35293.6285324743,1.5619365338375863,40151.16847473206,2.063030005526836,44356.519947709035,3.186470981358858,50126.23142140527,14.243563729034381,61536.8589399568
1787265480,2026-08-20T22:38:00+00:00,6.539670386025438e-05,6.539670386025438e-05,4.9064371929465595e-05,5.454346025594521e-05,65396.703860254376,65396.703860254376,54543.46025594521,27.096009807,37.415266529,2366.13922473044,3267.26256877505,77,35,63,-0.17179182302660367,-11313.726104214635,1.1068844790006662,28655.253854701907,1.2072918123554208,29832.880553417617,2.51781800475426,39038.54778400072,11.624844126601351,50223.132835742166
1787265540,2026-08-20T22:39:00+00:00,5.3804776013197794e-05,7.067572692877366e-05,5.3804776013197794e-05,6.651445768614423e-05,53804.77601319779,70675.72692877366,66514.45768614423,43.55773412,32.292159893,3804.4600812077497,2820.46972220357,65,41,46,0.21947631070755524,11970.997430199022,1.5269517485908022,40192.444326278084,1.4444465586259927,39304.02125773176,3.289895722178338,51009.545214199745,14.395698338765763,62194.13026594119
1787265600,2026-08-20T22:40:00+00:00,6.527563504931111e-05,0.00011402056926452061,6.492566569522005e-05,9.675553140746963e-05,65275.63504931111,114020.56926452061,96755.53140746962,111.490645822,84.395971186,9730.76970266575,7365.71419411227,132,117,101,0.45465414247262204,30241.07372132539,2.9795651703706674,72442.4400858724,2.555824312558245,69545.09497905715,5.119839936629329,80945.39055258308,21.39541636474448,92435.20398726658
1787265660,2026-08-20T22:41:00+00:00,0.00010316392659522015,0.00011224704541065204,8.534706759316553e-05,9.28010758615195e-05,103163.92659522015,112247.04541065205,92801.0758615195,71.994728077,75.107662934,6283.94499138141,6555.73555791372,119,88,94,-0.04087058887927153,-3954.455545950128,2.0363309266782097,62237.51803383395,2.7109688316398666,67793.8391878256,4.822318037241417,76862.22208061402,10.100286592353246,84440.83443086596
1787265720,2026-08-20T22:42:00+00:00,9.42449745114057e-05,0.00011311837705481571,8.88280685394691e-05,0.00011108068910680868,94244.9745114057,113118.3770548157,111080.68910680868,45.165064929,32.403176326,3941.86294401435,2827.92443354513,63,47,47,0.19697630739288585,18279.61324528919,0.6866904774724278,45223.50274664884,3.321193955512575,85374.67122138091,5.989165955428624,95187.42089495143,10.38825713177453,101326.72168040759
